"","species","Synurbic","virus","with","without"
"1","Acerodon celebensis","0",9,0.289761815522248,0.293591921196481
"2","Acerodon humilis","0",0,0.163870785505146,0.164479056175689
"3","Acerodon jubatus","0",0,0.280499178997982,0.283572579590481
"4","Acerodon leucotis","0",0,0.204756892419657,0.206655715408736
"5","Acerodon mackloti","0",0,0.201529160663539,0.203921960614337
"6","Aethalops aequalis","0",0,0.315627600351423,0.314712229988618
"7","Aethalops alecto",NA,0,0.321150836750539,0.329767173252505
"8","Alionycteris paucidentata",NA,0,0.289380515741297,0.296705493261926
"9","Ametrida centurio",NA,0,0.369057218175697,0.379836767854114
"10","Amorphochilus schnablii","1",0,0.311151017500272,0.309262898291884
"11","Anoura canishina","0",0,0.0763363602650421,0.0763806655600938
"12","Anoura caudifer","0",4,0.432380143831678,0.431467650530519
"13","Anoura cultrata","1",0,0.363574792004342,0.361683584862096
"14","Anoura fistulata","0",0,0.0955627150161143,0.0946859989161461
"15","Anoura geoffroyi","0",6,0.621784133144611,0.619644432768467
"16","Anoura latidens","0",0,0.305236269183363,0.304136978770613
"17","Anoura luismanueli","0",0,0.276138495571266,0.275039245684928
"18","Anthops ornatus",NA,0,0.215512866610929,0.220143050166192
"19","Antrozous pallidus","1",1,0.418754857982369,0.418123311152352
"20","Aproteles bulmerae","0",0,0.254837923537751,0.25870177424139
"21","Ardops nichollsi","0",0,0.175156058583072,0.173831947057434
"22","Arielulus aureocollaris",NA,0,0.28768268368967,0.293485897319389
"23","Arielulus circumdatus",NA,0,0.331034289302516,0.339567189615399
"24","Arielulus cuprosus",NA,0,0.297290062371304,0.30434738394162
"25","Arielulus societatis","0",0,0.315736024247148,0.314802935466626
"26","Arielulus torquatus",NA,0,0.0649727612917898,0.066641260385817
"27","Ariteus flavescens",NA,0,0.189395687331336,0.192424344023622
"28","Artibeus amplus","0",0,0.314212832717968,0.31305936122219
"29","Artibeus concolor",NA,0,0.36123966587368,0.371418279707809
"30","Artibeus fimbriatus","0",1,0.331610521497592,0.330776159381575
"31","Artibeus fraterculus","1",0,0.31289894726575,0.31095619326001
"32","Artibeus hirsutus","1",0,0.341925676875048,0.339857444675549
"33","Artibeus inopinatus","1",0,0.308795708391533,0.306402136668565
"34","Artibeus jamaicensis","1",12,0.477131957466526,0.476538195618679
"35","Artibeus lituratus","1",21,0.446178443180222,0.445607585750952
"36","Artibeus obscurus","0",4,0.397469479380811,0.397818497945859
"37","Artibeus planirostris","0",16,0.132453364474826,0.133061232212018
"38","Asellia arabica","0",0,0.129632129763593,0.130767927092803
"39","Asellia patrizii","1",0,0.342337399750126,0.339593414683755
"40","Asellia tridens","1",0,0.752352674961664,0.752656615329142
"41","Aselliscus stoliczkanus","0",10,0.579620924809829,0.576391066400076
"42","Aselliscus tricuspidatus","1",0,0.3248022142486,0.322821921302101
"43","Balantiopteryx infusca","1",0,0.291835226414007,0.289870958988323
"44","Balantiopteryx io","0",0,0.296759803467597,0.29609877570535
"45","Balantiopteryx plicata","1",0,0.369241134887208,0.367727170495345
"46","Balionycteris maculata","0",1,0.366834063019908,0.366169835344905
"47","Barbastella barbastellus","1",2,0.566351391107884,0.565062452733299
"48","Barbastella beijingensis","1",0,0.0389313557372092,0.0390593787024718
"49","Barbastella leucomelas","1",0,0.62068196870702,0.618367544566659
"50","Bauerus dubiaquercus","1",2,0.310593914566504,0.308568291956203
"51","Brachyphylla cavernarum","1",0,0.209786505283414,0.206544439355034
"52","Brachyphylla nana","0",0,0.315436297505782,0.314545908049014
"53","Cardioderma cor","1",4,0.426202610618264,0.424860127500341
"54","Carollia benkeithi",NA,0,0.124955623211753,0.127358112487318
"55","Carollia brevicauda","1",6,0.409664634564585,0.408385849861054
"56","Carollia castanea","0",0,0.369072155413211,0.369327278617999
"57","Carollia manu","1",0,0.0956441265435136,0.094502041757329
"58","Carollia perspicillata","1",36,0.445423805873838,0.444775179331889
"59","Carollia sowelli","1",5,0.40536003226289,0.404035258378358
"60","Carollia subrufa","1",0,0.312948094930344,0.310878701819263
"61","Casinycteris argynnis","0",0,0.343532281406199,0.342816443056679
"62","Casinycteris campomaanensis",NA,0,0.0642460578395085,0.0652998063852307
"63","Casinycteris ophiodon","0",0,0.311900059999208,0.311303327669786
"64","Centronycteris centralis","0",0,0.31926772290326,0.318566736889423
"65","Centronycteris maximiliani","0",0,0.3848555749593,0.385873264642985
"66","Centurio senex","0",0,0.369346507813846,0.369209631151152
"67","Chaerephon aloysiisabaudiae","0",0,0.314319951222511,0.313415955487383
"68","Chaerephon ansorgei","1",0,0.397243519956616,0.395299748529482
"69","Chaerephon atsinanana","1",0,0.129293658400592,0.128243263442666
"70","Chaerephon bemmeleni","0",0,0.391753610779838,0.391768306298643
"71","Chaerephon bivittatus","1",0,0.443602102631308,0.441550680580884
"72","Chaerephon bregullae","0",0,0.364275753717424,0.365112038676382
"73","Chaerephon chapini","1",0,0.342799793320763,0.340203918411856
"74","Chaerephon gallagheri","0",0,0.302386249353502,0.30147933516454
"75","Chaerephon jobensis","1",0,0.391010884085237,0.389052959494104
"76","Chaerephon johorensis",NA,0,0.30602347025049,0.313081958296917
"77","Chaerephon major","1",0,0.420289389973774,0.418597435891803
"78","Chaerephon nigeriae","1",0,0.415455949433517,0.413398135445145
"79","Chaerephon plicatus","1",5,0.488891727297098,0.487040703840655
"80","Chaerephon pumilus","1",19,0.559205922891841,0.558222923902319
"81","Chaerephon russatus","0",0,0.370659091194949,0.370193679238467
"82","Chaerephon solomonis","0",0,0.216146732601043,0.214731288573445
"83","Chaerephon tomensis",NA,0,0.172553404832569,0.175539061278747
"84","Chalinolobus dwyeri","1",0,0.323006924993372,0.320781870359246
"85","Chalinolobus gouldii","1",4,0.447146037101971,0.446017121957412
"86","Chalinolobus morio","1",3,0.420244256569329,0.41840029476712
"87","Chalinolobus neocaledonicus","1",0,0.217077593425296,0.214745756242962
"88","Chalinolobus nigrogriseus","1",0,0.351598064187098,0.349225991144359
"89","Chalinolobus picatus","1",0,0.335545156383528,0.333459190084158
"90","Chalinolobus tuberculatus","0",0,0.391242870992777,0.393971526061938
"91","Cheiromeles parvidens","0",0,0.288320389586903,0.287270717669649
"92","Cheiromeles torquatus","1",0,0.366282624001077,0.363344039240662
"93","Chilonatalus micropus","0",0,0.300160225991486,0.299384167564924
"94","Chilonatalus tumidifrons","0",0,0.183703261727835,0.182771598532307
"95","Chiroderma doriae",NA,0,0.307651913895381,0.315720941479741
"96","Chiroderma improvisum",NA,0,0.160063377226655,0.162772911438759
"97","Chiroderma salvini","1",0,0.415454301591121,0.414121172857245
"98","Chiroderma trinitatum","0",0,0.39503216648388,0.395478307193143
"99","Chiroderma villosum","1",0,0.402946103500608,0.401657594492092
"100","Chiroderma vizottoi",NA,0,0.0427236660603216,0.0434925095330768
"101","Chironax melanocephalus","0",0,0.330575765776782,0.329681409541707
"102","Choeroniscus godmani",NA,0,0.379363486408225,0.391052027665094
"103","Choeroniscus minor","0",0,0.382371332312246,0.383034087290056
"104","Choeroniscus periosus",NA,0,0.279323511583423,0.285855791144788
"105","Choeronycteris mexicana","1",0,0.371496710263707,0.370132390917866
"106","Chrotopterus auritus","1",1,0.40645238520263,0.405232453413166
"107","Cistugo lesueuri","1",0,0.318964599989929,0.316682875599203
"108","Cistugo seabrae",NA,0,0.301130892124939,0.308827470576174
"109","Cloeotis percivali","1",0,0.385041659102063,0.382802594919598
"110","Coelops frithii","1",0,0.52075708399142,0.518546848341664
"111","Coelops hirsutus","0",0,0.0346224902781213,0.0346264565020608
"112","Coelops robinsoni","0",0,0.339355279843168,0.338159396240955
"113","Coleura afra","1",10,0.476060389646572,0.4744383178167
"114","Coleura kibomalandy","0",1,0.127400606041835,0.12748825775514
"115","Coleura seychellensis","0",0,0.0708250590340123,0.0702159488042809
"116","Cormura brevirostris","1",0,0.365209317537228,0.363668253863497
"117","Corynorhinus mexicanus","1",0,0.341057928946442,0.339904290580791
"118","Corynorhinus rafinesquii","1",1,0.377602845957562,0.375923525927894
"119","Corynorhinus townsendii","1",1,0.411712490050306,0.410359593726375
"120","Craseonycteris thonglongyai","0",0,0.318832915198829,0.318051309686066
"121","Cynomops abrasus","0",4,0.404407744593004,0.404966084195398
"122","Cynomops greenhalli","1",0,0.352066096747499,0.350358347830874
"123","Cynomops mexicanus","1",0,0.290465583253342,0.288416720709885
"124","Cynomops paranus",NA,0,0.379626422572701,0.389924147832512
"125","Cynomops planirostris","1",3,0.403879461956936,0.402951716248952
"126","Cynopterus brachyotis","0",12,0.418693382564113,0.418763504514089
"127","Cynopterus horsfieldii","0",1,0.367216958651026,0.3668774983112
"128","Cynopterus luzoniensis",NA,0,0.295798260832562,0.301740513166566
"129","Cynopterus minutus",NA,0,0.354693807280924,0.362518949358318
"130","Cynopterus nusatenggara",NA,0,0.216930774593906,0.220916446859201
"131","Cynopterus sphinx","1",11,0.48899412837399,0.487796208746557
"132","Cynopterus titthaecheilus","1",0,0.327509374201482,0.325301682917024
"133","Cyttarops alecto","0",0,0.300748712490747,0.300307189348408
"134","Dermanura anderseni","0",0,0.376447082138893,0.376557021616207
"135","Dermanura aztecus","1",0,0.331687912387459,0.329576436131664
"136","Dermanura bogotensis","0",0,0.0924978365187051,0.0913424907513248
"137","Dermanura cinereus","0",0,0.351901175527521,0.351536616449342
"138","Dermanura glaucus","0",1,0.397576072512343,0.398146715794962
"139","Dermanura gnomus","0",0,0.373729644893188,0.373471384385027
"140","Dermanura incomitatus","0",0,0.297895459513932,0.296616269267359
"141","Dermanura phaeotis","0",4,0.350091504116329,0.349290888047886
"142","Dermanura rava",NA,0,0.0893223080806698,0.0901518806107943
"143","Dermanura rosenbergii","0",0,0.0938887106131694,0.0926916993642196
"144","Dermanura toltecus","1",1,0.369218683981416,0.367176935237549
"145","Dermanura watsoni","0",0,0.297895459513932,0.296616269267359
"146","Desmalopex leucopterus","0",0,0.279001526181012,0.281689281592261
"147","Desmalopex microleucopterus",NA,0,0.0478846886897067,0.0487579987357697
"148","Desmodus rotundus","1",40,0.490937989927524,0.486858214682991
"149","Diaemus youngi","0",3,0.405676528887835,0.405933867497622
"150","Diclidurus albus","0",1,0.408799398393768,0.409182001881813
"151","Diclidurus ingens","1",0,0.3459609797845,0.343978467260029
"152","Diclidurus isabellus",NA,0,0.299306793005119,0.306512736495721
"153","Diclidurus scutatus","0",0,0.364465633594379,0.364577275937184
"154","Diphylla ecaudata","1",5,0.395778547258156,0.394513250097976
"155","Dobsonia anderseni","1",0,0.289532799540141,0.288964498113776
"156","Dobsonia beauforti","0",0,0.233162143246091,0.231795723434553
"157","Dobsonia chapmani","0",0,0.0841319471656665,0.0856588601849408
"158","Dobsonia crenulata","0",0,0.215542144591421,0.214180332551311
"159","Dobsonia emersa","0",0,0.222669372038749,0.221363511454337
"160","Dobsonia exoleta","0",0,0.306642354427932,0.307107585727534
"161","Dobsonia inermis","0",0,0.224727884417595,0.22358859110512
"162","Dobsonia minor","0",0,0.325805120779971,0.325066210870234
"163","Dobsonia moluccensis","1",7,0.231909205515309,0.232738095908062
"164","Dobsonia pannietensis","0",0,0.207627633273122,0.206991700052237
"165","Dobsonia peronii","0",0,0.235319703081378,0.234106739489882
"166","Dobsonia praedatrix","0",0,0.219239987564842,0.218145835676513
"167","Dobsonia viridis","0",0,0.30792144920453,0.307167472988001
"168","Dryadonycteris capixaba","0",0,0.0745926262137706,0.0743336875910604
"169","Dyacopterus brooksi","0",0,0.31727698219153,0.316127612398877
"170","Dyacopterus rickarti","0",0,0.0386366145673084,0.0388063536746184
"171","Dyacopterus spadiceus","0",1,0.319239860904162,0.318003453266776
"172","Ectophylla alba","0",0,0.301585259278665,0.301132339421487
"173","Eidolon dupreanum","0",2,0.312905149745736,0.314413278257722
"174","Eidolon helvum","0",206,0.841176132198229,0.843616488950052
"175","Emballonura alecto","1",0,0.343266697443948,0.341564502150308
"176","Emballonura atrata","0",0,0.305025850488289,0.304318080004526
"177","Emballonura beccarii","0",0,0.294068977448355,0.293660026314034
"178","Emballonura dianae","0",0,0.304086393271583,0.30365289030127
"179","Emballonura furax","1",0,0.303242446751662,0.301498873132139
"180","Emballonura monticola","1",0,0.379275381536355,0.377655517621217
"181","Emballonura raffrayana","0",0,0.297214861170264,0.296799917317488
"182","Emballonura semicaudata","0",0,0.314439935453047,0.315459933223325
"183","Emballonura serii","0",0,0.20075568485769,0.199552869979717
"184","Emballonura tiavato","0",0,0.0778393089903548,0.0766900346885712
"185","Enchisthenes hartii","0",0,0.48018587006601,0.480121967085592
"186","Eonycteris major","0",0,0.324874276517314,0.323880295275651
"187","Eonycteris robusta","0",0,0.307075975989427,0.306176528619596
"188","Eonycteris spelaea","0",26,0.494187308593105,0.494646139120233
"189","Epomophorus angolensis",NA,0,0.313623969654895,0.322796262626532
"190","Epomophorus anselli",NA,0,0.0980813096257183,0.099110094163751
"191","Epomophorus crypturus","0",0,0.361909142172615,0.361622710650493
"192","Epomophorus gambianus","0",7,0.423498916742263,0.423588625520274
"193","Epomophorus grandis",NA,0,0.297180229621053,0.305104116784305
"194","Epomophorus labiatus","0",7,0.446868086103834,0.447506807387986
"195","Epomophorus minimus",NA,0,0.391037838780964,0.402626476162641
"196","Epomophorus wahlbergi","1",1,0.452286300196978,0.450485453078994
"197","Epomops buettikoferi","0",1,0.316468837842955,0.316072415066539
"198","Epomops dobsonii","0",1,0.345237640930476,0.344533248868911
"199","Epomops franqueti","0",12,0.428137162234656,0.428207772302378
"200","Eptesicus andinus",NA,0,0.437740302055861,0.449228110417465
"201","Eptesicus bobrinskoi",NA,0,0.398195101247574,0.411825894142172
"202","Eptesicus bottae","1",0,0.44982914810661,0.448063835185764
"203","Eptesicus brasiliensis","1",1,0.424275053692709,0.423645718998454
"204","Eptesicus chiriquinus",NA,0,0.34624013139586,0.354465098412063
"205","Eptesicus diminutus",NA,2,0.364506181035492,0.374313600042558
"206","Eptesicus dimissus",NA,0,0.397591432276623,0.41087868845059
"207","Eptesicus floweri",NA,0,0.30592855834876,0.313718920498566
"208","Eptesicus furinalis","1",3,0.427869612843604,0.426753052530207
"209","Eptesicus fuscus","1",45,0.513620059840103,0.512449714280659
"210","Eptesicus gobiensis","1",0,0.47554582039347,0.471708608852134
"211","Eptesicus guadeloupensis","0",0,0.156726412592533,0.155402907536484
"212","Eptesicus hottentotus","1",1,0.389861846550882,0.387669697044044
"213","Eptesicus innoxius","1",0,0.287827416499522,0.286126805745731
"214","Eptesicus isabellinus","1",13,0.216196299165557,0.214292378530874
"215","Eptesicus japonensis","1",2,0.437656685190225,0.438497656498404
"216","Eptesicus kobayashii",NA,0,0.0747275241701926,0.0770516280053808
"217","Eptesicus lobatus","1",0,0.079134763816982,0.0790388085826746
"218","Eptesicus nasutus","1",0,0.452063467272125,0.448165031717041
"219","Eptesicus nilssonii","1",6,0.514203293029265,0.513474276492733
"220","Eptesicus pachyomus","1",0,0.118163004476044,0.118116671634635
"221","Eptesicus pachyotis","0",0,0.343188483705676,0.342233914269236
"222","Eptesicus platyops",NA,0,0.303592639939641,0.310995352556022
"223","Eptesicus serotinus","1",24,0.511621659730656,0.510363711407429
"224","Eptesicus tatei",NA,0,0.372146402273934,0.382852822813487
"225","Erophylla bombifrons","0",0,0.317251915878663,0.316598785411613
"226","Erophylla sezekorni","0",0,0.331183376678558,0.330282908196982
"227","Euderma maculatum","0",1,0.42857046716732,0.429022704286985
"228","Eudiscoderma thongareeae","1",0,0.0697183895558487,0.069645822413734
"229","Eudiscopus denticulus","0",0,0.307156490959838,0.306110121177233
"230","Eumops auripendulus","1",1,0.427529059588494,0.427379844131417
"231","Eumops bonariensis","1",1,0.428586763053552,0.428646696813855
"232","Eumops chiribaya","1",0,0.0350491417623183,0.0350786595766592
"233","Eumops dabbenei","1",0,0.355849588096123,0.354017156809206
"234","Eumops ferox","1",0,0.0802520360169442,0.0793458816019665
"235","Eumops floridanus","1",0,0.111045821567459,0.109480262713012
"236","Eumops glaucinus","1",2,0.46048761394411,0.459115102845133
"237","Eumops hansae","0",0,0.357879844747693,0.357846006616913
"238","Eumops maurus","1",0,0.300897658223184,0.298776036215303
"239","Eumops patagonicus","1",1,0.338790999605638,0.336980348303912
"240","Eumops perotis","1",1,0.476871478759439,0.476274623391309
"241","Eumops trumbulli","1",0,0.374508207260489,0.372867606771891
"242","Eumops underwoodi","0",0,0.354796444530959,0.354203920503619
"243","Eumops wilsoni","1",0,0.120880315918289,0.119463401939447
"244","Falsistrellus affinis","1",0,0.365313984384538,0.362624831772247
"245","Falsistrellus mackenziei","0",1,0.305848222902394,0.304562691578829
"246","Falsistrellus mordax",NA,0,0.0721725362075646,0.0743348761902514
"247","Falsistrellus petersi","1",0,0.352910656658129,0.350488608319661
"248","Falsistrellus tasmaniensis","1",0,0.327202890276434,0.324896868914614
"249","Furipterus horrens","0",0,0.399244506801837,0.400029227336804
"250","Glauconycteris alboguttata","0",0,0.313269359441201,0.312387480524498
"251","Glauconycteris argentata","0",1,0.40594810553376,0.405893368948204
"252","Glauconycteris beatrix","0",0,0.31117998207698,0.310203496924843
"253","Glauconycteris curryae",NA,0,0.285869153107999,0.291739193706903
"254","Glauconycteris egeria","0",0,0.309785055313134,0.308896560993696
"255","Glauconycteris gleni","0",0,0.310002078787475,0.308976460477766
"256","Glauconycteris humeralis","0",0,0.306136525080106,0.30496590174849
"257","Glauconycteris kenyacola","0",0,0.305723801998131,0.30482587641234
"258","Glauconycteris machadoi",NA,0,0.287481876867087,0.293588891333116
"259","Glauconycteris poensis","0",0,0.355441087608223,0.355081015660017
"260","Glauconycteris superba","0",0,0.311766810556916,0.310671863089546
"261","Glauconycteris variegata","1",1,0.478734408794641,0.477057159322141
"262","Glischropus aquilus","0",0,0.0350143095044055,0.0350811737989193
"263","Glischropus bucephalus","0",0,0.0827020884762479,0.0827427970775226
"264","Glischropus javanus","0",0,0.0685969614019479,0.0682141430561015
"265","Glischropus tylopus","0",0,0.387710295014382,0.388366720388854
"266","Glossophaga commissarisi","1",1,0.397570905305147,0.39623884905573
"267","Glossophaga leachii","1",0,0.312193457254195,0.310241099218261
"268","Glossophaga longirostris","1",0,0.319499472681343,0.317483601148516
"269","Glossophaga morenoi","1",0,0.315012105183296,0.313318346710443
"270","Glossophaga soricina","1",14,0.506574247684301,0.506289254942496
"271","Glyphonycteris behnii",NA,0,0.320117575580573,0.328075747555043
"272","Glyphonycteris daviesi","0",0,0.368466791666383,0.369000583706391
"273","Glyphonycteris sylvestris","0",0,0.380094536278145,0.38041220089054
"274","Haplonycteris fischeri","0",0,0.337140941309966,0.337069519772207
"275","Harpiocephalus harpia","0",0,0.417763964196121,0.417549523494075
"276","Harpiocephalus mordax","0",0,0.417763964196121,0.417549523494075
"277","Harpiola grisea",NA,0,0.0932092217188103,0.0966668847095268
"278","Harpiola isodon",NA,0,0.0756494226548727,0.0771244691449552
"279","Harpyionycteris celebensis",NA,0,0.318801068565993,0.32714265815984
"280","Harpyionycteris whiteheadi","0",0,0.326878153228454,0.326559676247668
"281","Hesperoptenus blanfordi","0",0,0.313811462380564,0.312944682378746
"282","Hesperoptenus doriae","0",0,0.302584438808417,0.301675829193517
"283","Hesperoptenus gaskelli","0",0,0.293454030850577,0.292534927445581
"284","Hesperoptenus tickelli","0",0,0.361887869082584,0.361332790261437
"285","Hesperoptenus tomesi","0",0,0.318251645945512,0.317397825800814
"286","Hipposideros abae","0",5,0.433931569599255,0.434119134202697
"287","Hipposideros alongensis","0",0,0.0734966946470294,0.0738162177859114
"288","Hipposideros armiger","1",42,0.543193854175905,0.541160231578272
"289","Hipposideros ater","1",0,0.542570821810921,0.5405630559667
"290","Hipposideros beatus","1",1,0.36718589176869,0.364969323419337
"291","Hipposideros bicolor","0",1,0.409084342006506,0.409128848509803
"292","Hipposideros boeadii",NA,0,0.0961552280500485,0.0969989768576238
"293","Hipposideros breviceps","0",0,0.188523878438162,0.188194161590102
"294","Hipposideros caffer","1",30,0.685743991694747,0.6825393327779
"295","Hipposideros calcaratus","1",0,0.322974076224441,0.320572524652809
"296","Hipposideros camerunensis",NA,0,0.309656492431623,0.317570825967196
"297","Hipposideros cervinus","1",6,0.51438358406713,0.514939954085501
"298","Hipposideros cineraceus","0",5,0.441525205171659,0.440506974732654
"299","Hipposideros commersoni","0",8,0.616607723420691,0.613424716867567
"300","Hipposideros coronatus","0",0,0.221346064664801,0.220137194253482
"301","Hipposideros corynophyllus","0",0,0.336370996483054,0.334246766920173
"302","Hipposideros coxi","0",0,0.327441426855905,0.325966612592799
"303","Hipposideros crumeniferus",NA,0,0.226438470769324,0.231260563742169
"304","Hipposideros curtus","1",0,0.315303296294851,0.312522836403965
"305","Hipposideros cyclops","1",6,0.434318170557373,0.432013422298389
"306","Hipposideros demissus","0",0,0.227192407958352,0.225569119267306
"307","Hipposideros diadema","1",7,0.456473518498359,0.453823657268985
"308","Hipposideros dinops","0",0,0.231077873519888,0.229713465055506
"309","Hipposideros doriae",NA,0,0.317763989287491,0.325085887855586
"310","Hipposideros durgadasi","0",0,0.316419622770825,0.315429296982899
"311","Hipposideros dyacorum","0",0,0.316271877427004,0.315117650943139
"312","Hipposideros edwardshilli","0",0,0.29674015382166,0.295345209550264
"313","Hipposideros einnaythu","1",0,0.0487983823563132,0.0485333078328032
"314","Hipposideros fuliginosus","0",1,0.376459942446969,0.375622001382107
"315","Hipposideros fulvus","1",0,0.524589218573808,0.522606212294316
"316","Hipposideros galeritus","1",4,0.43923954920976,0.436054387295545
"317","Hipposideros gigas","0",21,0.545667736639368,0.545669871348219
"318","Hipposideros grandis",NA,4,0.323515222144584,0.329787568663879
"319","Hipposideros griffini","0",0,0.0485735846997602,0.0483949826627454
"320","Hipposideros halophyllus","0",0,0.0898192861630446,0.089144990491453
"321","Hipposideros hypophyllus","0",0,0.263346141738943,0.264578280031634
"322","Hipposideros inexpectatus","0",0,0.318631980746489,0.31749247678944
"323","Hipposideros inornatus","1",0,0.337176874587976,0.334181710792119
"324","Hipposideros jonesi","1",0,0.377565133810276,0.374793638187515
"325","Hipposideros khaokhouayensis",NA,0,0.112312720122809,0.114868476719188
"326","Hipposideros lamottei","1",0,0.317641853868632,0.315039043495333
"327","Hipposideros lankadiva","1",0,0.456783771128022,0.45454910716575
"328","Hipposideros larvatus","1",45,0.548635502421126,0.546620501268265
"329","Hipposideros lekaguli","0",11,0.333401814019417,0.332240295515255
"330","Hipposideros lylei","0",0,0.341321995290247,0.340022272711256
"331","Hipposideros macrobullatus","0",0,0.233742697704272,0.232332728272948
"332","Hipposideros madurae","0",0,0.0946392846252989,0.094511232330726
"333","Hipposideros maggietaylorae","1",0,0.321893864939722,0.319302440290043
"334","Hipposideros marisae","1",0,0.31436188293387,0.312087825186993
"335","Hipposideros megalotis","1",0,0.335872073077361,0.333177441334792
"336","Hipposideros muscinus","0",0,0.311481658433421,0.310470241418744
"337","Hipposideros nequam",NA,0,0.299199042901153,0.306736200875737
"338","Hipposideros obscurus","1",0,0.326245082400318,0.3238676147511
"339","Hipposideros orbiculus",NA,0,0.307482758654637,0.312840430624908
"340","Hipposideros papua","0",0,0.324642012342952,0.323744689404569
"341","Hipposideros pelingensis","0",0,0.21380009117117,0.21234008223829
"342","Hipposideros pendelburyi","0",0,0.0654324867912352,0.0657820929663192
"343","Hipposideros pomona","1",36,0.513143516489622,0.511213319123309
"344","Hipposideros pratti","0",10,0.910037250567624,0.913246644267607
"345","Hipposideros pygmaeus","0",0,0.321073033662001,0.3198619500192
"346","Hipposideros ridleyi","1",0,0.333401653283889,0.330493157812531
"347","Hipposideros rotalis","0",0,0.315816551241685,0.314195205462895
"348","Hipposideros ruber","1",24,0.542757785934195,0.539560137367762
"349","Hipposideros scutinares","0",0,0.102230572190392,0.102032430096038
"350","Hipposideros semoni","1",0,0.327955392966245,0.325314453700462
"351","Hipposideros sorenseni","0",0,0.0894233377875958,0.0891597524692893
"352","Hipposideros speoris","1",0,0.503184663516338,0.502202454343713
"353","Hipposideros stenotis","1",0,0.326977487971013,0.324377218371505
"354","Hipposideros sumbae","1",0,0.221145810555377,0.218924456612054
"355","Hipposideros thomensis","1",0,0.188705322403404,0.186497620670374
"356","Hipposideros turpis","1",2,0.390279960054742,0.38700797189711
"357","Hipposideros vittatus","1",5,0.494251036084934,0.491344682864841
"358","Hipposideros wollastoni","0",0,0.326916982163531,0.325830391621487
"359","Histiotus alienus",NA,0,0.294153442312895,0.300832879039233
"360","Histiotus humboldti",NA,0,0.106981153078876,0.108539063970761
"361","Histiotus laephotis","1",0,0.331521846102822,0.329189871407892
"362","Histiotus macrotus","1",1,0.456145605095952,0.45131640259562
"363","Histiotus magellanicus","0",0,0.311040627697288,0.309669625909611
"364","Histiotus montanus","1",1,0.507302315264765,0.504811344400545
"365","Histiotus velatus","1",1,0.380941049367969,0.379504114743884
"366","Hsunycteris cadenai",NA,0,0.0699352047298112,0.070936145443511
"367","Hsunycteris pattoni",NA,0,0.0703982315081086,0.0714389306444997
"368","Hsunycteris thomasi","0",1,0.395593530722019,0.396251829837509
"369","Hylonycteris underwoodi","1",0,0.353691261994978,0.351688420172191
"370","Hypsignathus monstrosus","0",6,0.394329785131088,0.397355760401858
"371","Hypsugo anchietae","0",0,0.361915840348889,0.361589548282842
"372","Hypsugo bemainty",NA,0,0.108381229871781,0.109994936654114
"373","Hypsugo dolichodon","0",0,0.049365876291601,0.0492513967891632
"374","Hypsugo lanzai",NA,0,0.0378903571784286,0.0388079116337698
"375","Ia io","0",12,0.442095265337423,0.441797063721783
"376","Idionycteris phyllotis","1",0,0.433776645834293,0.431226072592514
"377","Kerivoula africana","0",0,0.109560382243692,0.108942591993351
"378","Kerivoula agnella",NA,0,0.206216391180732,0.210205649441364
"379","Kerivoula argentata","1",1,0.41283565848559,0.410682656619836
"380","Kerivoula cuprosa","0",0,0.322735550025599,0.32204622757937
"381","Kerivoula eriophora",NA,0,0.29649999678239,0.303881924935266
"382","Kerivoula flora",NA,0,0.31199987662332,0.320054944134756
"383","Kerivoula hardwickii","1",0,0.487130762898277,0.486151487464009
"384","Kerivoula intermedia",NA,0,0.297371746198642,0.304414594753982
"385","Kerivoula kachinensis",NA,0,0.092062384042713,0.0933093874608863
"386","Kerivoula krauensis",NA,0,0.0910710096724594,0.0923755275413757
"387","Kerivoula lanosa","0",0,0.472212165829298,0.4732120821812
"388","Kerivoula lenis",NA,0,0.117951415856405,0.120053418954929
"389","Kerivoula minuta",NA,0,0.299683312102027,0.306607445083196
"390","Kerivoula muscina","0",0,0.305530627845224,0.304883245398744
"391","Kerivoula myrella",NA,0,0.207765584440394,0.212200074720369
"392","Kerivoula papillosa","0",0,0.340291116018743,0.339364204804387
"393","Kerivoula pellucida","0",0,0.345019421467593,0.344414895113828
"394","Kerivoula phalaena",NA,0,0.303539670552675,0.311128298122188
"395","Kerivoula picta","1",0,0.469400659348232,0.468022511822785
"396","Kerivoula smithii",NA,0,0.326606286484115,0.335687567118093
"397","Kerivoula titania",NA,2,0.0914715561102394,0.0927208102154453
"398","Kerivoula whiteheadi","0",0,0.315878600967307,0.315111191139717
"399","Laephotis angolensis",NA,0,0.290757595485909,0.297030458704302
"400","Laephotis botswanae","0",0,0.339664719430332,0.33887605335374
"401","Laephotis namibensis","0",0,0.300962872301062,0.299827848818205
"402","Laephotis wintoni","0",0,0.40289524221131,0.40247003902592
"403","Lampronycteris brachyotis","1",0,0.384497695288416,0.383245597329422
"404","Lasionycteris noctivagans","1",2,0.352624945047159,0.352374986391222
"405","Lasiurus atratus","0",0,0.11025425887052,0.109308366365346
"406","Lasiurus blossevillii","1",1,0.463835859038747,0.461132410089167
"407","Lasiurus borealis","0",1,0.364186974056447,0.364536598440656
"408","Lasiurus castaneus",NA,0,0.291340240869573,0.298114217231785
"409","Lasiurus cinereus","1",2,0.718083951970696,0.714040144872248
"410","Lasiurus degelidus","0",0,0.203267363648243,0.20129385587795
"411","Lasiurus ebenus",NA,0,0.283360903689201,0.288756184250384
"412","Lasiurus ega","1",1,0.489373439831164,0.486959897149557
"413","Lasiurus egregius",NA,0,0.298465130266298,0.305528242612347
"414","Lasiurus insularis","0",0,0.286739640544531,0.285488435107091
"415","Lasiurus intermedius","0",1,0.346975609855629,0.347171135773845
"416","Lasiurus minor","0",0,0.28801641229546,0.286816444191534
"417","Lasiurus pfeifferi","0",0,0.268577182580889,0.26767377687962
"418","Lasiurus seminolus","0",1,0.362454480209542,0.361843517719051
"419","Lasiurus varius","0",0,0.142882257700366,0.142562569090493
"420","Lasiurus xanthinus","0",1,0.32577124102518,0.324932363750359
"421","Latidens salimalii","0",0,0.296362984455371,0.296141610544538
"422","Lavia frons","1",0,0.497261950631155,0.497528767497023
"423","Leptonycteris curasoae","0",0,0.306616265955119,0.305918092140561
"424","Leptonycteris nivalis","1",1,0.464614387008274,0.460881252813838
"425","Leptonycteris yerbabuenae","0",0,0.339796805878587,0.339445161797375
"426","Lichonycteris obscura","0",1,0.387215013774872,0.387993388820428
"427","Lionycteris spurrelli","0",0,0.38777684586812,0.387554228808273
"428","Lonchophylla bokermanni","1",0,0.301731910605975,0.299653190289338
"429","Lonchophylla chocoana",NA,0,0.0976592686138714,0.0985003531783906
"430","Lonchophylla concava","1",0,0.127632323137403,0.126512036739217
"431","Lonchophylla dekeyseri","1",0,0.299454668659008,0.297475826042021
"432","Lonchophylla fornicata","1",0,0.0717386880914386,0.0714239482236593
"433","Lonchophylla handleyi","0",0,0.289482317677565,0.288480453150939
"434","Lonchophylla hesperia","1",0,0.298411002156239,0.296580859563017
"435","Lonchophylla inexpectata",NA,0,0.0343390610902585,0.0350797615398701
"436","Lonchophylla mordax","0",0,0.390111170342354,0.390489688108666
"437","Lonchophylla orcesi",NA,0,0.0976587164879764,0.0985003531783906
"438","Lonchophylla orienticollina","0",0,0.073245840618171,0.0730219546340281
"439","Lonchophylla peracchii",NA,0,0.105201357248776,0.106842066874662
"440","Lonchophylla robusta","1",0,0.342401571422841,0.340485423120601
"441","Lonchophylla thomasi","0",0,0.395593530722019,0.396251829837509
"442","Lonchorhina aurita","1",1,0.40600469010957,0.404898027983191
"443","Lonchorhina fernandezi","0",0,0.284945453437217,0.284223550023925
"444","Lonchorhina inusitata","0",0,0.310744211851521,0.309726880304862
"445","Lonchorhina marinkellei","0",0,0.28824175977326,0.287520836169781
"446","Lonchorhina orinocensis","0",0,0.299892054682334,0.299007474026112
"447","Lophostoma aequatorialis","0",0,0.117575545864684,0.117727433210855
"448","Lophostoma brasiliense","0",0,0.401684080132139,0.402070224939459
"449","Lophostoma carrikeri","0",0,0.372080006131658,0.372054511877484
"450","Lophostoma evotis","1",0,0.310285453052361,0.30814760477054
"451","Lophostoma kalkoae","0",0,0.0853897805378893,0.0852081189463457
"452","Lophostoma schulzi",NA,0,0.290269959987704,0.297110890737352
"453","Lophostoma silvicolum","0",0,0.410270779380399,0.411422433722013
"454","Lophostoma yasuni","0",0,0.372080006131658,0.372054511877484
"455","Macroderma gigas","1",0,0.342319018433193,0.339711221202606
"456","Macroglossus minimus","1",3,0.447762661227283,0.445438104635675
"457","Macroglossus sobrinus","1",2,0.434020242491539,0.431205451552467
"458","Macrophyllum macrophyllum","1",0,0.420045020586555,0.419446363528681
"459","Macrotus californicus","1",1,0.356560860160064,0.353802358812538
"460","Macrotus waterhousii","1",0,0.398819416530388,0.396863393621023
"461","Megaderma lyra","1",5,0.443761100773994,0.44189734532316
"462","Megaderma spasma","1",0,0.460494243009749,0.458866952603614
"463","Megaerops ecaudatus",NA,0,0.435435186190521,0.444506298211917
"464","Megaerops kusnotoi","0",3,0.158545889991256,0.157941242743221
"465","Megaerops niphanae",NA,1,0.333345505125475,0.34062959558938
"466","Megaerops wetmorei","0",0,0.297035297664427,0.296005358099326
"467","Megaloglossus azagnyi","1",0,0.134610428487683,0.133573627349404
"468","Megaloglossus woermanni","1",10,0.44470426772977,0.441822976633699
"469","Melonycteris fardoulisi","0",0,0.215154433506082,0.213692754455157
"470","Melonycteris melanops","0",0,0.218339212463975,0.217297191354962
"471","Melonycteris woodfordi","0",0,0.22077583235851,0.219735920388161
"472","Mesophylla macconnelli","0",2,0.395942131643736,0.396605993894798
"473","Micronycteris brosseti","0",0,0.282650628480567,0.281496405654296
"474","Micronycteris buriri","0",0,0.0825506087910583,0.0822554129075463
"475","Micronycteris giovanniae",NA,0,0.0838860961138541,0.0852061286633614
"476","Micronycteris hirsuta","1",0,0.366812784777928,0.365436440429351
"477","Micronycteris matses","0",0,0.278474283905792,0.277382189624565
"478","Micronycteris megalotis","1",0,0.393835886557562,0.392245003290651
"479","Micronycteris microtis","1",0,0.367102753991513,0.36533998478046
"480","Micronycteris minuta","1",0,0.385689043739643,0.384323748222869
"481","Micronycteris sanborni","0",0,0.284389277774164,0.283181326839528
"482","Micronycteris schmidtorum","1",0,0.367602768816917,0.366021597698506
"483","Micronycteris yatesi",NA,0,0.0712778524354482,0.0723506553084401
"484","Micropteropus intermedius","0",0,0.313698674668653,0.312736416047649
"485","Micropteropus pusillus","0",10,0.469251362843754,0.469846542747291
"486","Mimetillus moloneyi","1",0,0.464327558778067,0.462164689762434
"487","Mimon bennettii","1",0,0.360315031941948,0.358471497624017
"488","Mimon cozumelae","1",0,0.352766632868709,0.350535236201726
"489","Mimon crenulatum","0",0,0.411251226665215,0.411715250486126
"490","Mimon koepckeae",NA,0,0.276964644261389,0.282422485229313
"491","Miniopterus aelleni","0",0,0.117711273925632,0.119770397147655
"492","Miniopterus ambohitrensis","0",0,0.11635144545305,0.118009134179282
"493","Miniopterus australis","1",3,0.68243955444455,0.676126798050554
"494","Miniopterus brachytragos","0",0,0.117708318405136,0.11974091313669
"495","Miniopterus egeri","0",0,0.138594554221954,0.141609778598507
"496","Miniopterus fraterculus","1",0,0.494929984226226,0.484945388024569
"497","Miniopterus fuliginosus","0",50,1.20741476240539,1.22891437464181
"498","Miniopterus fuscus","1",8,0.353361542156728,0.350446803945774
"499","Miniopterus gleni","0",2,0.380729547314506,0.389366103318632
"500","Miniopterus griffithsi","0",0,0.126848300120461,0.129021294100161
"501","Miniopterus griveaudi","0",3,0.102101826911822,0.104480913762651
"502","Miniopterus inflatus","1",20,0.66697070502313,0.656129332728998
"503","Miniopterus macrocneme","0",0,0.607065054980334,0.621447255631479
"504","Miniopterus maghrebensis","0",0,0.166970483179781,0.170460219466379
"505","Miniopterus magnater","0",35,0.567340051614949,0.579291955266731
"506","Miniopterus mahafaliensis","0",1,0.123877512908063,0.126297248668195
"507","Miniopterus majori","0",0,0.436719016041124,0.448439252658929
"508","Miniopterus manavi","0",0,0.383341656662365,0.392740700601785
"509","Miniopterus medius","0",0,0.485372193593198,0.49560319349317
"510","Miniopterus minor","0",3,0.388419443028096,0.397492520634805
"511","Miniopterus mossambicus","1",2,0.0463542150241209,0.0464712324628869
"512","Miniopterus natalensis","1",18,0.183020838281669,0.179212678204855
"513","Miniopterus newtoni","0",0,0.133268348251917,0.135718614885326
"514","Miniopterus oceanensis",NA,0,0.0445149234006186,0.0464712324628869
"515","Miniopterus paululus","0",0,0.0718626768936542,0.0730807920797329
"516","Miniopterus petersoni","0",0,0.111817815505143,0.114852150124519
"517","Miniopterus pusillus","1",11,0.468692789760923,0.460196662452324
"518","Miniopterus robustior","0",0,0.217132934875961,0.222346925490955
"519","Miniopterus schreibersii","1",136,1.26296770547718,1.22891437464181
"520","Miniopterus shortridgei",NA,0,0.104174202705005,0.108244106729457
"521","Miniopterus sororculus","1",2,0.152851973780216,0.149607809826677
"522","Miniopterus tristis","0",0,0.431513613015475,0.440589057797096
"523","Mirimiri acrodonta",NA,0,0.301082368386043,0.310400356877716
"524","Molossops aequatorianus","0",0,0.298512816660749,0.297532286553739
"525","Molossops mattogrossensis","0",0,0.359322158493581,0.359366332808358
"526","Molossops neglectus","1",1,0.379163868266829,0.377892954795208
"527","Molossops temminckii","1",0,0.399304856165308,0.398887114821265
"528","Molossus alvarezi",NA,0,0.0838971585165689,0.0852137934056618
"529","Molossus aztecus","1",0,0.310352644756835,0.308345126004638
"530","Molossus barnesi","1",0,0.36817062896588,0.366912411305039
"531","Molossus coibensis","1",2,0.36817062896588,0.366912411305039
"532","Molossus currentium","1",1,0.337544577541494,0.335754319461931
"533","Molossus molossus","1",18,0.490321669548012,0.488841231855986
"534","Molossus pretiosus","1",1,0.394473349422091,0.393341889304897
"535","Molossus rufus","1",9,0.473686347324696,0.473267939504308
"536","Molossus sinaloae","1",1,0.359069038140267,0.357394327519107
"537","Monophyllus plethodon","0",0,0.0537110001368889,0.0530863430519833
"538","Monophyllus redmani","0",0,0.311838308340413,0.310899381183688
"539","Mops bakarii","1",0,0.0752710651030332,0.0749550391141511
"540","Mops brachypterus","1",0,0.418363022743408,0.416186569123901
"541","Mops condylurus","1",21,0.542268383209049,0.540046827683264
"542","Mops congicus","0",0,0.329302298347668,0.328787570483802
"543","Mops demonstrator","0",0,0.321661447554129,0.321014956731763
"544","Mops leucostigma","1",1,0.314497200837693,0.311881382433336
"545","Mops midas","1",4,0.434331659607135,0.433670129841743
"546","Mops mops","0",0,0.313159958796563,0.312080225229458
"547","Mops nanulus","1",0,0.410242881247852,0.40832434644725
"548","Mops niangarae","0",0,0.308421475618995,0.307657503900246
"549","Mops niveiventer","1",0,0.422000926787644,0.420062893251473
"550","Mops petersoni",NA,0,0.296280548868038,0.303393892997923
"551","Mops sarasinorum",NA,0,0.292994527256841,0.29999876155158
"552","Mops spurrelli","0",0,0.33141618672273,0.329973868971459
"553","Mops thersites","1",0,0.41391633419919,0.411921709617715
"554","Mops trevori","0",0,0.321100016791975,0.320476359881679
"555","Mormoops blainvillei","0",0,0.316892224071144,0.316021730672722
"556","Mormoops megalophylla","1",0,0.418531007637736,0.417076588874433
"557","Mormopterus acetabulosus","0",1,0.334149033231247,0.332998508346114
"558","Mormopterus beccarii","1",0,0.362006461892079,0.36029489228359
"559","Mormopterus doriae",NA,0,0.289539239478848,0.29613578468523
"560","Mormopterus eleryi","0",0,0.110494311228735,0.110074952278009
"561","Mormopterus francoismoutoui","1",0,0.112611575489321,0.111554221644976
"562","Mormopterus halli",NA,0,0.0639492727764803,0.0649081870782437
"563","Mormopterus jugularis","1",2,0.333312943760779,0.330685950159376
"564","Mormopterus kitcheneri","1",0,0.0651698208377723,0.0648361303687033
"565","Mormopterus loriae","0",0,0.297261456188151,0.296632648616232
"566","Mormopterus lumsdenae",NA,0,0.0799710172884648,0.081220090693364
"567","Mormopterus minutus","1",0,0.302150493946276,0.300047599227489
"568","Mormopterus norfolkensis","1",0,0.326702976804524,0.324668813247594
"569","Mormopterus phrudus","0",0,0.290152115569443,0.289578932855535
"570","Mormopterus planiceps","1",0,0.390841708106759,0.389767766767436
"571","Mosia nigrescens","1",0,0.364084484482137,0.361516304152195
"572","Murina aenea","0",1,0.308951708593492,0.30820695298995
"573","Murina annamitica",NA,0,0.0381274611890556,0.0390492916904245
"574","Murina aurata","0",1,0.42255971652384,0.422353573520519
"575","Murina balaensis","0",0,0.0662046872682772,0.0661634983668799
"576","Murina beelzebub",NA,0,0.0483358718164887,0.0492070834505783
"577","Murina bicolor","1",0,0.069401768395731,0.0689325009565914
"578","Murina chrysochaetes",NA,0,0.0381379002955894,0.0390593787024718
"579","Murina cineracea",NA,0,0.0343403865009824,0.0350811737989193
"580","Murina cyclotis","0",2,0.444393595489439,0.444784089320239
"581","Murina eleryi","0",0,0.038851518261944,0.039026537341471
"582","Murina fionae",NA,0,0.0381274611890556,0.0390492916904245
"583","Murina florium","1",0,0.349734249528381,0.346202182382526
"584","Murina fusca",NA,0,0.396371833984809,0.409761156393362
"585","Murina gracilis",NA,0,0.063747265188651,0.0649671189151636
"586","Murina guilleni",NA,0,0.0805252343832934,0.081523465817844
"587","Murina harpioloides",NA,0,0.0378903571784286,0.0388079116337698
"588","Murina harrisoni",NA,0,0.0914715561102394,0.0927208102154453
"589","Murina hilgendorfi","1",0,0.430395754148343,0.428113128271721
"590","Murina huttoni","0",0,0.410233615806015,0.410104238877985
"591","Murina jaintiana",NA,0,0.0825341095803729,0.0847196646968969
"592","Murina leucogaster","1",5,0.371505479728071,0.369036871190913
"593","Murina loreliae",NA,0,0.0381379002955894,0.0390593787024718
"594","Murina peninsularis",NA,0,0.0805252343832934,0.081523465817844
"595","Murina pluvialis",NA,0,0.126098944390177,0.128594055528814
"596","Murina puta",NA,0,0.0542257629785219,0.0554880837403522
"597","Murina recondita",NA,0,0.0672840017112128,0.0687297122254416
"598","Murina rozendaali","0",0,0.310169748525233,0.309378286894146
"599","Murina ryukyuana","0",0,0.189297603950602,0.189525751283447
"600","Murina shuipuensis",NA,0,0.0381379002955894,0.0390593787024718
"601","Murina suilla","0",0,0.313650111728269,0.312839838517255
"602","Murina tenebrosa","1",0,0.234841959754305,0.233195584533488
"603","Murina tiensa",NA,0,0.0343403865009824,0.0350811737989193
"604","Murina tubinaris","0",0,0.442251598412628,0.442374932921519
"605","Murina ussuriensis","0",1,0.351434735803348,0.350974562186963
"606","Murina walstoni",NA,0,0.0381379002955894,0.0390593787024718
"607","Musonycteris harrisoni","1",0,0.298376157408898,0.296171232230169
"608","Myonycteris angolensis","1",8,0.752571196118739,0.739523908063933
"609","Myonycteris brachycephala",NA,0,0.164595058633474,0.167750901980358
"610","Myonycteris relicta",NA,0,0.308624554188818,0.315596243942658
"611","Myonycteris torquata","0",5,0.397824636201296,0.397573969298103
"612","Myopterus daubentonii","0",0,0.313068768672238,0.31228803671394
"613","Myopterus whitleyi","1",0,0.350487050764302,0.347821162504239
"614","Myotis adversus","0",0,0.0986548893957143,0.0976791862626527
"615","Myotis aelleni","1",0,0.285371208561189,0.283398235353862
"616","Myotis albescens","1",2,0.442953606470372,0.442580424372489
"617","Myotis alcathoe","0",4,0.15084138413575,0.150262936018901
"618","Myotis altarium","0",2,0.598423174955217,0.596309054244266
"619","Myotis anjouanensis",NA,0,0.0485946037809412,0.0493405959808639
"620","Myotis annamiticus",NA,0,0.294591310879555,0.300012479673837
"621","Myotis annectans",NA,0,0.329638739519558,0.338031347150847
"622","Myotis atacamensis","1",0,0.315334101308238,0.312509881196004
"623","Myotis ater","1",0,0.311008732700882,0.308623233206518
"624","Myotis aurascens","1",0,0.453811143475662,0.450804575198087
"625","Myotis auriculus","1",0,0.321296266385313,0.319705674095918
"626","Myotis australis",NA,0,0.0920382145874569,0.0943299200312353
"627","Myotis austroriparius","1",1,0.374031564932573,0.372872952204887
"628","Myotis badius","0",0,0.0493133496553013,0.0492070834505783
"629","Myotis bechsteinii","1",9,0.677351876571966,0.675732102531908
"630","Myotis blythii","1",10,0.677687442114074,0.675682868464563
"631","Myotis bocagii","0",0,0.480930798008309,0.482356570486223
"632","Myotis bombinus","1",0,0.499309360507712,0.49796925203914
"633","Myotis brandtii","1",1,0.394607402613538,0.394252641346617
"634","Myotis bucharensis","0",0,0.141718572891583,0.140723897865126
"635","Myotis californicus","1",3,0.422252882423547,0.421366570974523
"636","Myotis capaccinii","0",4,0.573050847233374,0.571067376118752
"637","Myotis chiloensis","1",1,0.285371208561189,0.283398235353862
"638","Myotis chinensis","0",10,0.774044569003401,0.776237669196486
"639","Myotis ciliolabrum","1",1,0.151309233297689,0.150083104889458
"640","Myotis cobanensis","1",0,0.291253251155703,0.289458822606517
"641","Myotis csorbai","0",0,0.327203399081321,0.325712778350649
"642","Myotis dasycneme","1",16,0.584379124015049,0.583924541503081
"643","Myotis daubentonii","1",75,0.509264689199433,0.509979495632961
"644","Myotis davidii","1",10,0.14733579675058,0.146471254574654
"645","Myotis dieteri","0",0,0.100028094385043,0.0991633411258766
"646","Myotis diminutus",NA,0,0.0703832323686749,0.0714218339885226
"647","Myotis dinellii","1",0,0.107661876929308,0.106608613805615
"648","Myotis dominicensis","0",0,0.182720875017178,0.181343778829387
"649","Myotis elegans",NA,0,0.304357935997852,0.312271274250234
"650","Myotis emarginatus","1",12,0.617483996502182,0.614635935999874
"651","Myotis escalerai","1",2,0.146525146715026,0.145381263570367
"652","Myotis evotis","1",1,0.364765552474978,0.363443967131964
"653","Myotis fimbriatus","0",6,0.477449920935215,0.476851761945612
"654","Myotis findleyi","0",0,0.166171909884116,0.165414909545798
"655","Myotis flavus","1",0,0.477081652876213,0.475453886066327
"656","Myotis formosus","1",0,0.477081652876213,0.475453886066327
"657","Myotis fortidens","1",0,0.34437447330554,0.342707810436669
"658","Myotis frater","1",1,0.0631917382133932,0.0633686018696045
"659","Myotis gomantongensis","0",0,0.311217732589115,0.31006082118716
"660","Myotis goudoti","0",2,0.326725481661852,0.325714215099697
"661","Myotis grisescens","1",1,0.384035741678562,0.382428559807457
"662","Myotis hajastanicus","1",0,0.453811143475662,0.450804575198087
"663","Myotis handleyi",NA,0,0.0343403865009824,0.0350811737989193
"664","Myotis hasseltii","1",0,0.414888021073783,0.413305958830581
"665","Myotis hermani",NA,0,0.166483720351537,0.169867673332293
"666","Myotis horsfieldii","1",16,0.401561427144299,0.399370291975394
"667","Myotis ikonnikovi","1",1,0.510511951042569,0.508524650876942
"668","Myotis insularum",NA,0,0.209861073582891,0.214256465731285
"669","Myotis izecksohni","1",0,0.0717228442775918,0.071403531918015
"670","Myotis keaysi","1",1,0.512355589500978,0.509662314880604
"671","Myotis keenii","1",1,0.295533234328173,0.293782180215531
"672","Myotis laniger","0",4,0.574238546820129,0.572477149120155
"673","Myotis lavali","0",0,0.0722411216498234,0.0720548312075758
"674","Myotis leibii","1",1,0.354873331411678,0.353505248916814
"675","Myotis levis","1",1,0.358432347139564,0.357276431508697
"676","Myotis longipes","1",3,0.384525930661664,0.381964736226589
"677","Myotis lucifugus","1",5,0.118197293890366,0.117411273247857
"678","Myotis macrodactylus","1",7,0.462743272977401,0.460065710866245
"679","Myotis macropus","1",2,0.337234123320806,0.334480093767694
"680","Myotis macrotarsus","0",0,0.321560056010089,0.320976357096067
"681","Myotis martiniquensis","1",0,0.0436473195333669,0.0427788484202578
"682","Myotis melanorhinus","1",0,0.379640874823558,0.378573202138447
"683","Myotis midastactus","1",0,0.383242535904111,0.382123781830247
"684","Myotis moluccarum","1",0,0.335680369688805,0.333581314073202
"685","Myotis montivagus",NA,0,0.407119206439548,0.418993356270961
"686","Myotis morrisi",NA,0,0.307274530971713,0.315083700149452
"687","Myotis muricola","0",2,0.522256787587172,0.523757765949216
"688","Myotis myotis","1",31,0.666464090157028,0.66659324748683
"689","Myotis mystacinus","1",13,0.199816109361751,0.198609427435501
"690","Myotis nattereri","1",30,0.500553120590285,0.50005498656969
"691","Myotis nesopolus","0",0,0.29953197295815,0.298521515999011
"692","Myotis nigricans","1",3,0.446804534646881,0.446102467874742
"693","Myotis nipalensis","1",0,0.173294677814447,0.172614286547476
"694","Myotis occultus","1",0,0.113769467606001,0.112687767451762
"695","Myotis oreias",NA,0,0.0440535895234328,0.0447556129690126
"696","Myotis oxyotus","0",2,0.504502794259702,0.503830873968634
"697","Myotis peninsularis","1",0,0.21422684575787,0.211648599315074
"698","Myotis pequinius","1",8,0.617562147988707,0.618256549378829
"699","Myotis petax","1",4,0.170567771849889,0.168969847913274
"700","Myotis phanluongi",NA,0,0.0343403865009824,0.0350811737989193
"701","Myotis pilosus","0",44,4.50114663775062,4.51816919423583
"702","Myotis planiceps","0",0,0.314950200256815,0.314074821316024
"703","Myotis pruinosus","0",0,0.168164021300348,0.167487242592758
"704","Myotis punicus","1",2,0.428999653720132,0.426027932600964
"705","Myotis ridleyi","1",0,0.314580700947985,0.312000626177224
"706","Myotis riparius","1",2,0.436424742071212,0.435996456202199
"707","Myotis rosseti","1",0,0.30727183924474,0.30503727073549
"708","Myotis ruber","1",0,0.342677201668869,0.341098989938325
"709","Myotis rufopictus","1",0,0.102426020231141,0.101336824863434
"710","Myotis schaubi","1",0,0.438061210941348,0.435234398550394
"711","Myotis scotti",NA,0,0.308554189617229,0.31677634066557
"712","Myotis secundus","1",0,0.0497531863036137,0.0498273560289337
"713","Myotis septentrionalis","1",1,0.374482662619239,0.373694089347052
"714","Myotis sicarius",NA,0,0.367533267426365,0.377374258480329
"715","Myotis siligorensis","1",4,0.443408480407097,0.441455489422804
"716","Myotis simus","1",0,0.383242535904111,0.382123781830247
"717","Myotis sodalis","1",0,0.35364561296579,0.352943005190662
"718","Myotis soror",NA,0,0.11286506328844,0.115217968376369
"719","Myotis stalkeri","0",0,0.184456055302541,0.183963756363864
"720","Myotis thysanodes","1",1,0.417287940254201,0.416508925163256
"721","Myotis tricolor","1",0,0.44235344697396,0.440301979588844
"722","Myotis velifer","1",4,0.391351146990091,0.390271172935449
"723","Myotis vivesi","1",0,0.323392230695753,0.321706863778954
"724","Myotis volans","1",4,0.413301401328508,0.412286989749514
"725","Myotis welwitschii","1",1,0.435650642301462,0.433225931037565
"726","Myotis yanbarensis","0",0,0.185328636309913,0.185453305251172
"727","Myotis yumanensis","1",2,0.431311903927022,0.430215283624719
"728","Mystacina robusta","0",0,0.124756506750612,0.123978245699705
"729","Mystacina tuberculata","1",9,0.417786608393784,0.417869032446969
"730","Myzopoda aurita","0",0,0.31115540576046,0.309823262579137
"731","Myzopoda schliemanni","0",0,0.0960356302370009,0.0951060309063395
"732","Nanonycteris veldkampii","0",1,0.36335793605442,0.363022219484093
"733","Natalus espiritosantensis","0",0,0.128447219882473,0.127845320313214
"734","Natalus jamaicensis","0",0,0.201657285802702,0.199920526437259
"735","Natalus lanatus","1",0,0.404659346074915,0.404332397651386
"736","Natalus major","0",0,0.284888192294733,0.284099206093695
"737","Natalus mexicanus","1",0,0.404659346074915,0.404332397651386
"738","Natalus primus","0",0,0.29580262522525,0.2948239255806
"739","Natalus saturatus",NA,0,0.39821343282752,0.41148185452941
"740","Natalus stramineus","1",1,0.411781911189984,0.41148185452941
"741","Natalus tumidirostris","1",0,0.327481790648913,0.326022706242986
"742","Neonycteris pusilla",NA,0,0.287113373455989,0.29364573394088
"743","Neopteryx frosti",NA,0,0.307065039108766,0.313805140370448
"744","Neoromicia brunnea","1",1,0.341721399419973,0.339382285504009
"745","Neoromicia capensis","1",17,0.525791059233203,0.524133090132004
"746","Neoromicia flavescens",NA,0,0.338894382781765,0.347835344501131
"747","Neoromicia guineensis",NA,0,0.390763464877117,0.402292012696022
"748","Neoromicia helios",NA,2,0.370136407495077,0.379519525177884
"749","Neoromicia malagasyensis",NA,0,0.137357704356794,0.140326345004702
"750","Neoromicia matroka","1",0,0.312954583882856,0.310551424549999
"751","Neoromicia melckorum","1",0,0.308643466125483,0.306521913806708
"752","Neoromicia nana","1",5,0.531518579703287,0.529984099899772
"753","Neoromicia rendalli","1",0,0.446476081940944,0.444874814507322
"754","Neoromicia robertsi",NA,0,0.136330650981073,0.138749373668497
"755","Neoromicia roseveari",NA,0,0.107176769840691,0.108987378507572
"756","Neoromicia somalica","1",0,0.442638260940287,0.441168272322916
"757","Neoromicia tenuipinnis","1",4,0.640277687184222,0.635799543754083
"758","Neoromicia zuluensis",NA,0,0.318874994105479,0.325692784612735
"759","Noctilio albiventris","1",0,0.393646411577628,0.393179695476479
"760","Noctilio leporinus","1",0,0.460215855677347,0.45947979471874
"761","Notopteris macdonaldi","0",0,0.376852257382671,0.379333198998729
"762","Notopteris neocaledonica","0",0,0.22065545154698,0.219206160846382
"763","Nyctalus aviator","1",0,0.61047249474344,0.610035287820911
"764","Nyctalus azoreum","1",0,0.242505669066931,0.240831936186029
"765","Nyctalus furvus","1",0,0.432743570431985,0.430114431261829
"766","Nyctalus lasiopterus","1",8,0.635428537024749,0.634953286614399
"767","Nyctalus leisleri","1",8,0.572495794083411,0.569829991085169
"768","Nyctalus montanus","1",0,0.371876930489728,0.369013649871385
"769","Nyctalus noctula","1",32,0.630028043900351,0.630499543150839
"770","Nyctalus plancyi","1",4,0.658950765836333,0.664367019874462
"771","Nycteris arge","1",0,0.421863906250026,0.419896841153448
"772","Nycteris aurita",NA,0,0.309508615872043,0.316719465146951
"773","Nycteris gambiensis","1",0,0.336505533090338,0.334076881963509
"774","Nycteris grandis","1",1,0.420647775052822,0.418222419931767
"775","Nycteris hispida","1",4,0.536338660718521,0.535033285116599
"776","Nycteris intermedia","1",0,0.399262404531857,0.397528912231882
"777","Nycteris javanica","1",0,0.121142523073801,0.120121260578064
"778","Nycteris macrotis","1",1,0.479710765761881,0.477604572134452
"779","Nycteris madagascariensis",NA,0,0.312510153678443,0.319739708582881
"780","Nycteris major","1",0,0.398461173804526,0.396399009255353
"781","Nycteris nana","1",0,0.423471327525199,0.421493304682804
"782","Nycteris parisii",NA,0,0.294274347009285,0.300649206861007
"783","Nycteris thebaica","1",7,0.800727534568358,0.798648384692195
"784","Nycteris tragata","1",0,0.38228418359831,0.37919223265181
"785","Nycteris vinsoni","0",0,0.315870686619403,0.315018628983071
"786","Nycteris woodi","1",0,0.311392646820418,0.309020557349211
"787","Nycticeinops schlieffeni","1",0,0.631525835225876,0.630451188425127
"788","Nycticeius aenobarbus",NA,0,0.052863229633889,0.0541197338934632
"789","Nycticeius cubanus","1",0,0.292267894874018,0.290248397002355
"790","Nycticeius humeralis","1",1,0.398994186434982,0.398657993797402
"791","Nyctiellus lepidus","1",0,0.305282494556435,0.303402824102814
"792","Nyctimene aello","0",0,0.312636036643239,0.311921629895285
"793","Nyctimene albiventer","0",0,0.323869822585493,0.323265712079578
"794","Nyctimene cephalotes","0",1,0.324675573445149,0.323962754509563
"795","Nyctimene certans","0",0,0.314448381374514,0.31383748264401
"796","Nyctimene cyclotis","0",0,0.312564384592978,0.311743364619977
"797","Nyctimene draconilla","0",0,0.310336222859705,0.309708104930139
"798","Nyctimene keasti","0",0,0.211906394499486,0.21080569947716
"799","Nyctimene major","0",0,0.301323758002729,0.300606482351715
"800","Nyctimene malaitensis","0",0,0.223436556505002,0.222246036690598
"801","Nyctimene masalai","0",0,0.224163565163168,0.222786794679469
"802","Nyctimene minutus","0",0,0.302067714710752,0.301329731684785
"803","Nyctimene rabori","0",0,0.315347697484732,0.315189027199721
"804","Nyctimene robinsoni","0",0,0.32944955674557,0.328752681450041
"805","Nyctimene sanctacrucis","0",0,0.178289791313764,0.177305971423572
"806","Nyctimene vizcaccia","0",0,0.225312678810234,0.224306799428863
"807","Nyctinomops aurispinosus","1",0,0.584003879759248,0.58112369055477
"808","Nyctinomops femorosaccus","1",0,0.36958616941898,0.367694130669629
"809","Nyctinomops kalinowskii","0",0,0.0798775273092406,0.0786264456731369
"810","Nyctinomops laticaudatus","1",2,0.418346954267099,0.41777628925016
"811","Nyctinomops macrotis","1",2,0.627426967157605,0.624026340936176
"812","Nyctophilus arnhemensis","1",0,0.352181063454366,0.349615005468805
"813","Nyctophilus bifax","1",0,0.357282381596876,0.355404377057771
"814","Nyctophilus corbeni","0",0,0.237498262788035,0.237667311384606
"815","Nyctophilus geoffroyi","1",1,0.413316190728247,0.412218820338713
"816","Nyctophilus gouldi","1",1,0.356950101642695,0.354599632188703
"817","Nyctophilus heran",NA,0,0.168224122164923,0.171652934326136
"818","Nyctophilus microdon","0",0,0.299422579045872,0.298518051337298
"819","Nyctophilus microtis","0",0,0.318370326158983,0.317351710970448
"820","Nyctophilus nebulosus",NA,0,0.201403720429456,0.204399789935312
"821","Nyctophilus sherrini","1",0,0.0737842605633438,0.0724167794377374
"822","Nyctophilus shirleyae",NA,0,0.0529948746788481,0.0529962127820588
"823","Nyctophilus timoriensis","0",0,0.237498262788035,0.237667311384606
"824","Nyctophilus walkeri","0",0,0.308214472041343,0.307400751372693
"825","Otomops formosus",NA,0,0.101862706686578,0.104618892722055
"826","Otomops johnstonei","0",0,0.217327979730754,0.216012027786834
"827","Otomops madagascariensis","0",1,0.314082343318367,0.313025114770754
"828","Otomops martiensseni","1",13,0.737672148094952,0.726512537669573
"829","Otomops papuensis","0",0,0.295466589886119,0.294755406121451
"830","Otomops secundus","0",0,0.307272030783644,0.306618672489691
"831","Otomops wroughtoni","0",0,0.307245622124272,0.307279001254443
"832","Otonycteris hemprichii","1",0,0.659677699795584,0.659348937416995
"833","Otopteropus cartilagonodus",NA,0,0.316153232455959,0.325119244463296
"834","Paracoelops megalotis","1",0,0.0346603505985654,0.0346264565020608
"835","Paranyctimene raptor","0",0,0.317662907336365,0.317173756384119
"836","Paranyctimene tenax","0",0,0.107985766476984,0.107034819471338
"837","Parastrellus hesperus","1",1,0.403915983921798,0.403176714514699
"838","Paratriaenops auritus","0",0,0.218493850441084,0.217387913255587
"839","Paratriaenops furculus","0",2,0.315574593805211,0.315424672836018
"840","Paratriaenops pauliani","1",0,0.0769062571855307,0.0756024522346898
"841","Penthetor lucasi","0",0,0.320212386430146,0.31951579112304
"842","Peropteryx kappleri","1",0,0.391909959012545,0.390441942402547
"843","Peropteryx leucoptera","0",0,0.370208522702936,0.370256339169796
"844","Peropteryx macrotis","1",1,0.412158586604675,0.411082881662361
"845","Peropteryx pallidoptera","0",0,0.0822500688031636,0.0820114836925741
"846","Peropteryx trinitatis","1",0,0.299722499368366,0.297379374239719
"847","Pharotis imogene","0",0,0.288480566474335,0.287666135223686
"848","Philetor brachypterus","0",0,0.367195535809083,0.366120158397496
"849","Phoniscus aerosa",NA,0,0.0609368582298287,0.0620964457294872
"850","Phoniscus atrox","0",0,0.305836398187687,0.304898430238818
"851","Phoniscus jagorii","0",0,0.332608577477498,0.331809923954048
"852","Phoniscus papuensis","0",0,0.313325725217072,0.312381640188969
"853","Phylloderma stenops",NA,0,0.398440489021003,0.410523002460595
"854","Phyllonycteris aphylla","0",0,0.216171337851122,0.214226203026672
"855","Phyllonycteris poeyi","0",0,0.312307908743987,0.311411169867028
"856","Phyllops falcatus","1",0,0.310010356380033,0.307950679881062
"857","Phyllostomus discolor","0",4,0.418726532595927,0.419318898806832
"858","Phyllostomus elongatus","1",0,0.409831510734466,0.408580254777399
"859","Phyllostomus hastatus","1",4,0.425713277684843,0.424411131332785
"860","Phyllostomus latifolius","0",0,0.324875610046739,0.324507144291655
"861","Pipistrellus abramus","1",13,0.66613300268958,0.66411023315698
"862","Pipistrellus adamsi","0",0,0.296936799617682,0.296004202986609
"863","Pipistrellus aero",NA,0,0.302860510434592,0.310395042638334
"864","Pipistrellus alaschanicus","1",1,0.310825859985216,0.309175282375407
"865","Pipistrellus angulatus","1",0,0.31019575692908,0.308220631235102
"866","Pipistrellus anthonyi",NA,0,0.326572229858197,0.334996139713266
"867","Pipistrellus arabicus",NA,0,0.347716378166538,0.35795316560899
"868","Pipistrellus ariel","1",0,0.395579457546449,0.392591939225119
"869","Pipistrellus cadornae","1",0,0.39859910875228,0.396589098619665
"870","Pipistrellus ceylonicus","1",0,0.466141850199965,0.464588289453389
"871","Pipistrellus collinus","0",0,0.305976136434021,0.306174786634117
"872","Pipistrellus coromandra","1",2,0.524484708366703,0.521914913886991
"873","Pipistrellus crassulus",NA,1,0.336529328893996,0.345562361562464
"874","Pipistrellus deserti","1",0,0.653098724846984,0.651754408262628
"875","Pipistrellus eisentrauti",NA,0,0.310929517558071,0.318537036540483
"876","Pipistrellus endoi","1",0,0.188976185401923,0.18819282331158
"877","Pipistrellus hanaki","1",0,0.1119432103488,0.110934708534016
"878","Pipistrellus hesperidus","1",2,0.495993961428841,0.494501782189413
"879","Pipistrellus imbricatus","0",0,0.075818660385254,0.0750062570492224
"880","Pipistrellus inexspectatus",NA,0,0.351388430945052,0.361028956408054
"881","Pipistrellus javanicus","1",0,0.500322508060093,0.499300673988336
"882","Pipistrellus joffrei",NA,0,0.323973946444305,0.332246622022408
"883","Pipistrellus kitcheneri",NA,0,0.294603612844304,0.301592600782341
"884","Pipistrellus kuhlii","1",33,0.653098724846984,0.651754408262628
"885","Pipistrellus lophurus",NA,0,0.215273390130388,0.219853582329323
"886","Pipistrellus macrotis","1",0,0.312236129742763,0.309582808214732
"887","Pipistrellus maderensis","1",0,0.27936537248604,0.275485472158864
"888","Pipistrellus minahassae",NA,0,0.205444262965858,0.20933254568709
"889","Pipistrellus musciculus",NA,0,0.328040469975751,0.336363722644371
"890","Pipistrellus nanulus","1",1,0.408700099132897,0.407006166563009
"891","Pipistrellus nathusii","1",13,0.525709232916463,0.523556587695121
"892","Pipistrellus papuanus","1",0,0.2883530751789,0.286248383951558
"893","Pipistrellus paterculus","1",0,0.394956498482747,0.393205848276423
"894","Pipistrellus permixtus",NA,0,0.0785832544644562,0.0805907807430539
"895","Pipistrellus pipistrellus","1",38,0.475539755901467,0.475817113939642
"896","Pipistrellus pulveratus","1",3,0.539124949728523,0.535991660556516
"897","Pipistrellus pygmaeus","1",12,0.561426409804435,0.558907555894328
"898","Pipistrellus raceyi","1",0,0.0960174548275405,0.0948690730272859
"899","Pipistrellus rueppellii","1",0,0.645363237192816,0.646150089799805
"900","Pipistrellus rusticus","1",0,0.416473888173323,0.414784887751612
"901","Pipistrellus savii","1",8,0.896804067416074,0.885385475537499
"902","Pipistrellus stenopterus","1",0,0.330449184581544,0.32754300464638
"903","Pipistrellus subflavus","1",3,0.383678341370448,0.383061895956632
"904","Pipistrellus tenuis","1",0,0.497226839914795,0.496217918215736
"905","Pipistrellus vordermanni",NA,0,0.281321766951827,0.286432771887096
"906","Pipistrellus wattsi","1",0,0.285300056861585,0.283256326899571
"907","Pipistrellus westralis","0",0,0.294253817467698,0.293368328384568
"908","Platalina genovensium","1",0,0.328136150535981,0.326040391762781
"909","Platymops setiger","0",0,0.374019303365629,0.374067232083888
"910","Platyrrhinus albericoi","0",0,0.0950405204140426,0.0941628422825979
"911","Platyrrhinus angustirostris","1",0,0.129406541682412,0.128390197081366
"912","Platyrrhinus aurarius","0",0,0.299684473384796,0.298665733075827
"913","Platyrrhinus brachycephalus","0",0,0.396212287952249,0.396885016726989
"914","Platyrrhinus chocoensis","0",0,0.280628669115017,0.279575182833395
"915","Platyrrhinus dorsalis","0",0,0.364443861804502,0.364400349414693
"916","Platyrrhinus fusciventris","1",0,0.128499698272572,0.127514035240004
"917","Platyrrhinus guianensis",NA,0,0.0343390610902585,0.0350797615398701
"918","Platyrrhinus helleri","1",0,0.381134797499915,0.380205029596792
"919","Platyrrhinus infuscus","0",0,0.377198969571956,0.377645991932057
"920","Platyrrhinus ismaeli","0",0,0.120395604027384,0.12028312699165
"921","Platyrrhinus lineatus","0",2,0.404584633960858,0.40510846665126
"922","Platyrrhinus masu","0",0,0.0937627406136585,0.0928055151125111
"923","Platyrrhinus matapalensis",NA,0,0.123795220889185,0.126184713021026
"924","Platyrrhinus nigellus","0",0,0.0995532878660857,0.098630035102726
"925","Platyrrhinus nitelinea",NA,0,0.0809022840291587,0.0821120637780656
"926","Platyrrhinus recifinus","0",0,0.353316741231469,0.352800143709732
"927","Platyrrhinus umbratus","0",0,0.315458087479519,0.314809886815754
"928","Platyrrhinus vittatus","0",0,0.360619570079704,0.360248998699069
"929","Plecotus auritus","1",17,0.460300885475025,0.460460724704409
"930","Plecotus austriacus","1",5,0.532529990271638,0.531080641985624
"931","Plecotus balensis",NA,0,0.291619063323554,0.298329419625516
"932","Plecotus christii","1",0,0.111644903281934,0.110411965213744
"933","Plecotus kolombatovici","1",0,0.189545294466908,0.18758506381155
"934","Plecotus macrobullaris","1",0,0.183655644791133,0.181932673695109
"935","Plecotus ognevi","1",0,0.150511812823419,0.149413560911103
"936","Plecotus sacrimontis","1",1,0.148980977153484,0.147746004237619
"937","Plecotus sardus","1",0,0.123748033803607,0.122622548462731
"938","Plecotus taivanus","0",0,0.0690078047924996,0.0683239504227745
"939","Plecotus teneriffae","1",1,0.287645976871595,0.284113778708238
"940","Plerotes anchietae","0",0,0.294712324068188,0.293791282938831
"941","Promops centralis","0",0,0.376388092748546,0.376649366284606
"942","Promops nasutus","1",0,0.383029212522093,0.381664118995848
"943","Ptenochirus jagori","0",2,0.335316404236371,0.335171036396426
"944","Ptenochirus minor","0",0,0.312258418280108,0.311626072965907
"945","Pteralopex anceps","0",0,0.180731741132285,0.182098381542576
"946","Pteralopex atrata","0",0,0.173224336932474,0.174396554523583
"947","Pteralopex flanneryi","0",0,0.0918156031123043,0.0936403210318052
"948","Pteralopex pulchra","0",0,0.212235169488829,0.210905946936569
"949","Pteralopex taki","0",0,0.20672543969126,0.205434636531013
"950","Pteronotus davyi","1",4,0.422226340450031,0.420164075721796
"951","Pteronotus gymnonotus","0",0,0.389860578364393,0.390022673740545
"952","Pteronotus macleayii","0",0,0.312537548658967,0.31170643898725
"953","Pteronotus paraguanensis","0",0,0.121893374431509,0.122845467208459
"954","Pteronotus parnellii","1",21,0.454843975086422,0.453347620187763
"955","Pteronotus personatus","1",1,0.418051122960066,0.416307419278612
"956","Pteronotus quadridens","0",0,0.312130405603979,0.31127028251458
"957","Pteropus admiralitatum","0",0,0.229533432243361,0.228039778844957
"958","Pteropus aldabrensis","0",0,0.158411394132438,0.158896054300509
"959","Pteropus alecto","0",27,0.30225085225476,0.307879556922966
"960","Pteropus anetianus","0",0,0.287167001972806,0.287376665614786
"961","Pteropus argentatus","0",0,0.172822294008551,0.174254316209442
"962","Pteropus aruensis",NA,0,0.177742184456118,0.180932615700738
"963","Pteropus caniceps","0",0,0.176084369300161,0.177369467553995
"964","Pteropus capistratus","0",0,0.20953898373557,0.208872009772659
"965","Pteropus chrysoproctus","0",0,0.172822294008551,0.174254316209442
"966","Pteropus cognatus","0",0,0.190358576483579,0.19013976628319
"967","Pteropus conspicillatus","0",3,0.279795692038249,0.283464374120989
"968","Pteropus dasymallus","0",1,0.321199240139095,0.320695031823933
"969","Pteropus faunulus","0",0,0.171528639297042,0.171685323975666
"970","Pteropus fundatus","0",0,0.182958326253531,0.182319378378063
"971","Pteropus giganteus","0",49,0.477457039393875,0.485749107905552
"972","Pteropus gilliardorum",NA,0,0.210715093710107,0.215880333822726
"973","Pteropus griseus","0",0,0.305157479547825,0.304212827754057
"974","Pteropus howensis","0",0,0.181499790832754,0.180510630380942
"975","Pteropus hypomelanus","0",3,0.296187896510051,0.298749469378114
"976","Pteropus intermedius","0",0,0.252013367355544,0.255817505198537
"977","Pteropus keyensis",NA,0,0.179687721926596,0.183234261434429
"978","Pteropus livingstonii","0",0,0.128871625360469,0.129068663888994
"979","Pteropus lombocensis",NA,0,0.209177916331939,0.213526012284107
"980","Pteropus loochoensis",NA,0,0.0653366906334491,0.067388657682497
"981","Pteropus lylei","0",14,0.424167234452628,0.431663050411853
"982","Pteropus macrotis","0",0,0.28289826167567,0.286739171667839
"983","Pteropus mahaganus","0",0,0.196461855909021,0.197778147427948
"984","Pteropus mariannus","0",0,0.159893522014071,0.160140067571724
"985","Pteropus melanopogon","0",0,0.177830609311654,0.178899911017773
"986","Pteropus melanotus","0",1,0.201705944850262,0.204272589270719
"987","Pteropus molossinus","0",0,0.191861711918251,0.190781278010312
"988","Pteropus neohibernicus","0",0,0.269100465682207,0.273777943637487
"989","Pteropus niger","0",0,0.072976971299106,0.0730384676984651
"990","Pteropus nitendiensis","0",0,0.180711223993038,0.17981964264883
"991","Pteropus ocularis",NA,0,0.180003283462829,0.185544329795107
"992","Pteropus ornatus","0",0,0.211240112720823,0.212840255421992
"993","Pteropus pelagicus","0",0,0.146196429525042,0.144391660196812
"994","Pteropus pelewensis","0",0,0.147796957708283,0.146909491703192
"995","Pteropus personatus","0",0,0.213590327543682,0.21266543837378
"996","Pteropus pohlei","0",0,0.209174803576136,0.2090082355533
"997","Pteropus poliocephalus","0",12,0.288604684077269,0.294346623224787
"998","Pteropus pselaphon","0",0,0.0811232405856122,0.081651466595137
"999","Pteropus pumilus","0",0,0.315125271684099,0.314620545720882
"1000","Pteropus rayneri","0",0,0.175602294994492,0.176809777310656
"1001","Pteropus rennelli","0",0,0.15540905884118,0.155231987243324
"1002","Pteropus rodricensis","0",0,0.182706230280027,0.182185342998641
"1003","Pteropus rufus","0",14,0.29292977752273,0.298387487155847
"1004","Pteropus samoensis","0",0,0.367037323617881,0.376042333464468
"1005","Pteropus scapulatus","0",6,0.396952076319963,0.398433265167064
"1006","Pteropus seychellensis","0",0,0.151071911275062,0.151858643266987
"1007","Pteropus speciosus","0",0,0.299418213916924,0.298377720130851
"1008","Pteropus temminckii","0",0,0.206727952944641,0.205466399390914
"1009","Pteropus tonganus","0",20,0.529316166267082,0.547806256359141
"1010","Pteropus tuberculatus","0",0,0.178271625180311,0.177318175874497
"1011","Pteropus ualanus","0",0,0.159350110704648,0.159029110958506
"1012","Pteropus vampyrus","0",9,0.461744454849318,0.471497327779896
"1013","Pteropus vetulus","0",0,0.222312272679054,0.221089135400307
"1014","Pteropus voeltzkowi","0",0,0.128505931580837,0.128729011085249
"1015","Pteropus woodfordi","0",0,0.222030884315145,0.220922143175511
"1016","Pteropus yapensis","0",0,0.147796957708283,0.146909491703192
"1017","Pygoderma bilabiatum","1",0,0.38724995772097,0.385894992721024
"1018","Rhinolophus acuminatus","1",5,0.414759355448133,0.412392268934734
"1019","Rhinolophus adami","0",0,0.367311126142956,0.367285337316768
"1020","Rhinolophus affinis","0",73,1.03857475970643,1.04732406450793
"1021","Rhinolophus alcyone","1",5,0.580362237575634,0.579583244523149
"1022","Rhinolophus arcuatus","0",1,0.380123751259124,0.380501639893902
"1023","Rhinolophus beddomei","1",0,0.353065485094512,0.352880289111282
"1024","Rhinolophus blasii","1",18,1.06886616799727,1.07146390085464
"1025","Rhinolophus bocharicus","1",0,0.540616852636578,0.538666332691185
"1026","Rhinolophus borneensis","0",0,0.400589984407673,0.400798300313768
"1027","Rhinolophus canuti","0",0,0.158313632505986,0.158176596738058
"1028","Rhinolophus capensis","1",1,0.408259915781687,0.406606684966679
"1029","Rhinolophus celebensis","0",0,0.151802428224956,0.149699583034052
"1030","Rhinolophus chaseni","0",0,0.400589984407673,0.400798300313768
"1031","Rhinolophus clivosus","1",9,0.811517631277862,0.811503543782812
"1032","Rhinolophus coelophyllus","0",6,0.452051574114763,0.45129969781913
"1033","Rhinolophus cognatus","0",0,0.213300391804053,0.212091402591814
"1034","Rhinolophus cohenae","1",0,0.051681993480002,0.0515840524973308
"1035","Rhinolophus convexus",NA,0,0.34318802317355,0.349752832942308
"1036","Rhinolophus creaghi","0",5,0.38399609009842,0.383989628282779
"1037","Rhinolophus darlingi","1",1,0.601580250491357,0.600935201333539
"1038","Rhinolophus deckenii","0",0,0.390401974136978,0.390655107528249
"1039","Rhinolophus denti","1",1,0.477075617709283,0.475035094842441
"1040","Rhinolophus eloquens","1",2,0.406347935076195,0.403857370582713
"1041","Rhinolophus euryale","1",25,1.54069983748803,1.54180058686761
"1042","Rhinolophus euryotis","1",0,0.387891543363124,0.385600985349429
"1043","Rhinolophus ferrumequinum","1",77,1.50896113569847,1.50518295690982
"1044","Rhinolophus formosae","1",0,0.0859031749775391,0.0846115909744835
"1045","Rhinolophus francisi",NA,0,0.0125487688018578,0.0125872859036137
"1046","Rhinolophus fumigatus","1",2,0.68386774542376,0.682768840710378
"1047","Rhinolophus guineensis","1",0,0.400168220592377,0.398314263381029
"1048","Rhinolophus hildebrandtii","1",2,0.597505522833204,0.596323923055722
"1049","Rhinolophus hilli","0",0,0.329212308958536,0.32959792111923
"1050","Rhinolophus hillorum","1",0,0.353519836130523,0.35100482319347
"1051","Rhinolophus hipposideros","1",32,0.977868163218613,0.973284092903899
"1052","Rhinolophus huananus","0",0,0.0239157485810812,0.0239647537592001
"1053","Rhinolophus inops","0",0,0.406456388026958,0.407265428491558
"1054","Rhinolophus kahuzi","0",0,0.0261317468043964,0.0262854336463292
"1055","Rhinolophus keyensis","0",0,0.241468213900179,0.239859722829573
"1056","Rhinolophus landeri","1",9,0.765648159513106,0.766354605948565
"1057","Rhinolophus lepidus","1",10,0.736418896174417,0.737781933477533
"1058","Rhinolophus luctoides",NA,0,0.0125487688018578,0.0125872859036137
"1059","Rhinolophus luctus","1",1,0.660614268857981,0.661939785073445
"1060","Rhinolophus mabuensis",NA,0,0.0405977043432798,0.041823734026346
"1061","Rhinolophus maclaudi","1",0,0.400903657549131,0.399023202721661
"1062","Rhinolophus macrotis","1",4,0.549260707913538,0.546721334272341
"1063","Rhinolophus madurensis","0",0,0.131084169872479,0.129939236053609
"1064","Rhinolophus maendeleo","0",0,0.349432761982807,0.348668712537726
"1065","Rhinolophus malayanus","0",3,0.411256760170112,0.411509452415111
"1066","Rhinolophus marshalli","0",0,0.370697764137558,0.37054076630426
"1067","Rhinolophus megaphyllus","1",2,0.412079651728605,0.409924829257569
"1068","Rhinolophus mehelyi","1",4,1.07391574052906,1.07494263920557
"1069","Rhinolophus mitratus",NA,0,0.336014006121168,0.346603737340515
"1070","Rhinolophus montanus","0",0,0.206412462142378,0.204547529989286
"1071","Rhinolophus mossambicus","0",0,0.0443226403329844,0.0448769189762287
"1072","Rhinolophus nereis",NA,0,0.224537450552952,0.229373778889049
"1073","Rhinolophus osgoodi","0",0,0.686320205577874,0.685157832145639
"1074","Rhinolophus paradoxolophus","0",0,0.41372057574172,0.414329263969449
"1075","Rhinolophus pearsonii","1",17,1.18218542927163,1.19314621496747
"1076","Rhinolophus philippinensis","1",0,0.361839280063462,0.359924433291621
"1077","Rhinolophus pusillus","1",28,0.489646474696426,0.487616451483187
"1078","Rhinolophus rex","1",2,0.717836236709762,0.717323419578006
"1079","Rhinolophus robinsoni","0",0,0.383682658488707,0.383445119202935
"1080","Rhinolophus rouxii","1",3,0.397755792825667,0.39433739700087
"1081","Rhinolophus rufus","0",0,0.328810006489844,0.328375763631382
"1082","Rhinolophus ruwenzorii","1",0,0.340049266326403,0.33815386742895
"1083","Rhinolophus sakejiensis","0",0,0.346074336510841,0.345043331080093
"1084","Rhinolophus schnitzleri","0",0,0.0234923433635049,0.0235365926225537
"1085","Rhinolophus sedulus","1",0,0.433253519207489,0.430566273077177
"1086","Rhinolophus shameli","0",4,0.403648503271402,0.403350565508122
"1087","Rhinolophus shortridgei",NA,0,0.158055496980636,0.163417212136124
"1088","Rhinolophus siamensis","0",0,0.0414181640331513,0.041869487361794
"1089","Rhinolophus silvestris",NA,0,0.36358882456638,0.374495382462894
"1090","Rhinolophus simulator","1",9,0.622211786463242,0.620544816214281
"1091","Rhinolophus sinicus","1",78,0.74630905815855,0.744496633209251
"1092","Rhinolophus smithersi","1",0,0.0540039585039005,0.0538641172403746
"1093","Rhinolophus stheno","0",3,0.504715817519824,0.505159819121409
"1094","Rhinolophus subbadius","0",0,0.417214570669183,0.417230536448005
"1095","Rhinolophus subrufus","0",0,0.347680700757428,0.348132487416713
"1096","Rhinolophus swinnyi","1",0,0.605778832172826,0.60438014998776
"1097","Rhinolophus thailandensis","0",0,0.0247690275441804,0.0248493153096474
"1098","Rhinolophus thomasi","0",6,0.524264214277765,0.524957921440623
"1099","Rhinolophus trifoliatus","0",1,0.527376812211457,0.52825960517301
"1100","Rhinolophus virgo","1",0,0.353341791059725,0.351876878215599
"1101","Rhinolophus willardi","1",0,0.0264560151707754,0.0262854336463292
"1102","Rhinolophus xinanzhongguoensis","0",0,0.0271857040126104,0.0269902806477001
"1103","Rhinolophus yunanensis","1",0,0.462618728161153,0.461123805691587
"1104","Rhinolophus ziama","1",0,0.0379377640110706,0.037925557047621
"1105","Rhinonicteris aurantia","1",1,0.372161371356784,0.369465051434219
"1106","Rhinophylla alethina",NA,0,0.285556909020569,0.292129349892412
"1107","Rhinophylla fischerae",NA,0,0.370287775809278,0.380918941479523
"1108","Rhinophylla pumilio","1",2,0.397252852139583,0.396188900120645
"1109","Rhinopoma hadramauticum","1",0,0.118905760834184,0.117826152686535
"1110","Rhinopoma hardwickii","1",9,0.764935554103502,0.762472051103102
"1111","Rhinopoma macinnesi","1",0,0.347089135523901,0.345146244312819
"1112","Rhinopoma microphyllum","1",0,0.676276336313011,0.676924936197674
"1113","Rhinopoma muscatellum","1",0,0.396515697450017,0.393074184556807
"1114","Rhogeessa aeneus",NA,0,0.282132043378172,0.28755999529963
"1115","Rhogeessa alleni",NA,0,0.289841367195298,0.296558510440076
"1116","Rhogeessa bickhami",NA,0,0.145192768153426,0.148024409119028
"1117","Rhogeessa genowaysi",NA,0,0.276354134733179,0.282789207063479
"1118","Rhogeessa gracilis",NA,0,0.28979551931247,0.29672065068563
"1119","Rhogeessa hussoni",NA,0,0.274873268160258,0.279947074376703
"1120","Rhogeessa io",NA,0,0.367943812618541,0.376429797222256
"1121","Rhogeessa menchuae",NA,0,0.144256138780448,0.147065032572231
"1122","Rhogeessa minutilla","0",0,0.319457992586293,0.318725687830402
"1123","Rhogeessa mira",NA,0,0.265126763518007,0.271076310946981
"1124","Rhogeessa parvula","0",0,0.318414835507057,0.318010712190298
"1125","Rhogeessa tumida","1",1,0.345825965820592,0.343431451793218
"1126","Rhynchonycteris naso","1",2,0.400496267890247,0.399678764231459
"1127","Rousettus aegyptiacus","1",96,0.786135983840131,0.787946592662688
"1128","Rousettus amplexicaudatus","1",5,0.452033710483806,0.449641851624183
"1129","Rousettus bidens","0",0,0.21427586639718,0.213366332137343
"1130","Rousettus celebensis","0",0,0.321251301997397,0.320401462597057
"1131","Rousettus lanosus","1",0,0.506567298663225,0.499954795709983
"1132","Rousettus leschenaultii","1",33,0.512551302130272,0.510889094178536
"1133","Rousettus linduensis",NA,0,0.108016038467178,0.109081036207039
"1134","Rousettus madagascariensis","0",2,0.331319865283935,0.330439948895918
"1135","Rousettus obliviosus","0",0,0.165760303474277,0.164510358287525
"1136","Rousettus spinalatus","0",0,0.317021279058122,0.31626168432422
"1137","Saccolaimus flaviventris","1",1,0.388808779818195,0.387187377378472
"1138","Saccolaimus mixtus","0",0,0.322636047546979,0.321561855437331
"1139","Saccolaimus peli","0",0,0.42427631012434,0.42434515243266
"1140","Saccolaimus saccolaimus","1",2,0.547209271243036,0.54561177156629
"1141","Saccopteryx antioquensis","1",0,0.269406324562547,0.267007889217384
"1142","Saccopteryx bilineata","1",1,0.403396283910512,0.402315451184729
"1143","Saccopteryx canescens","0",0,0.369126288884268,0.370269393662997
"1144","Saccopteryx gymnura",NA,0,0.28157279292739,0.288361577577614
"1145","Saccopteryx leptura","0",0,0.372266123734549,0.372340964309814
"1146","Sauromys petrophilus","0",0,0.362377828912336,0.361839849552763
"1147","Scleronycteris ega",NA,0,0.278078752614115,0.284300333367761
"1148","Scoteanax rueppellii","1",0,0.31426876985322,0.312309356421138
"1149","Scotoecus albofuscus","0",0,0.407470523123461,0.407447950211032
"1150","Scotoecus hirundo","1",0,0.42511143743911,0.423716342037088
"1151","Scotoecus pallidus","1",0,0.152273909854643,0.150560281215192
"1152","Scotomanes ornatus","0",0,0.476955654214569,0.477631807707004
"1153","Scotonycteris bergmansi","0",0,0.0801892210953389,0.0804603463061655
"1154","Scotonycteris occidentalis","0",0,0.0801892210953389,0.0804603463061655
"1155","Scotonycteris zenkeri","0",0,0.338616485498199,0.338188303247795
"1156","Scotophilus andrewreborii",NA,0,0.0737852426689278,0.0749910839170212
"1157","Scotophilus borbonicus",NA,0,0.206953446058675,0.210594999829777
"1158","Scotophilus celebensis",NA,0,0.295393717916432,0.301820666031783
"1159","Scotophilus collinus","1",0,0.138505638739288,0.137572283838509
"1160","Scotophilus dinganii","1",4,0.524838314107959,0.523916467831219
"1161","Scotophilus ejetai",NA,0,0.0740354359403334,0.0752445212478785
"1162","Scotophilus heathii","1",1,0.490026470005916,0.488711637541178
"1163","Scotophilus kuhlii","1",64,0.204885684947986,0.20303860507713
"1164","Scotophilus leucogaster","1",3,0.839695416229412,0.832717151817876
"1165","Scotophilus livingstonii",NA,0,0.0740354359403334,0.0752445212478785
"1166","Scotophilus marovaza","1",0,0.0965667854637347,0.0953277520804004
"1167","Scotophilus nigrita","1",1,0.845965641048509,0.838229975334182
"1168","Scotophilus nucella",NA,0,0.371989329338351,0.381169627056458
"1169","Scotophilus nux",NA,1,0.403824079005912,0.416031214718315
"1170","Scotophilus robustus","1",0,0.324775867730935,0.322212593569244
"1171","Scotophilus tandrefana",NA,0,0.0943861231983981,0.0952122428170981
"1172","Scotophilus trujilloi",NA,0,0.0736849916753278,0.07489671229375
"1173","Scotophilus viridis","0",0,0.458411034465798,0.459261006552002
"1174","Scotorepens balstoni","1",0,0.404606270777964,0.403212391691147
"1175","Scotorepens greyii","1",0,0.400564908659179,0.398629449557376
"1176","Scotorepens orion","1",0,0.314102395343784,0.311574873037477
"1177","Scotorepens sanborni","1",0,0.363401015684308,0.361019856257692
"1178","Scotozous dormeri","1",0,0.486115051926926,0.484432166383866
"1179","Sphaerias blanfordi",NA,0,0.35164523657877,0.359459893469421
"1180","Sphaeronycteris toxophyllum","0",0,0.366401437797081,0.365955678936119
"1181","Stenoderma rufum","0",0,0.209077827963932,0.206565670690471
"1182","Sturnira angeli",NA,0,0.142246586485882,0.143984259774697
"1183","Sturnira aratathomasi",NA,0,0.313333682384968,0.322605778068477
"1184","Sturnira bakeri",NA,0,0.0719243774581393,0.0730270884042992
"1185","Sturnira bidens","0",0,0.305550511516431,0.304897467029009
"1186","Sturnira bogotensis",NA,0,0.316203080903273,0.325213651420665
"1187","Sturnira burtonlimi",NA,0,0.0703295553655551,0.0713343622256583
"1188","Sturnira erythromos","0",1,0.383758044587276,0.383901604367812
"1189","Sturnira hondurensis","0",0,0.128962133486565,0.128446379787451
"1190","Sturnira koopmanhilli",NA,0,0.0817524228928204,0.0830186070375586
"1191","Sturnira lilium","1",18,0.486424484552036,0.486203713485417
"1192","Sturnira ludovici","1",1,0.410393174881513,0.408763272354072
"1193","Sturnira luisi",NA,0,0.292544069938297,0.29945735359663
"1194","Sturnira magna",NA,0,0.343733458582762,0.353405009654644
"1195","Sturnira mistratensis",NA,0,0.274844555613171,0.279585752985921
"1196","Sturnira mordax",NA,0,0.300268903608471,0.308030084647381
"1197","Sturnira nana",NA,0,0.293649427475958,0.301208827945058
"1198","Sturnira oporaphilum",NA,0,0.323490319375363,0.330209905630163
"1199","Sturnira parvidens","0",0,0.0836473420880638,0.0836990338044155
"1200","Sturnira paulsoni",NA,0,0.0806128073306911,0.0826694946761852
"1201","Sturnira perla",NA,0,0.0808331827837445,0.0820348457453517
"1202","Sturnira sorianoi",NA,0,0.0726132829346346,0.0737607307093864
"1203","Sturnira tildae","0",2,0.407567466997827,0.408186252169519
"1204","Styloctenium mindorensis",NA,0,0.0878736087300893,0.0888860273492583
"1205","Styloctenium wallacei",NA,0,0.282275893577729,0.288201525363391
"1206","Submyotodon latirostris","1",0,0.0854575929018206,0.0852992847338562
"1207","Syconycteris australis","0",2,0.478884478630667,0.475675350829857
"1208","Syconycteris carolinae",NA,0,0.220393062218908,0.224815054742541
"1209","Syconycteris hobbit",NA,0,0.307167469772979,0.31507552748969
"1210","Tadarida aegyptiaca","1",0,0.680615712954541,0.681056482190129
"1211","Tadarida australis","1",0,0.427958411891962,0.426528662497002
"1212","Tadarida brasiliensis","1",24,0.447564596927118,0.44739188019104
"1213","Tadarida fulminans","0",0,0.380334934421378,0.380088855555746
"1214","Tadarida insignis","1",0,0.594937901026818,0.588506577638637
"1215","Tadarida jobimena","0",0,0.0970070163148174,0.0960607006142021
"1216","Tadarida kuboriensis","0",0,0.299069855960631,0.298448978843577
"1217","Tadarida latouchei","0",0,0.45934970383533,0.456407118720843
"1218","Tadarida lobata","0",0,0.320198586507192,0.319527677873519
"1219","Tadarida teniotis","1",5,1.00937581213802,1.00616153552548
"1220","Tadarida ventralis","1",0,0.383075746144832,0.38133921881405
"1221","Taphozous achates","0",0,0.214309634491403,0.213124049638448
"1222","Taphozous australis","1",0,0.305847642804234,0.304059083578405
"1223","Taphozous georgianus","1",0,0.371698475354747,0.370058643355299
"1224","Taphozous hamiltoni","0",0,0.339599919307796,0.339348722861241
"1225","Taphozous hildegardeae","0",0,0.32887404222497,0.328312266071188
"1226","Taphozous hilli","1",0,0.381635450214615,0.379619411817296
"1227","Taphozous kapalgensis","0",0,0.312944018044384,0.312574167945723
"1228","Taphozous longimanus","1",2,0.493086127830178,0.491312484843428
"1229","Taphozous mauritianus","1",3,0.540688533653794,0.54062981586002
"1230","Taphozous melanopogon","1",53,0.580827402341663,0.579053071195467
"1231","Taphozous nudiventris","1",0,0.667263656718131,0.667276242550232
"1232","Taphozous perforatus","1",9,0.619093281029337,0.61941587453584
"1233","Taphozous theobaldi","0",2,0.341555728648926,0.340146268448012
"1234","Taphozous troughtoni","1",0,0.31324968157261,0.311046964232937
"1235","Thoopterus nigrescens",NA,1,0.313625734468553,0.320412106502
"1236","Thoopterus suhaniahae",NA,0,0.0760264056874577,0.0773383144375834
"1237","Thyroptera devivoi","0",0,0.106478722867946,0.105580756367999
"1238","Thyroptera discifera","0",0,0.366721092766054,0.367429305472089
"1239","Thyroptera lavali","0",0,0.298253864385052,0.297314480631081
"1240","Thyroptera tricolor","0",0,0.402334446184726,0.40293553125868
"1241","Thyroptera wynneae","0",0,0.0822890968812328,0.0820469878158546
"1242","Tomopeas ravus","0",0,0.303512968138807,0.302392350726144
"1243","Tonatia bidens","1",0,0.394642030242168,0.39349482922084
"1244","Tonatia saurophila","0",0,0.366161351259785,0.366328057974155
"1245","Trachops cirrhosus","1",2,0.41494656293038,0.413800900602741
"1246","Triaenops afer","1",7,0.12000928298265,0.118967190208421
"1247","Triaenops menamena","1",4,0.326673791093462,0.324325459448484
"1248","Triaenops parvus","0",0,0.107789333265934,0.109127479647806
"1249","Triaenops persicus","1",12,0.56040261584643,0.557116250933891
"1250","Triaenops rufus","1",0,0.56040261584643,0.557116250933891
"1251","Trinycteris nicefori","1",0,0.379394089752872,0.378272043400599
"1252","Tylonycteris pachypus","0",7,0.431625888099033,0.431665503637017
"1253","Tylonycteris pygmaeus","0",0,0.0388911904130366,0.0390593787024718
"1254","Tylonycteris robustula","0",16,0.456191655852687,0.455627976764739
"1255","Uroderma bakeri","0",0,0.0350129650027815,0.0350797615398701
"1256","Uroderma bilobatum","0",5,0.429196458857703,0.429598449458144
"1257","Uroderma magnirostrum","0",0,0.394684921130961,0.395111674355828
"1258","Vampyressa bidens","0",0,0.393807482160015,0.394324677915895
"1259","Vampyressa brocki",NA,0,0.320101713358838,0.327668648196688
"1260","Vampyressa elisabethae",NA,0,0.0343390610902585,0.0350797615398701
"1261","Vampyressa melissa",NA,0,0.293524457176689,0.300785584563744
"1262","Vampyressa nymphaea","0",0,0.308048336174608,0.307198803835103
"1263","Vampyressa pusilla","0",0,0.0686904514736747,0.0679803917808285
"1264","Vampyressa sinchi",NA,0,0.0343390610902585,0.0350797615398701
"1265","Vampyressa thyone","0",0,0.0936552197526326,0.0924101965993719
"1266","Vampyrodes caraccioli","0",2,0.4002023205697,0.400799450459511
"1267","Vampyrum spectrum","1",0,0.356514814455516,0.354999807446884
"1268","Vespadelus baverstocki","1",0,0.359520573863414,0.357724353070557
"1269","Vespadelus caurinus","1",0,0.309614210806284,0.307344002618622
"1270","Vespadelus darlingtoni","1",0,0.325440536895878,0.323213890590129
"1271","Vespadelus douglasorum","1",0,0.315444454032649,0.313577167055405
"1272","Vespadelus finlaysoni","1",0,0.383224946284487,0.381597030826393
"1273","Vespadelus pumilus","0",0,0.323973195030862,0.323251973736769
"1274","Vespadelus regulus","1",3,0.364723586914435,0.362370300460512
"1275","Vespadelus troughtoni","1",0,0.325930699191649,0.323800301702681
"1276","Vespadelus vulturnus","1",0,0.370622182038455,0.368374906062958
"1277","Vespertilio murinus","1",9,0.713428308848521,0.710425609016987
"1278","Vespertilio sinensis","1",11,0.677783008279599,0.677739226835038
"1279","Xeronycteris vieirai","0",0,0.099495954379349,0.0985958235255922
