"","species","Synurbic","dum_virus","with","without"
"1","Acerodon celebensis","0",1,0.0945060096899354,0.0943451051328916
"2","Acerodon humilis","0",0,0.0383313988458658,0.0382204184785676
"3","Acerodon jubatus","0",0,0.0570790210135844,0.0568588268777681
"4","Acerodon leucotis","0",0,0.0394698201878803,0.0396780170672963
"5","Acerodon mackloti","0",0,0.0389169307913995,0.0400071405860845
"6","Aethalops aequalis","0",0,0.0885801264359026,0.0887530911535748
"7","Aethalops alecto",NA,0,0.0640815849930137,0.0700045502559475
"8","Alionycteris paucidentata",NA,0,0.0381709487910326,0.0418784370666511
"9","Ametrida centurio",NA,0,0.0678308294244424,0.0748905635235311
"10","Amorphochilus schnablii","1",0,0.0780072848570667,0.074889654110891
"11","Anoura canishina","0",0,0.192679892179303,0.207010895147477
"12","Anoura caudifer","0",1,0.360277904927856,0.367734359575481
"13","Anoura cultrata","1",0,0.176018061690202,0.167402879793346
"14","Anoura fistulata","0",0,0.029419402347987,0.0296013797468765
"15","Anoura geoffroyi","0",1,0.721596621634153,0.730851586732759
"16","Anoura latidens","0",0,0.0655184919829397,0.0671813423484958
"17","Anoura luismanueli","0",0,0.0292172021288213,0.0288154109711544
"18","Anthops ornatus",NA,0,0.0237491975564755,0.0267702988766725
"19","Antrozous pallidus","1",1,0.726001097478564,0.731910565593965
"20","Aproteles bulmerae","0",0,0.0437761111755926,0.0429244387306478
"21","Ardops nichollsi","0",1,0.14017482102891,0.141066299674903
"22","Arielulus aureocollaris",NA,0,0.0743229129434881,0.0813587500667942
"23","Arielulus circumdatus",NA,0,0.190585764279821,0.211753356152085
"24","Arielulus cuprosus",NA,0,0.034410495147006,0.0382772420577572
"25","Arielulus societatis","0",0,0.0557703450262056,0.0550853327133977
"26","Arielulus torquatus",NA,0,0.0656948670466904,0.0737609805615924
"27","Ariteus flavescens",NA,0,0.0275860853850952,0.0311432471560056
"28","Artibeus amplus","0",0,0.0722060114751718,0.07149964108617
"29","Artibeus concolor",NA,0,0.113660339463917,0.12429423178806
"30","Artibeus fimbriatus","0",1,0.273500704574035,0.272886350360457
"31","Artibeus fraterculus","1",0,0.151611474222101,0.145210655882444
"32","Artibeus hirsutus","1",1,0.310435205961519,0.306735638700801
"33","Artibeus inopinatus","1",0,0.0876339487456662,0.0833441607294744
"34","Artibeus jamaicensis","1",1,0.754549227322785,0.750399962042337
"35","Artibeus lituratus","1",1,0.699857834551931,0.692285445554019
"36","Artibeus obscurus","0",1,0.430851014825629,0.437224788698859
"37","Artibeus planirostris","0",1,0.115522973246729,0.122354563074838
"38","Asellia arabica","0",0,0.109032593289409,0.115142651035827
"39","Asellia patrizii","1",0,0.0949088124608536,0.0935290668584596
"40","Asellia tridens","1",0,0.205286529460009,0.20518787567196
"41","Aselliscus stoliczkanus","0",1,0.357286767643659,0.362246213508786
"42","Aselliscus tricuspidatus","1",0,0.046945860048364,0.0456036087075412
"43","Balantiopteryx infusca","1",0,0.0643076287578497,0.0605989320221604
"44","Balantiopteryx io","0",0,0.0615308162221282,0.0632755979687474
"45","Balantiopteryx plicata","1",0,0.326132053097476,0.322248419657831
"46","Balionycteris maculata","0",1,0.324911735008672,0.331517207012417
"47","Barbastella barbastellus","1",1,0.550548923109621,0.549713445616807
"48","Barbastella beijingensis","1",0,0.0432928593337795,0.0355665806965842
"49","Barbastella leucomelas","1",0,0.537779034469518,0.539905573603404
"50","Bauerus dubiaquercus","1",1,0.323346699826888,0.313052866477486
"51","Brachyphylla cavernarum","1",0,0.0719036580194627,0.0658997270131081
"52","Brachyphylla nana","0",0,0.0704933437332624,0.0701004686762775
"53","Cardioderma cor","1",1,0.363674791115377,0.366112284212659
"54","Carollia benkeithi",NA,0,0.0605662017064999,0.0707441245286547
"55","Carollia brevicauda","1",1,0.482890720902462,0.47277883267702
"56","Carollia castanea","0",0,0.127677530404736,0.130584212581842
"57","Carollia manu","1",0,0.0428085441544546,0.0359444087618516
"58","Carollia perspicillata","1",1,0.643338363769922,0.638012572875748
"59","Carollia sowelli","1",1,0.467873210901374,0.457986978336757
"60","Carollia subrufa","1",0,0.125369897943839,0.122248636795786
"61","Casinycteris argynnis","0",1,0.181258450392618,0.178543884665422
"62","Casinycteris campomaanensis",NA,0,0.0250978422472961,0.0279526705344929
"63","Casinycteris ophiodon","0",0,0.114478888608115,0.113867381125281
"64","Centronycteris centralis","0",0,0.1402145474695,0.141864000521528
"65","Centronycteris maximiliani","0",0,0.155417861807977,0.156668173497889
"66","Centurio senex","0",0,0.350485086614134,0.356334278782145
"67","Chaerephon aloysiisabaudiae","0",0,0.167994220510835,0.169602432495618
"68","Chaerephon ansorgei","1",0,0.350473738877361,0.341968121530649
"69","Chaerephon atsinanana","1",0,0.147138818947793,0.132603877373661
"70","Chaerephon bemmeleni","0",0,0.285885064031217,0.290936890435471
"71","Chaerephon bivittatus","1",0,0.369964150262219,0.368301988781787
"72","Chaerephon bregullae","0",0,0.0393270146847801,0.039456742305631
"73","Chaerephon chapini","1",0,0.168791032813251,0.159748205957892
"74","Chaerephon gallagheri","0",0,0.0452023041968089,0.0440444384926566
"75","Chaerephon jobensis","1",0,0.167455777779244,0.16857418090711
"76","Chaerephon johorensis",NA,0,0.0601146753137098,0.0663533580084134
"77","Chaerephon major","1",0,0.293418765567867,0.290734106660149
"78","Chaerephon nigeriae","1",0,0.301908767849571,0.295803793839229
"79","Chaerephon plicatus","1",1,0.494200601114225,0.492353909438671
"80","Chaerephon pumilus","1",1,0.754638976075771,0.754128575833817
"81","Chaerephon russatus","0",0,0.2217096160812,0.222701755415927
"82","Chaerephon solomonis","0",0,0.0239203527048483,0.0237067993383687
"83","Chaerephon tomensis",NA,0,0.0325614990357374,0.0359328719932589
"84","Chalinolobus dwyeri","1",0,0.205919082719616,0.205515776322352
"85","Chalinolobus gouldii","1",1,0.358780296684092,0.356283779944775
"86","Chalinolobus morio","1",1,0.394428306767264,0.393863127158734
"87","Chalinolobus neocaledonicus","1",0,0.0429405791622143,0.0390202220847645
"88","Chalinolobus nigrogriseus","1",0,0.138923822571655,0.142318613823024
"89","Chalinolobus picatus","1",0,0.0545036635704142,0.0544549155916043
"90","Chalinolobus tuberculatus","0",1,0.232269798641041,0.239601511727652
"91","Cheiromeles parvidens","0",0,0.052843495082579,0.0525519951444556
"92","Cheiromeles torquatus","1",0,0.216669753262158,0.210097994012516
"93","Chilonatalus micropus","0",0,0.0313438478137435,0.0315810550122823
"94","Chilonatalus tumidifrons","0",0,0.0445100150838033,0.0441837273805412
"95","Chiroderma doriae",NA,0,0.185794111817507,0.20627292556564
"96","Chiroderma improvisum",NA,0,0.0614920996032306,0.0658663852246142
"97","Chiroderma salvini","1",0,0.445636101447084,0.434129929675545
"98","Chiroderma trinitatum","0",0,0.201429935299485,0.204060572058886
"99","Chiroderma villosum","1",0,0.333038289206662,0.319130113029373
"100","Chiroderma vizottoi",NA,0,0.0265098013104398,0.0295730627651068
"101","Chironax melanocephalus","0",0,0.137793686969544,0.137659717489806
"102","Choeroniscus godmani",NA,1,0.211121023523362,0.236513505073572
"103","Choeroniscus minor","0",0,0.154007930652866,0.158129352025836
"104","Choeroniscus periosus",NA,0,0.0379327241531872,0.0422145550014144
"105","Choeronycteris mexicana","1",0,0.278498279950713,0.274854776320775
"106","Chrotopterus auritus","1",1,0.466476079259413,0.464601411524349
"107","Cistugo lesueuri","1",0,0.172662723271338,0.169388251331736
"108","Cistugo seabrae",NA,0,0.0479690116836178,0.0546330888967445
"109","Cloeotis percivali","1",0,0.234979196442928,0.233134682747161
"110","Coelops frithii","1",0,0.306687559432759,0.299779852487984
"111","Coelops hirsutus","0",0,0.0341488542243068,0.0348183046356991
"112","Coelops robinsoni","0",0,0.0581390052057102,0.0595307584792115
"113","Coleura afra","1",1,0.478162440296729,0.480367908253097
"114","Coleura kibomalandy","0",1,0.105212814941336,0.112627479342446
"115","Coleura seychellensis","0",0,0.0479502016117184,0.0487119598480358
"116","Cormura brevirostris","1",0,0.10735941678271,0.103039151032053
"117","Corynorhinus mexicanus","1",0,0.191538826749357,0.187392547241335
"118","Corynorhinus rafinesquii","1",0,0.331003733615318,0.328390214567418
"119","Corynorhinus townsendii","1",1,0.666779337622161,0.670595492010234
"120","Craseonycteris thonglongyai","0",0,0.037594279370471,0.0378203010711626
"121","Cynomops abrasus","0",1,0.349651785075917,0.353186580815019
"122","Cynomops greenhalli","1",0,0.166409449570145,0.163393578398186
"123","Cynomops mexicanus","1",0,0.162079473852136,0.157518042548359
"124","Cynomops paranus",NA,0,0.282506484231537,0.307894833205212
"125","Cynomops planirostris","1",1,0.369400938781136,0.357656403827733
"126","Cynopterus brachyotis","0",1,0.459901209655577,0.466146693548343
"127","Cynopterus horsfieldii","0",1,0.302720462566484,0.306384702913325
"128","Cynopterus luzoniensis",NA,0,0.0634288076531058,0.0706394460281587
"129","Cynopterus minutus",NA,0,0.224920970797534,0.247677488539447
"130","Cynopterus nusatenggara",NA,0,0.0428296946554405,0.0476868900070365
"131","Cynopterus sphinx","1",1,0.484153271917452,0.473468598358638
"132","Cynopterus titthaecheilus","1",0,0.138525176963451,0.132218389586108
"133","Cyttarops alecto","0",0,0.0521100021914122,0.0523376047502525
"134","Dermanura anderseni","0",0,0.107213130699314,0.107335226553024
"135","Dermanura aztecus","1",0,0.328411311046663,0.320026093614327
"136","Dermanura bogotensis","0",0,0.0925880539913238,0.0980926534554866
"137","Dermanura cinereus","0",1,0.192182242428955,0.194100421005887
"138","Dermanura glaucus","0",1,0.382271380943356,0.385593782579697
"139","Dermanura gnomus","0",0,0.180181383592293,0.181059201244804
"140","Dermanura incomitatus","0",0,0.0677453894898367,0.0682495398432058
"141","Dermanura phaeotis","0",1,0.479779446193272,0.49339805786054
"142","Dermanura rava",NA,0,0.0805169675636489,0.0953907015325747
"143","Dermanura rosenbergii","0",0,0.0781531778834394,0.080113889568811
"144","Dermanura toltecus","1",1,0.600701598099578,0.598746241028475
"145","Dermanura watsoni","0",0,0.0677453894898367,0.0682495398432058
"146","Desmalopex leucopterus","0",0,0.0465489335355645,0.0459494014769561
"147","Desmalopex microleucopterus",NA,0,0.0275319262994563,0.0305390196366453
"148","Desmodus rotundus","1",1,0.563945404578103,0.562564009857856
"149","Diaemus youngi","0",1,0.574763628743037,0.592352205163631
"150","Diclidurus albus","0",1,0.449232163515329,0.460389384467073
"151","Diclidurus ingens","1",0,0.103948222654761,0.0971690285541097
"152","Diclidurus isabellus",NA,0,0.066299108118248,0.0732865699795902
"153","Diclidurus scutatus","0",0,0.0999955221145824,0.100072168775673
"154","Diphylla ecaudata","1",1,0.453362157808642,0.45353725941528
"155","Dobsonia anderseni","1",0,0.0568987190885965,0.0538593314537208
"156","Dobsonia beauforti","0",0,0.0554311060883587,0.0568199145135635
"157","Dobsonia chapmani","0",0,0.0644278764704341,0.0660157491144559
"158","Dobsonia crenulata","0",0,0.0430268336639499,0.0449214841235091
"159","Dobsonia emersa","0",0,0.0411405127128737,0.0414873245971175
"160","Dobsonia exoleta","0",0,0.13261331630819,0.133422846600541
"161","Dobsonia inermis","0",0,0.0524586836818455,0.0546632901709103
"162","Dobsonia minor","0",0,0.0743432892112832,0.0743734554446599
"163","Dobsonia moluccensis","1",1,0.0699187683238146,0.0652944109754585
"164","Dobsonia pannietensis","0",0,0.0287837326519914,0.0291128753104584
"165","Dobsonia peronii","0",0,0.0559045559368329,0.0585833875091058
"166","Dobsonia praedatrix","0",0,0.0377879388066173,0.0382141072231525
"167","Dobsonia viridis","0",0,0.0836691236142628,0.0846387424196372
"168","Dryadonycteris capixaba","0",0,0.025547876796486,0.0254064421758688
"169","Dyacopterus brooksi","0",0,0.122186875334738,0.120059639236683
"170","Dyacopterus rickarti","0",0,0.0367214420478063,0.037358704979936
"171","Dyacopterus spadiceus","0",1,0.199549447717927,0.200497959241854
"172","Ectophylla alba","0",0,0.0372618495940275,0.0370946099691517
"173","Eidolon dupreanum","0",1,0.416879008761995,0.424005920309012
"174","Eidolon helvum","0",1,0.610832721022444,0.626276118692627
"175","Emballonura alecto","1",0,0.239053333970771,0.235993724250344
"176","Emballonura atrata","0",0,0.114911439352882,0.116153903807476
"177","Emballonura beccarii","0",0,0.0323779984907756,0.0322919843383857
"178","Emballonura dianae","0",0,0.0532794675081909,0.053786940377048
"179","Emballonura furax","1",0,0.0414229763925884,0.039215818209292
"180","Emballonura monticola","1",0,0.227685025545637,0.223242244072797
"181","Emballonura raffrayana","0",0,0.0563550138756572,0.0571590568626391
"182","Emballonura semicaudata","0",0,0.067778282367046,0.0685843229181685
"183","Emballonura serii","0",0,0.0191183077977221,0.0193050094716811
"184","Emballonura tiavato","0",0,0.119803423658813,0.125551964891936
"185","Enchisthenes hartii","0",0,0.463744704989506,0.470392278658046
"186","Eonycteris major","0",0,0.0775659513664458,0.0769187342240639
"187","Eonycteris robusta","0",0,0.0629147195544057,0.0623283393712759
"188","Eonycteris spelaea","0",1,0.674282843326086,0.688831886093441
"189","Epomophorus angolensis",NA,0,0.0952762677906042,0.106577144500937
"190","Epomophorus anselli",NA,0,0.0362430898691851,0.0401489344573537
"191","Epomophorus crypturus","0",0,0.280098170687226,0.283738791273875
"192","Epomophorus gambianus","0",1,0.385993216355769,0.395131659544082
"193","Epomophorus grandis",NA,0,0.119722344492814,0.129979117579011
"194","Epomophorus labiatus","0",1,0.336557004356492,0.341814976456002
"195","Epomophorus minimus",NA,0,0.230060670526533,0.252364463525513
"196","Epomophorus wahlbergi","1",1,0.474018272668829,0.466779955126571
"197","Epomops buettikoferi","0",1,0.227009458489702,0.232078169105118
"198","Epomops dobsonii","0",1,0.205391709079454,0.207386904342867
"199","Epomops franqueti","0",1,0.38225204830535,0.387197289902097
"200","Eptesicus andinus",NA,0,0.17831016019178,0.194950943063515
"201","Eptesicus bobrinskoi",NA,0,0.0624809073172043,0.0694562357941668
"202","Eptesicus bottae","1",0,0.347698213307193,0.347970445114308
"203","Eptesicus brasiliensis","1",1,0.605910675020722,0.598634051585684
"204","Eptesicus chiriquinus",NA,0,0.0820858744567377,0.0904811408327385
"205","Eptesicus diminutus",NA,1,0.269182269652186,0.29996420904282
"206","Eptesicus dimissus",NA,0,0.0636570615438882,0.0699185682987052
"207","Eptesicus floweri",NA,0,0.0643891514231699,0.0731755980996657
"208","Eptesicus furinalis","1",1,0.678676377088154,0.677744361108398
"209","Eptesicus fuscus","1",1,0.775029449756924,0.777054989632967
"210","Eptesicus gobiensis","1",0,0.605851576953036,0.60361081413778
"211","Eptesicus guadeloupensis","0",0,0.0421039626103267,0.0420936759701415
"212","Eptesicus hottentotus","1",1,0.463689369174223,0.464579811717505
"213","Eptesicus innoxius","1",0,0.0411685524916016,0.0390839239994762
"214","Eptesicus isabellinus","1",1,0.20204779831143,0.188109324125331
"215","Eptesicus japonensis","1",1,0.468264251630562,0.461516402356718
"216","Eptesicus kobayashii",NA,0,0.0768308024679834,0.0870505883255911
"217","Eptesicus lobatus","1",0,0.14438245029178,0.126556294908331
"218","Eptesicus nasutus","1",0,0.0984178637659916,0.0984952153100959
"219","Eptesicus nilssonii","1",1,0.659534173471604,0.661149484115657
"220","Eptesicus pachyomus","1",1,0.247406397525882,0.230854289728491
"221","Eptesicus pachyotis","0",0,0.145092549459997,0.145907638237857
"222","Eptesicus platyops",NA,0,0.136807610141286,0.152684942899632
"223","Eptesicus serotinus","1",1,0.843112496499497,0.842121777812886
"224","Eptesicus tatei",NA,0,0.143661640445682,0.156007615950241
"225","Erophylla bombifrons","0",0,0.0757453584244477,0.074803659257751
"226","Erophylla sezekorni","0",0,0.099266407072635,0.0986443748925479
"227","Euderma maculatum","0",1,0.584060362608771,0.600409988861375
"228","Eudiscoderma thongareeae","1",0,0.033774614759978,0.0275968719140448
"229","Eudiscopus denticulus","0",0,0.0835234227603852,0.0826355714146417
"230","Eumops auripendulus","1",1,0.551311065905749,0.538801487022253
"231","Eumops bonariensis","1",1,0.565192384732871,0.562138378351567
"232","Eumops chiribaya","1",0,0.0416804932089146,0.0345053250273222
"233","Eumops dabbenei","1",0,0.374427643178029,0.364936187646127
"234","Eumops ferox","1",0,0.131902356048123,0.116574160509238
"235","Eumops floridanus","1",0,0.116811274295074,0.102150846180683
"236","Eumops glaucinus","1",1,0.608971595738274,0.600624257156636
"237","Eumops hansae","0",0,0.0977895412925934,0.101398470557244
"238","Eumops maurus","1",0,0.0427794379797875,0.0400922449186569
"239","Eumops patagonicus","1",1,0.347599856316094,0.337245061498825
"240","Eumops perotis","1",1,0.705856312768571,0.700487794116245
"241","Eumops trumbulli","1",0,0.183026364914327,0.174904660809149
"242","Eumops underwoodi","0",0,0.332730212991546,0.343850927755443
"243","Eumops wilsoni","1",0,0.0966580855255107,0.0828287075102869
"244","Falsistrellus affinis","1",0,0.223443357036193,0.21046666446315
"245","Falsistrellus mackenziei","0",1,0.195119755944439,0.199220742615445
"246","Falsistrellus mordax",NA,0,0.0576188818955849,0.0634088257718873
"247","Falsistrellus petersi","1",0,0.189580598833239,0.181223940585501
"248","Falsistrellus tasmaniensis","1",0,0.28586950203521,0.279364424378863
"249","Furipterus horrens","0",0,0.254565093667357,0.259045535427527
"250","Glauconycteris alboguttata","0",0,0.0940877260238571,0.0936218130901228
"251","Glauconycteris argentata","0",1,0.298367324505653,0.306549231974624
"252","Glauconycteris beatrix","0",0,0.103620541711079,0.104712916373279
"253","Glauconycteris curryae",NA,0,0.0344415055738705,0.036954061036704
"254","Glauconycteris egeria","0",0,0.063965703391797,0.0631882545829593
"255","Glauconycteris gleni","0",0,0.0854253925343182,0.0844031962942178
"256","Glauconycteris humeralis","0",0,0.0662626617422888,0.0648108667161316
"257","Glauconycteris kenyacola","0",0,0.0558602926900375,0.054556887155443
"258","Glauconycteris machadoi",NA,0,0.044585968447388,0.0486831874368644
"259","Glauconycteris poensis","0",0,0.210239423510036,0.215077726835024
"260","Glauconycteris superba","0",1,0.164492307467111,0.168401085739576
"261","Glauconycteris variegata","1",1,0.605968859192907,0.603696515005684
"262","Glischropus aquilus","0",0,0.0341396695499045,0.0347957509617966
"263","Glischropus bucephalus","0",0,0.112814665605983,0.116570264424016
"264","Glischropus javanus","0",0,0.0486491819899743,0.0470168931582983
"265","Glischropus tylopus","0",0,0.208131184728721,0.208515583611343
"266","Glossophaga commissarisi","1",1,0.349607617899371,0.338829210409726
"267","Glossophaga leachii","1",1,0.290435033885942,0.287119327939445
"268","Glossophaga longirostris","1",0,0.114602864760289,0.114581181747018
"269","Glossophaga morenoi","1",1,0.281776129803023,0.279020077254143
"270","Glossophaga soricina","1",1,0.716512856287072,0.714592137647937
"271","Glyphonycteris behnii",NA,0,0.0898431127248248,0.101157643244927
"272","Glyphonycteris daviesi","0",0,0.0912668280861368,0.0929514046457711
"273","Glyphonycteris sylvestris","0",0,0.236900209467924,0.24537082336504
"274","Haplonycteris fischeri","0",0,0.0753321705424055,0.0759636965562097
"275","Harpiocephalus harpia","0",0,0.368544513815773,0.372257310180476
"276","Harpiocephalus mordax","0",0,0.368544513815773,0.372257310180476
"277","Harpiola grisea",NA,0,0.0669362588320467,0.0736133639606091
"278","Harpiola isodon",NA,0,0.0278797742132785,0.0316518232859252
"279","Harpyionycteris celebensis",NA,0,0.0616146299683495,0.0679754644084044
"280","Harpyionycteris whiteheadi","0",0,0.0809403686983818,0.0804513644825475
"281","Hesperoptenus blanfordi","0",0,0.0670483677070809,0.0668941213755233
"282","Hesperoptenus doriae","0",0,0.0344624222220411,0.033942122413984
"283","Hesperoptenus gaskelli","0",0,0.0330480871964112,0.0322926586961818
"284","Hesperoptenus tickelli","0",0,0.156262759201314,0.160525771609894
"285","Hesperoptenus tomesi","0",0,0.0772366259390704,0.0753374649244428
"286","Hipposideros abae","0",1,0.410957305247159,0.427294289581445
"287","Hipposideros alongensis","0",0,0.102486955735168,0.10783911477594
"288","Hipposideros armiger","1",1,0.412403295309305,0.400292097377153
"289","Hipposideros ater","1",0,0.571159613184894,0.572257573161503
"290","Hipposideros beatus","1",1,0.264170972900078,0.25835815631887
"291","Hipposideros bicolor","0",1,0.394823513701261,0.401164445366182
"292","Hipposideros boeadii",NA,0,0.0425566287427087,0.0475712781766265
"293","Hipposideros breviceps","0",0,0.0426158512221641,0.0425520205363148
"294","Hipposideros caffer","1",1,0.679958369185008,0.67813695670651
"295","Hipposideros calcaratus","1",0,0.0626815104079363,0.0610798564954857
"296","Hipposideros camerunensis",NA,0,0.0775507138307428,0.0856957130320884
"297","Hipposideros cervinus","1",1,0.28991918489372,0.291915005363319
"298","Hipposideros cineraceus","0",1,0.3454267337698,0.353228475378877
"299","Hipposideros commersoni","0",1,0.578368461718342,0.592951527575935
"300","Hipposideros coronatus","0",0,0.0484802212265363,0.0488435284839378
"301","Hipposideros corynophyllus","0",0,0.0549881826209858,0.0545721360992485
"302","Hipposideros coxi","0",0,0.0655790954101408,0.0650814486143166
"303","Hipposideros crumeniferus",NA,0,0.029181633265681,0.032324775688599
"304","Hipposideros curtus","1",0,0.101575547817628,0.0969036202318
"305","Hipposideros cyclops","1",1,0.292880824428937,0.285873120226133
"306","Hipposideros demissus","0",0,0.0275821735869201,0.0274687254571606
"307","Hipposideros diadema","1",1,0.356947905146512,0.35723431787562
"308","Hipposideros dinops","0",0,0.0325970980960135,0.0329719257868066
"309","Hipposideros doriae",NA,0,0.0301164725475991,0.0328026554048125
"310","Hipposideros durgadasi","0",0,0.0518020990492568,0.0511747330074025
"311","Hipposideros dyacorum","0",0,0.0696041599881501,0.0712347439151354
"312","Hipposideros edwardshilli","0",0,0.039071044913619,0.0390917392845363
"313","Hipposideros einnaythu","1",0,0.0358209016671598,0.0291785084728419
"314","Hipposideros fuliginosus","0",1,0.274999643589189,0.280521908908137
"315","Hipposideros fulvus","1",0,0.166584452649029,0.167987264646791
"316","Hipposideros galeritus","1",1,0.52036057544165,0.519349033325333
"317","Hipposideros gigas","0",1,0.502460462181205,0.512294987914784
"318","Hipposideros grandis",NA,0,0.128598819190279,0.143377879464468
"319","Hipposideros griffini","0",0,0.0319642460214443,0.0324922731557621
"320","Hipposideros halophyllus","0",0,0.0432253317089979,0.0434633367880726
"321","Hipposideros hypophyllus","0",0,0.0425133125170469,0.0419187186609308
"322","Hipposideros inexpectatus","0",0,0.0527052250015186,0.0507400849301497
"323","Hipposideros inornatus","1",0,0.0676025794999127,0.0663441365501814
"324","Hipposideros jonesi","1",1,0.298648897566787,0.296597468137683
"325","Hipposideros khaokhouayensis",NA,0,0.0751487577692197,0.0870019535219822
"326","Hipposideros lamottei","1",0,0.157609604070897,0.152244104361162
"327","Hipposideros lankadiva","1",1,0.284051058517738,0.282680085868574
"328","Hipposideros larvatus","1",1,0.628812747225659,0.621309254129804
"329","Hipposideros lekaguli","0",1,0.0897781450728902,0.08946433117437
"330","Hipposideros lylei","0",0,0.196429329175654,0.199735531066091
"331","Hipposideros macrobullatus","0",0,0.0493464356331535,0.0502526991480573
"332","Hipposideros madurae","0",0,0.0795369503180258,0.0796726240453396
"333","Hipposideros maggietaylorae","1",0,0.0619332678567253,0.0609983571212233
"334","Hipposideros marisae","1",0,0.100884257313976,0.0974990391112225
"335","Hipposideros megalotis","1",0,0.0826105007391153,0.0777640972906421
"336","Hipposideros muscinus","0",0,0.0403142810894414,0.0406102850729526
"337","Hipposideros nequam",NA,0,0.0639500440089236,0.0703995894057322
"338","Hipposideros obscurus","1",0,0.0717532156032554,0.0684911241923288
"339","Hipposideros orbiculus",NA,0,0.0424090682551285,0.0464163949088173
"340","Hipposideros papua","0",0,0.0595920503616579,0.0593617970789519
"341","Hipposideros pelingensis","0",0,0.0269996610163458,0.027347730525245
"342","Hipposideros pendelburyi","0",0,0.0909257822217797,0.0951563253901976
"343","Hipposideros pomona","1",1,0.317629087789677,0.307712186572332
"344","Hipposideros pratti","0",1,0.423341563328938,0.430508886516833
"345","Hipposideros pygmaeus","0",0,0.0414246999823951,0.0415217978719258
"346","Hipposideros ridleyi","1",0,0.100351941613657,0.092826191317664
"347","Hipposideros rotalis","0",0,0.0884436219456914,0.0869538570466397
"348","Hipposideros ruber","1",1,0.391791133550883,0.38571120143464
"349","Hipposideros scutinares","0",0,0.0538157277998984,0.0549523800436258
"350","Hipposideros semoni","1",0,0.0714030870744793,0.0699903110941055
"351","Hipposideros sorenseni","0",0,0.0462068405556766,0.0460016436616344
"352","Hipposideros speoris","1",0,0.285558679292327,0.287151999528162
"353","Hipposideros stenotis","1",0,0.0626542347631984,0.0622380540504459
"354","Hipposideros sumbae","1",0,0.0393788657458913,0.0359735280686712
"355","Hipposideros thomensis","1",0,0.0660165846311584,0.0580085384320038
"356","Hipposideros turpis","1",1,0.453879053089434,0.448702589438252
"357","Hipposideros vittatus","1",1,0.349887366171391,0.339812840094286
"358","Hipposideros wollastoni","0",0,0.041012239242551,0.0412245716044477
"359","Histiotus alienus",NA,0,0.181572203686364,0.20021144688018
"360","Histiotus humboldti",NA,0,0.047305025747714,0.0527780736935626
"361","Histiotus laephotis","1",1,0.415630405599951,0.407837651151754
"362","Histiotus macrotus","1",1,0.674475948300643,0.666369022224993
"363","Histiotus magellanicus","0",0,0.309746230580003,0.315983760356656
"364","Histiotus montanus","1",1,0.622508151182729,0.617999612724128
"365","Histiotus velatus","1",1,0.332555964122358,0.320659001230859
"366","Hsunycteris cadenai",NA,0,0.0198222888051044,0.0221059577496109
"367","Hsunycteris pattoni",NA,0,0.0199753787950061,0.0220471077423655
"368","Hsunycteris thomasi","0",1,0.235898597636376,0.236942904360952
"369","Hylonycteris underwoodi","1",0,0.290421656105022,0.289308083616175
"370","Hypsignathus monstrosus","0",1,0.472593076515184,0.481572721786812
"371","Hypsugo anchietae","0",0,0.345205874472436,0.353556369114947
"372","Hypsugo bemainty",NA,0,0.0727738874852118,0.083621978030404
"373","Hypsugo dolichodon","0",0,0.0309110841091982,0.0311390910059863
"374","Hypsugo lanzai",NA,0,0.0332844724988876,0.0373650814181825
"375","Ia io","0",1,0.371443288776445,0.374785935335739
"376","Idionycteris phyllotis","1",0,0.521359237355485,0.525563550030548
"377","Kerivoula africana","0",0,0.0712987339262,0.071635309363357
"378","Kerivoula agnella",NA,0,0.0180312515553981,0.0202817328542953
"379","Kerivoula argentata","1",1,0.373115658004883,0.359821902731771
"380","Kerivoula cuprosa","0",0,0.0578851337106799,0.0575873673564114
"381","Kerivoula eriophora",NA,0,0.0439156746038985,0.0482940407641136
"382","Kerivoula flora",NA,0,0.0516237883983657,0.0580310946169695
"383","Kerivoula hardwickii","1",1,0.30896251263811,0.301128046978878
"384","Kerivoula intermedia",NA,0,0.0254057381334014,0.0281403249326973
"385","Kerivoula kachinensis",NA,0,0.0714578725001757,0.0808355135585751
"386","Kerivoula krauensis",NA,0,0.0603225330573128,0.0662080850297361
"387","Kerivoula lanosa","0",0,0.314121651485192,0.329766161092926
"388","Kerivoula lenis",NA,0,0.0643576459226506,0.072997066032469
"389","Kerivoula minuta",NA,0,0.0240063672432823,0.026389209608531
"390","Kerivoula muscina","0",0,0.0305731585526937,0.0303943310120033
"391","Kerivoula myrella",NA,0,0.0195684333902127,0.0220902948310403
"392","Kerivoula papillosa","0",0,0.194371233681621,0.19579465075387
"393","Kerivoula pellucida","0",0,0.0978531481427692,0.0977627020680147
"394","Kerivoula phalaena",NA,0,0.056819941927162,0.0633001456659127
"395","Kerivoula picta","1",0,0.325113695364115,0.315681696135757
"396","Kerivoula smithii",NA,0,0.0788834255568182,0.0888345537411812
"397","Kerivoula titania",NA,1,0.0738492351948136,0.0822333681801262
"398","Kerivoula whiteheadi","0",0,0.0779163240154696,0.0767690302973907
"399","Laephotis angolensis",NA,0,0.041598493157614,0.0463040745400516
"400","Laephotis botswanae","0",0,0.124269093705321,0.127492136688574
"401","Laephotis namibensis","0",0,0.0544344247722766,0.0557909930343768
"402","Laephotis wintoni","0",0,0.285147100756493,0.300622061386407
"403","Lampronycteris brachyotis","1",0,0.128881252283021,0.128725485106608
"404","Lasionycteris noctivagans","1",1,0.797297675867605,0.799197735679322
"405","Lasiurus atratus","0",0,0.0545332393612945,0.0555225195463864
"406","Lasiurus blossevillii","1",1,0.60841051755679,0.603845335333459
"407","Lasiurus borealis","0",1,0.579584550871753,0.589004229777455
"408","Lasiurus castaneus",NA,0,0.0263082961635216,0.0287703084120113
"409","Lasiurus cinereus","1",1,0.830963582569629,0.828557062942646
"410","Lasiurus degelidus","0",0,0.0447873139545839,0.0446688818123427
"411","Lasiurus ebenus",NA,0,0.0645002506172039,0.071099786610598
"412","Lasiurus ega","1",1,0.623182443761073,0.611480826259491
"413","Lasiurus egregius",NA,0,0.112717029804332,0.125403840169929
"414","Lasiurus insularis","0",0,0.0827564316255031,0.0807854464020103
"415","Lasiurus intermedius","0",1,0.486224217687843,0.49112099776718
"416","Lasiurus minor","0",0,0.0706144998363179,0.0693863175595329
"417","Lasiurus pfeifferi","0",0,0.0712927863502395,0.0704923976660817
"418","Lasiurus seminolus","0",1,0.516825660788758,0.517530150927574
"419","Lasiurus varius","0",0,0.0879280557155016,0.0909849903595779
"420","Lasiurus xanthinus","0",1,0.505385489393319,0.510795600800116
"421","Latidens salimalii","0",0,0.0653334346698787,0.0643306164051428
"422","Lavia frons","1",0,0.316881204320911,0.314555408348068
"423","Leptonycteris curasoae","0",0,0.0643692280849507,0.0648276774145457
"424","Leptonycteris nivalis","1",1,0.543994540879919,0.539170811941918
"425","Leptonycteris yerbabuenae","0",0,0.216699797809975,0.222583407661378
"426","Lichonycteris obscura","0",1,0.345846267944513,0.348852458667304
"427","Lionycteris spurrelli","0",0,0.13265207242227,0.136340472880835
"428","Lonchophylla bokermanni","1",0,0.089341539270732,0.0827105639636117
"429","Lonchophylla chocoana",NA,0,0.0317133295625752,0.0350451519147434
"430","Lonchophylla concava","1",0,0.0987461122776773,0.0847997660606045
"431","Lonchophylla dekeyseri","1",0,0.051088184200099,0.0466962740849515
"432","Lonchophylla fornicata","1",0,0.0264203325662422,0.0216277706898051
"433","Lonchophylla handleyi","0",0,0.0651641948273253,0.0653253348612714
"434","Lonchophylla hesperia","1",0,0.0834672135899368,0.0781796207325754
"435","Lonchophylla inexpectata",NA,0,0.0301883158286874,0.0339051944051908
"436","Lonchophylla mordax","0",0,0.257210588211153,0.263052217959604
"437","Lonchophylla orcesi",NA,0,0.0317101782534267,0.0350254471271757
"438","Lonchophylla orienticollina","0",0,0.0219521881030357,0.022006853521321
"439","Lonchophylla peracchii",NA,0,0.0579934700567044,0.0665181834387178
"440","Lonchophylla robusta","1",0,0.194461909004126,0.187344865674712
"441","Lonchophylla thomasi","0",0,0.235898597636376,0.236942904360952
"442","Lonchorhina aurita","1",1,0.462765144838026,0.46043486497665
"443","Lonchorhina fernandezi","0",0,0.0186226743040899,0.0186675066387322
"444","Lonchorhina inusitata","0",0,0.0486910533349371,0.0477954869989068
"445","Lonchorhina marinkellei","0",0,0.0272686245828614,0.0273202277550359
"446","Lonchorhina orinocensis","0",0,0.0650792611130722,0.0669491578708978
"447","Lophostoma aequatorialis","0",0,0.0621887694086342,0.0654554448553585
"448","Lophostoma brasiliense","0",0,0.19931021317097,0.205388738401321
"449","Lophostoma carrikeri","0",0,0.0976742581411138,0.0988629486445265
"450","Lophostoma evotis","1",0,0.0829258143680293,0.0765859111943372
"451","Lophostoma kalkoae","0",0,0.0262044325461163,0.0260784639952834
"452","Lophostoma schulzi",NA,0,0.0416837373394103,0.0455656437731108
"453","Lophostoma silvicolum","0",0,0.327988935832924,0.33585205308875
"454","Lophostoma yasuni","0",0,0.0976742581411138,0.0988629486445265
"455","Macroderma gigas","1",0,0.111021371823694,0.11311693863386
"456","Macroglossus minimus","1",1,0.39541497266289,0.395592589545152
"457","Macroglossus sobrinus","1",1,0.580214298972857,0.566692097085759
"458","Macrophyllum macrophyllum","1",0,0.39339071213006,0.38282717286926
"459","Macrotus californicus","1",1,0.387885329119733,0.389575794010133
"460","Macrotus waterhousii","1",1,0.35778274220064,0.355148260597244
"461","Megaderma lyra","1",1,0.372263572106463,0.375596214339447
"462","Megaderma spasma","1",1,0.474084246328381,0.477109899216981
"463","Megaerops ecaudatus",NA,0,0.194649416384022,0.210597871601803
"464","Megaerops kusnotoi","0",1,0.0964868461340538,0.0941033070090475
"465","Megaerops niphanae",NA,1,0.102251627772607,0.111759392964238
"466","Megaerops wetmorei","0",0,0.0546561442334253,0.0532790121484065
"467","Megaloglossus azagnyi","1",0,0.181692789076219,0.161534950036015
"468","Megaloglossus woermanni","1",1,0.432823485827098,0.426465307281784
"469","Melonycteris fardoulisi","0",0,0.0250770906423203,0.0249561864601024
"470","Melonycteris melanops","0",0,0.0456916719857732,0.0466405262295939
"471","Melonycteris woodfordi","0",0,0.0428835615796925,0.0437462469416037
"472","Mesophylla macconnelli","0",1,0.229811538454434,0.230098387364076
"473","Micronycteris brosseti","0",0,0.0383195303254622,0.0376274422204809
"474","Micronycteris buriri","0",0,0.0235863839767396,0.0238419442532589
"475","Micronycteris giovanniae",NA,0,0.0237960425337113,0.0261604721716157
"476","Micronycteris hirsuta","1",0,0.0747207737599178,0.0725708426391427
"477","Micronycteris matses","0",0,0.0249198308251304,0.0243658261485051
"478","Micronycteris megalotis","1",0,0.230857598869421,0.225880977736778
"479","Micronycteris microtis","1",0,0.179880430490424,0.177793273386264
"480","Micronycteris minuta","1",0,0.209851727586896,0.204532688682294
"481","Micronycteris sanborni","0",0,0.0554869415416589,0.055944609731831
"482","Micronycteris schmidtorum","1",0,0.120208385095074,0.115061147503311
"483","Micronycteris yatesi",NA,0,0.0213768709037479,0.0237885447726498
"484","Micropteropus intermedius","0",0,0.111831791828113,0.110418307876199
"485","Micropteropus pusillus","0",1,0.601506434277819,0.615017952865474
"486","Mimetillus moloneyi","1",0,0.237789672049868,0.231299181155543
"487","Mimon bennettii","1",0,0.278581496610688,0.280773467593245
"488","Mimon cozumelae","1",0,0.218260452171185,0.211898518742928
"489","Mimon crenulatum","0",0,0.266499575019529,0.27184961379549
"490","Mimon koepckeae",NA,0,0.0357154112768766,0.040161754384474
"491","Miniopterus aelleni","0",0,0.206375553333898,0.216150169662624
"492","Miniopterus ambohitrensis","0",0,0.202340615934353,0.21212855523009
"493","Miniopterus australis","1",0,0.476222857303796,0.468775760605304
"494","Miniopterus brachytragos","0",0,0.209554167654006,0.221650307225627
"495","Miniopterus egeri","0",0,0.234100967401102,0.248564166665383
"496","Miniopterus fraterculus","1",1,0.661532245640265,0.656428010986772
"497","Miniopterus fuliginosus","0",1,0.70528578626255,0.721308238470508
"498","Miniopterus fuscus","1",1,0.242982341223933,0.226890107099951
"499","Miniopterus gleni","0",1,0.385792955922421,0.391673968996881
"500","Miniopterus griffithsi","0",0,0.164249277892017,0.170875686381163
"501","Miniopterus griveaudi","0",1,0.29411764134002,0.298554629358465
"502","Miniopterus inflatus","1",1,0.467116373969578,0.456625624385266
"503","Miniopterus macrocneme","0",0,0.157322920622597,0.16067787337563
"504","Miniopterus maghrebensis","0",0,0.15417238848167,0.166287172523925
"505","Miniopterus magnater","0",1,0.422655370055658,0.431575357137335
"506","Miniopterus mahafaliensis","0",1,0.296864804518175,0.318064965291818
"507","Miniopterus majori","0",0,0.467710972043836,0.485521386545904
"508","Miniopterus manavi","0",1,0.624834744920554,0.638999713319845
"509","Miniopterus medius","0",0,0.230589221677813,0.234728877599264
"510","Miniopterus minor","0",1,0.192120927482629,0.193009953430127
"511","Miniopterus mossambicus","1",1,0.10194166474391,0.0837415831310363
"512","Miniopterus natalensis","1",1,0.3468379869988,0.321127658740003
"513","Miniopterus newtoni","0",0,0.179417239728724,0.184705676496407
"514","Miniopterus oceanensis",NA,0,0.0745639168130786,0.0837415831310363
"515","Miniopterus paululus","0",0,0.26232489986116,0.27871966518545
"516","Miniopterus petersoni","0",0,0.298240375999662,0.321923008133086
"517","Miniopterus pusillus","1",1,0.263316846142499,0.247390597984645
"518","Miniopterus robustior","0",0,0.060955682493874,0.0618851177685605
"519","Miniopterus schreibersii","1",1,0.725763227074846,0.721308238470508
"520","Miniopterus shortridgei",NA,0,0.20009157860136,0.225491067873262
"521","Miniopterus sororculus","1",1,0.398545302305877,0.371812215954829
"522","Miniopterus tristis","0",0,0.256580592801577,0.259366692421519
"523","Mirimiri acrodonta",NA,0,0.0386918805494394,0.0425290487688992
"524","Molossops aequatorianus","0",0,0.0585569690444971,0.0584571746884857
"525","Molossops mattogrossensis","0",0,0.0867815335335316,0.0891971707201613
"526","Molossops neglectus","1",1,0.236310560918756,0.225863783603945
"527","Molossops temminckii","1",0,0.218167283697349,0.213144804860361
"528","Molossus alvarezi",NA,0,0.0244336646193348,0.0269948438327685
"529","Molossus aztecus","1",0,0.229984938824705,0.224252961192819
"530","Molossus barnesi","1",0,0.181370704799318,0.175059753757957
"531","Molossus coibensis","1",1,0.181370704799318,0.175059753757957
"532","Molossus currentium","1",0,0.193972737252922,0.194462141966825
"533","Molossus molossus","1",1,0.658853509393144,0.654071871924332
"534","Molossus pretiosus","1",1,0.342784238910743,0.339927205828059
"535","Molossus rufus","1",1,0.598669490330442,0.586941650783856
"536","Molossus sinaloae","1",1,0.32967667221818,0.325357165847326
"537","Monophyllus plethodon","0",0,0.0519159469022285,0.0520670698105314
"538","Monophyllus redmani","0",0,0.0616528262389944,0.0612372041445164
"539","Mops bakarii","1",0,0.0374638679248163,0.0307693756690081
"540","Mops brachypterus","1",0,0.24167014004867,0.233288574851199
"541","Mops condylurus","1",1,0.672155009637048,0.667726150981733
"542","Mops congicus","0",0,0.263689400347651,0.267315493667795
"543","Mops demonstrator","0",0,0.0936223414754999,0.0945410056256524
"544","Mops leucostigma","1",1,0.464171372032627,0.45074314134178
"545","Mops midas","1",1,0.551019142982653,0.554960373665055
"546","Mops mops","0",0,0.0651841050842265,0.0639867707215386
"547","Mops nanulus","1",0,0.139171479385076,0.133600304359807
"548","Mops niangarae","0",0,0.066703885438433,0.0650827529017723
"549","Mops niveiventer","1",0,0.267205472891201,0.252185734413478
"550","Mops petersoni",NA,0,0.0508902727494581,0.0561046297814372
"551","Mops sarasinorum",NA,0,0.0679838229974824,0.075039255483371
"552","Mops spurrelli","0",0,0.126250582858506,0.126922978640686
"553","Mops thersites","1",0,0.290745273936513,0.283681764913866
"554","Mops trevori","0",0,0.103423370148564,0.102622359247784
"555","Mormoops blainvillei","0",0,0.0752971735833216,0.0755742103359252
"556","Mormoops megalophylla","1",0,0.367983710724587,0.363075894320837
"557","Mormopterus acetabulosus","0",1,0.24460158605588,0.25135794184589
"558","Mormopterus beccarii","1",0,0.142011508224917,0.141792748837582
"559","Mormopterus doriae",NA,0,0.0409842122489162,0.0450554106021378
"560","Mormopterus eleryi","0",0,0.10974669304811,0.117905373973462
"561","Mormopterus francoismoutoui","1",1,0.122862325518611,0.108571358352509
"562","Mormopterus halli",NA,0,0.0235735314909795,0.026282645461297
"563","Mormopterus jugularis","1",1,0.371043949822906,0.354131388609804
"564","Mormopterus kitcheneri","1",0,0.0423492734354559,0.0359656319252222
"565","Mormopterus loriae","0",0,0.0410082416815681,0.0415775119830695
"566","Mormopterus lumsdenae",NA,0,0.0341446670084972,0.0393937435114052
"567","Mormopterus minutus","1",0,0.0413215759986023,0.0391704355959829
"568","Mormopterus norfolkensis","1",0,0.185174089003196,0.178306243051647
"569","Mormopterus phrudus","0",0,0.0356358385287567,0.0358634061721029
"570","Mormopterus planiceps","1",0,0.122860502385208,0.119776768244369
"571","Mosia nigrescens","1",0,0.136341036603228,0.133276468686115
"572","Murina aenea","0",1,0.0554132671920368,0.0551778610861298
"573","Murina annamitica",NA,0,0.0389615864142857,0.0443842910335728
"574","Murina aurata","0",1,0.472747780792698,0.473811578191903
"575","Murina balaensis","0",0,0.0235829962533317,0.0238429535116917
"576","Murina beelzebub",NA,0,0.0264191333499737,0.0291492278367589
"577","Murina bicolor","1",0,0.0574382945833939,0.0489947329390536
"578","Murina chrysochaetes",NA,0,0.0318910381612492,0.0355665806965842
"579","Murina cineracea",NA,0,0.0309240395146749,0.0347957509617966
"580","Murina cyclotis","0",1,0.401664144893578,0.409350174239913
"581","Murina eleryi","0",0,0.0427531837799646,0.0442252205555178
"582","Murina fionae",NA,0,0.0389615864142857,0.0443842910335728
"583","Murina florium","1",0,0.0556797313105009,0.0541453470173665
"584","Murina fusca",NA,0,0.247013043265648,0.272177309222069
"585","Murina gracilis",NA,0,0.0300390938248454,0.0341918520620083
"586","Murina guilleni",NA,0,0.0646060689166987,0.0739814149384485
"587","Murina harpioloides",NA,0,0.0332844724988876,0.0373650814181825
"588","Murina harrisoni",NA,0,0.0715123905696142,0.0793026786507421
"589","Murina hilgendorfi","1",1,0.647204538836722,0.638462957956637
"590","Murina huttoni","0",0,0.347468887627998,0.353038413730702
"591","Murina jaintiana",NA,0,0.0909442288575059,0.104959504289635
"592","Murina leucogaster","1",1,0.437446072452298,0.422919753747955
"593","Murina loreliae",NA,0,0.0318910381612492,0.0355665806965842
"594","Murina peninsularis",NA,0,0.0646060689166987,0.0739814149384485
"595","Murina pluvialis",NA,0,0.0664492124707216,0.0759795292072328
"596","Murina puta",NA,0,0.0620272990714063,0.0704343986567994
"597","Murina recondita",NA,0,0.0283788204950223,0.0324161012186295
"598","Murina rozendaali","0",0,0.0418869811015553,0.0411906990717019
"599","Murina ryukyuana","0",0,0.0620760075605118,0.0616000583140684
"600","Murina shuipuensis",NA,0,0.0318910381612492,0.0355665806965842
"601","Murina suilla","0",0,0.0494671620879755,0.0491720101710329
"602","Murina tenebrosa","1",0,0.0763408221527147,0.0688727751625963
"603","Murina tiensa",NA,0,0.0309240395146749,0.0347957509617966
"604","Murina tubinaris","0",0,0.336937146862095,0.340075088531944
"605","Murina ussuriensis","0",1,0.396372228875945,0.404989038217278
"606","Murina walstoni",NA,0,0.0318910381612492,0.0355665806965842
"607","Musonycteris harrisoni","1",0,0.106762741283071,0.104007320795765
"608","Myonycteris angolensis","1",1,0.754835415639627,0.750824290451886
"609","Myonycteris brachycephala",NA,0,0.0317881380050001,0.035127975676915
"610","Myonycteris relicta",NA,0,0.0954782088895777,0.104268642939022
"611","Myonycteris torquata","0",1,0.339718387373706,0.344933144391723
"612","Myopterus daubentonii","0",0,0.129512663884788,0.130832157215508
"613","Myopterus whitleyi","1",0,0.185687098223161,0.177358298449004
"614","Myotis adversus","0",1,0.34704211990585,0.355438562345943
"615","Myotis aelleni","1",0,0.338875742953074,0.337968412285017
"616","Myotis albescens","1",1,0.551654927469645,0.547935092366072
"617","Myotis alcathoe","0",1,0.160366961692115,0.169274233404378
"618","Myotis altarium","0",1,0.568768472078617,0.575655724609025
"619","Myotis anjouanensis",NA,0,0.0544324910369889,0.0592448380934477
"620","Myotis annamiticus",NA,0,0.0460933848316092,0.0494702983510601
"621","Myotis annectans",NA,0,0.170107317452365,0.189359321197013
"622","Myotis atacamensis","1",0,0.0836048993560828,0.0843799117883073
"623","Myotis ater","1",0,0.073759133664711,0.0704140944096905
"624","Myotis aurascens","1",0,0.301712509341496,0.298280526388617
"625","Myotis auriculus","1",0,0.199631684674938,0.200113250922713
"626","Myotis australis",NA,0,0.188012202178161,0.218426364413427
"627","Myotis austroriparius","1",1,0.468622317421976,0.468243749351487
"628","Myotis badius","0",0,0.0291107011790807,0.0291492278367589
"629","Myotis bechsteinii","1",1,0.548422850438521,0.548659450428472
"630","Myotis blythii","1",1,0.632158190686419,0.631655893644007
"631","Myotis bocagii","0",0,0.410645143620886,0.42393106770508
"632","Myotis bombinus","1",1,0.546204826521993,0.542848805238847
"633","Myotis brandtii","1",1,0.711909497612465,0.706599014659894
"634","Myotis bucharensis","0",0,0.0694308659449771,0.0712269559628735
"635","Myotis californicus","1",1,0.632716795986208,0.629262912784239
"636","Myotis capaccinii","0",1,0.562051022424442,0.582220100534104
"637","Myotis chiloensis","1",1,0.338875742953074,0.337968412285017
"638","Myotis chinensis","0",1,0.691594381937435,0.704402749234621
"639","Myotis ciliolabrum","1",1,0.294796098558674,0.279669880989614
"640","Myotis cobanensis","1",0,0.0831200270807893,0.0743670966406669
"641","Myotis csorbai","0",0,0.162054647714627,0.160560503285404
"642","Myotis dasycneme","1",1,0.605380416009736,0.607542570667603
"643","Myotis daubentonii","1",1,0.773858033223539,0.771689649589533
"644","Myotis davidii","1",1,0.188764312866189,0.170212626744131
"645","Myotis dieteri","0",0,0.0498900508745067,0.0507121587219332
"646","Myotis diminutus",NA,0,0.0200939943304239,0.0223220579566655
"647","Myotis dinellii","1",1,0.0955220724850964,0.0831824450564715
"648","Myotis dominicensis","0",0,0.0863518848246225,0.0881533407944376
"649","Myotis elegans",NA,0,0.178191651342227,0.201819034130299
"650","Myotis emarginatus","1",1,0.557509705707334,0.561311011922702
"651","Myotis escalerai","1",1,0.16454752425244,0.152650558230456
"652","Myotis evotis","1",1,0.563716347946545,0.564726539434177
"653","Myotis fimbriatus","0",1,0.407376567128075,0.410573430085991
"654","Myotis findleyi","0",0,0.0619896544050864,0.0624672990968199
"655","Myotis flavus","1",1,0.527369877613851,0.519179243223833
"656","Myotis formosus","1",0,0.527369877613851,0.519179243223833
"657","Myotis fortidens","1",0,0.180190644782301,0.175602085634679
"658","Myotis frater","1",1,0.17653934186503,0.159724795976801
"659","Myotis gomantongensis","0",0,0.115501227741027,0.115865690634716
"660","Myotis goudoti","0",0,0.291870264016705,0.305757765651323
"661","Myotis grisescens","1",1,0.542798567970481,0.538609933527623
"662","Myotis hajastanicus","1",0,0.301712509341496,0.298280526388617
"663","Myotis handleyi",NA,0,0.0309240395146749,0.0347957509617966
"664","Myotis hasseltii","1",0,0.248146359522012,0.244805632068376
"665","Myotis hermani",NA,0,0.0223967764213331,0.0246673502080701
"666","Myotis horsfieldii","1",1,0.278868954692784,0.273046540139331
"667","Myotis ikonnikovi","1",1,0.605281537543531,0.603785398546132
"668","Myotis insularum",NA,0,0.0610536210558483,0.0679763102311831
"669","Myotis izecksohni","1",0,0.027671717804646,0.0225543915710296
"670","Myotis keaysi","1",1,0.584330179746472,0.576575831876612
"671","Myotis keenii","1",1,0.435631199950691,0.430331543721181
"672","Myotis laniger","0",1,0.536956418013187,0.541600716099132
"673","Myotis lavali","0",0,0.0358291942589492,0.0376242816398833
"674","Myotis leibii","1",1,0.528705325955625,0.526768548223288
"675","Myotis levis","1",1,0.371174492874931,0.365440284902569
"676","Myotis longipes","1",1,0.32957485873474,0.320991752691861
"677","Myotis lucifugus","1",1,0.192069188877761,0.176411840212806
"678","Myotis macrodactylus","1",1,0.542998912571065,0.545868256094095
"679","Myotis macropus","1",1,0.257508051508947,0.251850341187786
"680","Myotis macrotarsus","0",0,0.0652112151079306,0.0651217009269005
"681","Myotis martiniquensis","1",0,0.0444271528905439,0.0388778058683939
"682","Myotis melanorhinus","1",0,0.549165630476493,0.542291948121146
"683","Myotis midastactus","1",0,0.185804263619445,0.178152984577374
"684","Myotis moluccarum","1",0,0.176060682918049,0.175049277792444
"685","Myotis montivagus",NA,0,0.455106778914017,0.488692229000947
"686","Myotis morrisi",NA,0,0.091319417946376,0.101548231121915
"687","Myotis muricola","0",1,0.618013354710532,0.628802750030536
"688","Myotis myotis","1",1,0.711910727011654,0.712910004209604
"689","Myotis mystacinus","1",1,0.274584310683947,0.25940044513951
"690","Myotis nattereri","1",1,0.672245673705397,0.669034647345939
"691","Myotis nesopolus","0",0,0.048177016685892,0.0477988044210874
"692","Myotis nigricans","1",1,0.628948839460796,0.62382081998616
"693","Myotis nipalensis","1",0,0.239600923328584,0.222896118611197
"694","Myotis occultus","1",0,0.141470371006016,0.130289175365045
"695","Myotis oreias",NA,0,0.0379387876174299,0.0424234193604391
"696","Myotis oxyotus","0",1,0.404102371976275,0.413147759088229
"697","Myotis peninsularis","1",0,0.0468476936700428,0.0434520791769718
"698","Myotis pequinius","1",1,0.389670945523696,0.382071866885023
"699","Myotis petax","1",1,0.136889992049542,0.127796198453803
"700","Myotis phanluongi",NA,0,0.0309240395146749,0.0347957509617966
"701","Myotis pilosus","0",1,0.566253505680875,0.576886734987772
"702","Myotis planiceps","0",0,0.0706581324231775,0.0718740606177293
"703","Myotis pruinosus","0",0,0.229129492503213,0.235293060382646
"704","Myotis punicus","1",1,0.497296875375226,0.490645876046146
"705","Myotis ridleyi","1",0,0.0581711450520333,0.054970537446654
"706","Myotis riparius","1",1,0.416549085568266,0.40712978952799
"707","Myotis rosseti","1",0,0.0374622331535799,0.035685765862552
"708","Myotis ruber","1",0,0.221853011862643,0.211637451920173
"709","Myotis rufopictus","1",0,0.0793406109550483,0.0665426964210419
"710","Myotis schaubi","1",0,0.368805830178562,0.359858337472288
"711","Myotis scotti",NA,0,0.062663487156647,0.0698254391430476
"712","Myotis secundus","1",0,0.0421061809991596,0.0360262614329342
"713","Myotis septentrionalis","1",1,0.595476689031141,0.592280325545967
"714","Myotis sicarius",NA,0,0.284302970148036,0.314908835405023
"715","Myotis siligorensis","1",1,0.303513060553501,0.292037167077706
"716","Myotis simus","1",0,0.185804263619445,0.178152984577374
"717","Myotis sodalis","1",0,0.374770229876185,0.368081728606364
"718","Myotis soror",NA,0,0.0688525292498332,0.0792212105401983
"719","Myotis stalkeri","0",0,0.0418602177281125,0.0440469708085197
"720","Myotis thysanodes","1",1,0.713963149819447,0.715917489159968
"721","Myotis tricolor","1",0,0.444014918810829,0.442800403905412
"722","Myotis velifer","1",1,0.502773900436664,0.503983499624426
"723","Myotis vivesi","1",0,0.0315447092214918,0.0319971035639506
"724","Myotis volans","1",1,0.729882442030422,0.732991433525153
"725","Myotis welwitschii","1",1,0.54091955014868,0.534704875313997
"726","Myotis yanbarensis","0",0,0.0592801676512888,0.0584476760226156
"727","Myotis yumanensis","1",1,0.708010582579785,0.708842928546288
"728","Mystacina robusta","0",0,0.0582917248790207,0.0607472108973752
"729","Mystacina tuberculata","1",1,0.175656712413047,0.172569647698104
"730","Myzopoda aurita","0",0,0.17818699359358,0.18436692578563
"731","Myzopoda schliemanni","0",0,0.0506363033268525,0.0529971597587288
"732","Nanonycteris veldkampii","0",1,0.395396245648224,0.404809192696079
"733","Natalus espiritosantensis","0",0,0.106925466024689,0.114397956561273
"734","Natalus jamaicensis","0",0,0.031106765646156,0.0312549349953951
"735","Natalus lanatus","1",0,0.267339962546828,0.261804252819333
"736","Natalus major","0",0,0.039384588952981,0.0394229863607464
"737","Natalus mexicanus","1",0,0.267339962546828,0.261804252819333
"738","Natalus primus","0",0,0.0508094186924855,0.0502667587957134
"739","Natalus saturatus",NA,0,0.232959546087238,0.267161861342303
"740","Natalus stramineus","1",1,0.27147473172467,0.267161861342303
"741","Natalus tumidirostris","1",0,0.0895861188469718,0.0876410418898798
"742","Neonycteris pusilla",NA,0,0.017780632490867,0.0194538119742882
"743","Neopteryx frosti",NA,0,0.0642416190962541,0.0704838737185414
"744","Neoromicia brunnea","1",1,0.161750737111112,0.154797724419816
"745","Neoromicia capensis","1",1,0.455852970169469,0.454643748391473
"746","Neoromicia flavescens",NA,0,0.142078600817766,0.158732882868129
"747","Neoromicia guineensis",NA,0,0.0952028389103315,0.107560792589258
"748","Neoromicia helios",NA,1,0.20666076791882,0.222153514731748
"749","Neoromicia malagasyensis",NA,0,0.0546151356926346,0.0630850347524676
"750","Neoromicia matroka","1",0,0.223640226334878,0.208811185839119
"751","Neoromicia melckorum","1",0,0.125544560672557,0.119217723031333
"752","Neoromicia nana","1",0,0.363199073444031,0.362215040121574
"753","Neoromicia rendalli","1",0,0.30199960097268,0.291097058931541
"754","Neoromicia robertsi",NA,0,0.0752792508067218,0.087146427349535
"755","Neoromicia roseveari",NA,0,0.0766028195372259,0.0872408273868911
"756","Neoromicia somalica","1",0,0.159413749287017,0.154092551924842
"757","Neoromicia tenuipinnis","1",1,0.406571376665586,0.398147509045271
"758","Neoromicia zuluensis",NA,0,0.126420914894962,0.141442544198747
"759","Noctilio albiventris","1",0,0.19433421444447,0.193176456862736
"760","Noctilio leporinus","1",0,0.391828763176569,0.389708274925191
"761","Notopteris macdonaldi","0",0,0.0574724769476851,0.0585267147626309
"762","Notopteris neocaledonica","0",0,0.0324327964364612,0.0323404684982679
"763","Nyctalus aviator","1",0,0.437756957208521,0.431177918254242
"764","Nyctalus azoreum","1",0,0.108041416424124,0.101742956843815
"765","Nyctalus furvus","1",0,0.348888934187671,0.343411906775824
"766","Nyctalus lasiopterus","1",1,0.575693743706522,0.570783377618621
"767","Nyctalus leisleri","1",1,0.654234089661264,0.656070666945278
"768","Nyctalus montanus","1",0,0.304076850781061,0.299840900418423
"769","Nyctalus noctula","1",1,0.71040075520677,0.709635485136336
"770","Nyctalus plancyi","1",1,0.581815419723598,0.576844547722432
"771","Nycteris arge","1",0,0.288721417789914,0.284822502298858
"772","Nycteris aurita",NA,0,0.104309871966567,0.116662584365811
"773","Nycteris gambiensis","1",0,0.224467616094868,0.223704689446103
"774","Nycteris grandis","1",1,0.594835950063484,0.595815574980016
"775","Nycteris hispida","1",1,0.536770995415006,0.535634532469181
"776","Nycteris intermedia","1",0,0.20745285259227,0.201738856174992
"777","Nycteris javanica","1",0,0.0555988998320466,0.0531831718485084
"778","Nycteris macrotis","1",1,0.538336199429298,0.534903688815376
"779","Nycteris madagascariensis",NA,0,0.117956610716405,0.130020577287091
"780","Nycteris major","1",0,0.233470549911959,0.224516852239561
"781","Nycteris nana","1",0,0.190964436784796,0.18647775141836
"782","Nycteris parisii",NA,0,0.0400883597136873,0.0436255075672872
"783","Nycteris thebaica","1",1,0.644095914012961,0.650689291332566
"784","Nycteris tragata","1",0,0.263204528537899,0.263847777188763
"785","Nycteris vinsoni","0",0,0.0757732219716821,0.075340371331763
"786","Nycteris woodi","1",0,0.145407020125661,0.142178312173911
"787","Nycticeinops schlieffeni","1",1,0.584353958771144,0.582609713639669
"788","Nycticeius aenobarbus",NA,0,0.0968797232972687,0.111439076384353
"789","Nycticeius cubanus","1",0,0.0875736512811158,0.0842672374393665
"790","Nycticeius humeralis","1",1,0.420024299838361,0.416871280359578
"791","Nyctiellus lepidus","1",0,0.0397027278264227,0.0385830718459586
"792","Nyctimene aello","0",0,0.0592169542858834,0.0591484219254475
"793","Nyctimene albiventer","0",0,0.0591731433933476,0.0591746404337467
"794","Nyctimene cephalotes","0",1,0.119485176297578,0.117762256304486
"795","Nyctimene certans","0",0,0.0397957606059854,0.0392054771965457
"796","Nyctimene cyclotis","0",0,0.0462857266172679,0.0454244538810779
"797","Nyctimene draconilla","0",0,0.0541963618492165,0.0542694269072135
"798","Nyctimene keasti","0",0,0.027973325852074,0.0284301005977
"799","Nyctimene major","0",0,0.0432111510927127,0.0429540989922607
"800","Nyctimene malaitensis","0",0,0.0358906418084447,0.035648143252854
"801","Nyctimene masalai","0",0,0.0465322313756938,0.0464123170768168
"802","Nyctimene minutus","0",0,0.0556517212067347,0.054634622734117
"803","Nyctimene rabori","0",0,0.0520490346072538,0.0511771465606721
"804","Nyctimene robinsoni","0",0,0.14233035431194,0.144788706460337
"805","Nyctimene sanctacrucis","0",0,0.034457271371169,0.0339024920070329
"806","Nyctimene vizcaccia","0",0,0.0385331998926094,0.0389103641665576
"807","Nyctinomops aurispinosus","1",0,0.566298806453131,0.555388624974457
"808","Nyctinomops femorosaccus","1",1,0.465305138069717,0.466664260192121
"809","Nyctinomops kalinowskii","0",0,0.0823029196667706,0.0862430949485328
"810","Nyctinomops laticaudatus","1",1,0.592307402346994,0.587707200044011
"811","Nyctinomops macrotis","1",1,0.584145324421169,0.577787614164859
"812","Nyctophilus arnhemensis","1",0,0.077901871589911,0.0773412302481983
"813","Nyctophilus bifax","1",0,0.201488657319195,0.197573662559481
"814","Nyctophilus corbeni","0",0,0.187766224018529,0.189472492164676
"815","Nyctophilus geoffroyi","1",1,0.299519079915669,0.296676831457106
"816","Nyctophilus gouldi","1",1,0.458273107909373,0.45381967706623
"817","Nyctophilus heran",NA,0,0.0262705969303975,0.0290813842827592
"818","Nyctophilus microdon","0",0,0.0685588447354897,0.0695211453598241
"819","Nyctophilus microtis","0",0,0.0328503587629519,0.0333187502919437
"820","Nyctophilus nebulosus",NA,0,0.0191154407484491,0.0211218765623454
"821","Nyctophilus sherrini","1",0,0.0517473102358192,0.0432501738773639
"822","Nyctophilus shirleyae",NA,0,0.0218636258216889,0.0242554700579491
"823","Nyctophilus timoriensis","0",0,0.187766224018529,0.189472492164676
"824","Nyctophilus walkeri","0",0,0.0367020982993221,0.0368785223984507
"825","Otomops formosus",NA,0,0.063572932768955,0.0697742854075593
"826","Otomops johnstonei","0",0,0.0264935671825039,0.0262367713375988
"827","Otomops madagascariensis","0",1,0.223459757699481,0.23081276341092
"828","Otomops martiensseni","1",1,0.567804568835174,0.565189699230989
"829","Otomops papuensis","0",0,0.0314469499052662,0.0312184672518483
"830","Otomops secundus","0",0,0.0334330336878251,0.0328062406458889
"831","Otomops wroughtoni","0",0,0.0742279317360496,0.0747100529322196
"832","Otonycteris hemprichii","1",0,0.22375076912848,0.224675127409484
"833","Otopteropus cartilagonodus",NA,0,0.0707196860224824,0.0781285349739944
"834","Paracoelops megalotis","1",0,0.0420892674027118,0.0348183046356991
"835","Paranyctimene raptor","0",0,0.0633559362388413,0.0638501733082271
"836","Paranyctimene tenax","0",0,0.0509052343094654,0.0521622385099715
"837","Parastrellus hesperus","1",1,0.676678774126146,0.677417874835689
"838","Paratriaenops auritus","0",0,0.0329781740508054,0.034153930607297
"839","Paratriaenops furculus","0",0,0.0729094202449787,0.0734577690372114
"840","Paratriaenops pauliani","1",0,0.105407078161794,0.0909727252372941
"841","Penthetor lucasi","0",0,0.133216989355809,0.134336606768131
"842","Peropteryx kappleri","1",0,0.311271143623236,0.304791962540976
"843","Peropteryx leucoptera","0",0,0.121483758353701,0.122565699255357
"844","Peropteryx macrotis","1",1,0.521719426217711,0.510639279352185
"845","Peropteryx pallidoptera","0",0,0.0229329231893141,0.0231527631040564
"846","Peropteryx trinitatis","1",0,0.0521240991885986,0.0491999081498588
"847","Pharotis imogene","0",0,0.029096215845972,0.0293197891942964
"848","Philetor brachypterus","0",0,0.191413076629911,0.19315040272845
"849","Phoniscus aerosa",NA,0,0.0802290194615815,0.0918137598407639
"850","Phoniscus atrox","0",0,0.0361097847258113,0.0354374852170072
"851","Phoniscus jagorii","0",0,0.0514139758838451,0.051400248888083
"852","Phoniscus papuensis","0",0,0.0940839918100967,0.0974777509335873
"853","Phylloderma stenops",NA,0,0.438240574169921,0.472945467382428
"854","Phyllonycteris aphylla","0",0,0.0480854906507174,0.0476836257439503
"855","Phyllonycteris poeyi","0",0,0.0587947322040776,0.058588334865039
"856","Phyllops falcatus","1",0,0.053794989422791,0.0506611393679304
"857","Phyllostomus discolor","0",1,0.472508511009582,0.486314256130603
"858","Phyllostomus elongatus","1",1,0.371696925583435,0.365527062381909
"859","Phyllostomus hastatus","1",1,0.487349969932268,0.482472148028715
"860","Phyllostomus latifolius","0",0,0.053138592380222,0.053909096585391
"861","Pipistrellus abramus","1",1,0.598415120489015,0.594347242865095
"862","Pipistrellus adamsi","0",0,0.044480694505938,0.0442647678377462
"863","Pipistrellus aero",NA,0,0.0536267811036929,0.0587993811029731
"864","Pipistrellus alaschanicus","1",1,0.426851501240019,0.422213335810962
"865","Pipistrellus angulatus","1",0,0.0424327435667459,0.0406643429849457
"866","Pipistrellus anthonyi",NA,0,0.0813324025750661,0.0882082868364082
"867","Pipistrellus arabicus",NA,0,0.0229144654869823,0.0254190385373925
"868","Pipistrellus ariel","1",0,0.0241093180866661,0.0234611159281732
"869","Pipistrellus cadornae","1",0,0.287436177282263,0.276000940175058
"870","Pipistrellus ceylonicus","1",0,0.186695302114619,0.187375217801156
"871","Pipistrellus collinus","0",0,0.0427554023323672,0.0425291015840973
"872","Pipistrellus coromandra","1",1,0.229715290548449,0.229785951697289
"873","Pipistrellus crassulus",NA,1,0.0942598886279715,0.104260221898079
"874","Pipistrellus deserti","1",0,0.397068635259454,0.400229514375339
"875","Pipistrellus eisentrauti",NA,0,0.0701891026746135,0.0776755155426365
"876","Pipistrellus endoi","1",0,0.203017612532552,0.1959956207926
"877","Pipistrellus hanaki","1",0,0.0683429970284282,0.0583746056556349
"878","Pipistrellus hesperidus","1",1,0.521703465852501,0.518019722367014
"879","Pipistrellus imbricatus","0",0,0.0429839132947488,0.043003767184227
"880","Pipistrellus inexspectatus",NA,0,0.159710399830889,0.176295432846379
"881","Pipistrellus javanicus","1",0,0.282148020576062,0.276635100922079
"882","Pipistrellus joffrei",NA,0,0.0880816247085417,0.0957238176076483
"883","Pipistrellus kitcheneri",NA,0,0.0297122162970029,0.0326787514391104
"884","Pipistrellus kuhlii","1",1,0.397068635259454,0.400229514375339
"885","Pipistrellus lophurus",NA,0,0.0292414967754127,0.0325108322572008
"886","Pipistrellus macrotis","1",0,0.0531683312117194,0.0496232030894935
"887","Pipistrellus maderensis","1",0,0.085510058167168,0.0798933427751196
"888","Pipistrellus minahassae",NA,0,0.0352362225453018,0.0390729751364753
"889","Pipistrellus musciculus",NA,0,0.0585011060722401,0.0643793171604602
"890","Pipistrellus nanulus","1",0,0.118966692086642,0.113518263683307
"891","Pipistrellus nathusii","1",1,0.618841906698357,0.620887450786781
"892","Pipistrellus papuanus","1",0,0.0390480421501316,0.036841565823058
"893","Pipistrellus paterculus","1",0,0.232479910528724,0.222328207296404
"894","Pipistrellus permixtus",NA,0,0.0581456385529009,0.0639514400167778
"895","Pipistrellus pipistrellus","1",1,0.774231229007904,0.767945466254948
"896","Pipistrellus pulveratus","1",1,0.616506868466606,0.611377307062638
"897","Pipistrellus pygmaeus","1",1,0.672172728546841,0.670151733920499
"898","Pipistrellus raceyi","1",0,0.0522924614100975,0.04395264971168
"899","Pipistrellus rueppellii","1",0,0.392161716312055,0.395623677052134
"900","Pipistrellus rusticus","1",0,0.157103434638017,0.155678245105145
"901","Pipistrellus savii","1",1,0.683902297488998,0.68857238539495
"902","Pipistrellus stenopterus","1",0,0.178567295393513,0.17812479650029
"903","Pipistrellus subflavus","1",1,0.526003190040487,0.52673142720156
"904","Pipistrellus tenuis","1",0,0.280830236243999,0.282883061528622
"905","Pipistrellus vordermanni",NA,0,0.0265717951143088,0.0287216673928643
"906","Pipistrellus wattsi","1",0,0.0353098740320521,0.0335725054014424
"907","Pipistrellus westralis","0",0,0.0358064740751708,0.0353526507282021
"908","Platalina genovensium","1",0,0.189644720545465,0.183331894821507
"909","Platymops setiger","0",0,0.135304333697271,0.141025176586755
"910","Platyrrhinus albericoi","0",0,0.0330104010286916,0.0336835309423343
"911","Platyrrhinus angustirostris","1",0,0.0988680480885686,0.0856089138892058
"912","Platyrrhinus aurarius","0",0,0.0362828840469007,0.0353115579784334
"913","Platyrrhinus brachycephalus","0",0,0.152730625135533,0.153847779908388
"914","Platyrrhinus chocoensis","0",0,0.0339412595732528,0.0331742811620923
"915","Platyrrhinus dorsalis","0",0,0.237310558364558,0.240412435742227
"916","Platyrrhinus fusciventris","1",0,0.0944528720810866,0.0823193524181254
"917","Platyrrhinus guianensis",NA,0,0.0301883158286874,0.0339051944051908
"918","Platyrrhinus helleri","1",0,0.349093475879253,0.345004172931485
"919","Platyrrhinus infuscus","0",0,0.161929539253245,0.162402276241678
"920","Platyrrhinus ismaeli","0",0,0.0721876888292083,0.0746447172357784
"921","Platyrrhinus lineatus","0",1,0.468473502430484,0.478291379429689
"922","Platyrrhinus masu","0",0,0.0480254091986828,0.0498317565228465
"923","Platyrrhinus matapalensis",NA,0,0.0587719994381696,0.0679879212430413
"924","Platyrrhinus nigellus","0",0,0.0431588710653692,0.0439074725578556
"925","Platyrrhinus nitelinea",NA,0,0.0204944968673072,0.0226453241858172
"926","Platyrrhinus recifinus","0",1,0.405956057865082,0.413309580740735
"927","Platyrrhinus umbratus","0",0,0.102348654030329,0.101125003214683
"928","Platyrrhinus vittatus","0",0,0.266938470354254,0.268017714406127
"929","Plecotus auritus","1",1,0.762447455960101,0.760964358929991
"930","Plecotus austriacus","1",1,0.708100691772577,0.70423784464948
"931","Plecotus balensis",NA,0,0.0631380701659915,0.0704967093021035
"932","Plecotus christii","1",0,0.0835580566329669,0.0725137881152002
"933","Plecotus kolombatovici","1",0,0.213838393489788,0.203485529796581
"934","Plecotus macrobullaris","1",0,0.231018619463152,0.22314541283975
"935","Plecotus ognevi","1",0,0.235748841513928,0.223970860660178
"936","Plecotus sacrimontis","1",1,0.228363596158304,0.218780292779713
"937","Plecotus sardus","1",0,0.0620609657076971,0.0530431856996731
"938","Plecotus taivanus","0",0,0.056293546811261,0.0575531671254075
"939","Plecotus teneriffae","1",1,0.192599922419069,0.189394706401057
"940","Plerotes anchietae","0",0,0.0590079647862267,0.0588831492600331
"941","Promops centralis","0",0,0.463084928332717,0.476623779258104
"942","Promops nasutus","1",0,0.39552787699939,0.386178738579152
"943","Ptenochirus jagori","0",0,0.0794894004846194,0.0789944410071265
"944","Ptenochirus minor","0",0,0.0527627598670252,0.0519784777569564
"945","Pteralopex anceps","0",0,0.0361420998298599,0.0359816344895823
"946","Pteralopex atrata","0",0,0.0262456852554042,0.0262688724917408
"947","Pteralopex flanneryi","0",0,0.0666849704341843,0.0685146100456782
"948","Pteralopex pulchra","0",0,0.0223738855694461,0.0219916327351599
"949","Pteralopex taki","0",0,0.0204379847984698,0.020501059692081
"950","Pteronotus davyi","1",1,0.432614487580382,0.425294531241663
"951","Pteronotus gymnonotus","0",0,0.279724044414897,0.289803221786912
"952","Pteronotus macleayii","0",0,0.0852769748846725,0.0850274936746718
"953","Pteronotus paraguanensis","0",0,0.0852159932053476,0.0912531847359765
"954","Pteronotus parnellii","1",1,0.505745916737529,0.496106416451991
"955","Pteronotus personatus","1",1,0.45723992263396,0.45540332870274
"956","Pteronotus quadridens","0",0,0.0547838562529696,0.0548087752208252
"957","Pteropus admiralitatum","0",0,0.03901831514411,0.0390883790674301
"958","Pteropus aldabrensis","0",0,0.0454703639506629,0.0455001663752401
"959","Pteropus alecto","0",1,0.182783127345127,0.187611217732684
"960","Pteropus anetianus","0",0,0.0409581138165985,0.0412129305406499
"961","Pteropus argentatus","0",0,0.0303384294356465,0.0304937700812638
"962","Pteropus aruensis",NA,0,0.024913931522857,0.0271519927468919
"963","Pteropus caniceps","0",0,0.0315251390699859,0.031699385055459
"964","Pteropus capistratus","0",0,0.0434227043607884,0.0433734244119754
"965","Pteropus chrysoproctus","0",0,0.0303384294356465,0.0304937700812638
"966","Pteropus cognatus","0",0,0.0283868089895186,0.0289239186036521
"967","Pteropus conspicillatus","0",1,0.0611096740254402,0.0620112833786215
"968","Pteropus dasymallus","0",1,0.156201180879356,0.159831463855295
"969","Pteropus faunulus","0",0,0.0347578362603568,0.0345324212807256
"970","Pteropus fundatus","0",0,0.0335644866294269,0.0335460591631303
"971","Pteropus giganteus","0",0,0.150475935624696,0.155523554977681
"972","Pteropus gilliardorum",NA,0,0.0239210236020008,0.0263732514676471
"973","Pteropus griseus","0",0,0.0651501466907367,0.063980853850482
"974","Pteropus howensis","0",0,0.0407969968757453,0.0403993920211815
"975","Pteropus hypomelanus","0",1,0.161539095230899,0.161347116409744
"976","Pteropus intermedius","0",0,0.0748258474930717,0.0740007625252749
"977","Pteropus keyensis",NA,0,0.0247742465351492,0.0270313249238158
"978","Pteropus livingstonii","0",0,0.0351448523806961,0.0351349804714726
"979","Pteropus lombocensis",NA,0,0.0267168168825638,0.0296593841118874
"980","Pteropus loochoensis",NA,0,0.0549585523011243,0.061411036802304
"981","Pteropus lylei","0",1,0.123766779872908,0.121743337687886
"982","Pteropus macrotis","0",0,0.0723312950809166,0.0738339515000245
"983","Pteropus mahaganus","0",0,0.0279284098619977,0.0280706154963652
"984","Pteropus mariannus","0",0,0.0624333388794783,0.0620718403551619
"985","Pteropus melanopogon","0",0,0.0320049730786838,0.031823680495843
"986","Pteropus melanotus","0",1,0.0523838446215955,0.0532662944495483
"987","Pteropus molossinus","0",0,0.0336425606053113,0.0341601532137223
"988","Pteropus neohibernicus","0",0,0.0654636728638876,0.06662831808477
"989","Pteropus niger","0",0,0.0690386874100458,0.0698728010483576
"990","Pteropus nitendiensis","0",0,0.0314401723252407,0.0311068617582773
"991","Pteropus ocularis",NA,0,0.0271343365825469,0.0300892454744535
"992","Pteropus ornatus","0",0,0.0310638515138693,0.0309788124499569
"993","Pteropus pelagicus","0",0,0.0722285873063025,0.0731779573089221
"994","Pteropus pelewensis","0",0,0.0433461394967855,0.0432946654508689
"995","Pteropus personatus","0",0,0.0321978764667238,0.0327449191412353
"996","Pteropus pohlei","0",0,0.0396729497864652,0.0398853937262977
"997","Pteropus poliocephalus","0",1,0.33375939275727,0.346366653162099
"998","Pteropus pselaphon","0",0,0.076903894380656,0.0782284167791805
"999","Pteropus pumilus","0",0,0.0676988429769875,0.0673361894313199
"1000","Pteropus rayneri","0",0,0.0271778344746593,0.0273787401878101
"1001","Pteropus rennelli","0",0,0.0300959860063823,0.0297943987253269
"1002","Pteropus rodricensis","0",0,0.0336357531814619,0.0337998246454778
"1003","Pteropus rufus","0",1,0.26144568405793,0.264199427294563
"1004","Pteropus samoensis","0",0,0.0543950560605795,0.0546291904445059
"1005","Pteropus scapulatus","0",1,0.256859244559144,0.267898936658142
"1006","Pteropus seychellensis","0",0,0.0669097908400965,0.067088945737832
"1007","Pteropus speciosus","0",0,0.0577000019748793,0.0567946411648898
"1008","Pteropus temminckii","0",0,0.0235660562505119,0.0235293509103156
"1009","Pteropus tonganus","0",1,0.109597897333217,0.110150591078961
"1010","Pteropus tuberculatus","0",0,0.0360471094731204,0.0358190128756923
"1011","Pteropus ualanus","0",0,0.0255173803052941,0.0254665249389839
"1012","Pteropus vampyrus","0",1,0.267340741908612,0.271371232947702
"1013","Pteropus vetulus","0",0,0.0334481357660078,0.0333678371422544
"1014","Pteropus voeltzkowi","0",0,0.039209880846625,0.0396341296042077
"1015","Pteropus woodfordi","0",0,0.0395081263585153,0.040274974286671
"1016","Pteropus yapensis","0",0,0.0433461394967855,0.0432946654508689
"1017","Pygoderma bilabiatum","1",0,0.341057436799533,0.329794633825357
"1018","Rhinolophus acuminatus","1",1,0.286228798774778,0.27971497604213
"1019","Rhinolophus adami","0",0,0.10628067784945,0.104328716979477
"1020","Rhinolophus affinis","0",1,0.765089845714931,0.778091555396093
"1021","Rhinolophus alcyone","1",1,0.566622834904979,0.558415863291601
"1022","Rhinolophus arcuatus","0",1,0.476289422376515,0.47750203962425
"1023","Rhinolophus beddomei","1",0,0.162498441166875,0.157710022149174
"1024","Rhinolophus blasii","1",1,0.814382822474918,0.817859478143499
"1025","Rhinolophus bocharicus","1",0,0.23458661500214,0.233426278749986
"1026","Rhinolophus borneensis","0",1,0.61538095074081,0.622117855998245
"1027","Rhinolophus canuti","0",0,0.126726814243473,0.12940669245225
"1028","Rhinolophus capensis","1",1,0.40036407150083,0.394383754454881
"1029","Rhinolophus celebensis","0",0,0.143999039094166,0.146146917321074
"1030","Rhinolophus chaseni","0",1,0.61538095074081,0.622117855998245
"1031","Rhinolophus clivosus","1",1,0.818252018759316,0.818501058597188
"1032","Rhinolophus coelophyllus","0",1,0.518712164314067,0.522215159935846
"1033","Rhinolophus cognatus","0",0,0.0494307263530634,0.050882713404313
"1034","Rhinolophus cohenae","1",0,0.191284962202004,0.173592333017195
"1035","Rhinolophus convexus",NA,0,0.0850222105179261,0.0927736326270953
"1036","Rhinolophus creaghi","0",1,0.226617840150748,0.230170779643513
"1037","Rhinolophus darlingi","1",1,0.690337758068384,0.691978641028598
"1038","Rhinolophus deckenii","0",0,0.171299791393106,0.170582085009207
"1039","Rhinolophus denti","1",1,0.484382241384132,0.484345768486157
"1040","Rhinolophus eloquens","1",1,0.4927396283568,0.480807433038837
"1041","Rhinolophus euryale","1",1,0.792535693163405,0.792744119648862
"1042","Rhinolophus euryotis","1",0,0.191958664659658,0.185183689504706
"1043","Rhinolophus ferrumequinum","1",1,0.887143015117063,0.888373759629417
"1044","Rhinolophus formosae","1",0,0.13405322399937,0.123747658387328
"1045","Rhinolophus francisi",NA,0,0.0416238756553156,0.0467014550067738
"1046","Rhinolophus fumigatus","1",1,0.857419208276273,0.858375375329028
"1047","Rhinolophus guineensis","1",0,0.185656253557985,0.17856267737869
"1048","Rhinolophus hildebrandtii","1",1,0.700361994852654,0.701375209525617
"1049","Rhinolophus hilli","0",0,0.0879740745011767,0.087142394007125
"1050","Rhinolophus hillorum","1",0,0.139115904915036,0.131464949489623
"1051","Rhinolophus hipposideros","1",1,0.750799563665689,0.753209460612021
"1052","Rhinolophus huananus","0",0,0.129501279860565,0.136622426710147
"1053","Rhinolophus inops","0",0,0.0936159844660397,0.0952977126778943
"1054","Rhinolophus kahuzi","0",0,0.126344905385138,0.132197862371601
"1055","Rhinolophus keyensis","0",0,0.0830740056742006,0.0840037883074645
"1056","Rhinolophus landeri","1",1,0.82879766512618,0.828659251128725
"1057","Rhinolophus lepidus","1",1,0.417685185633919,0.413925067702738
"1058","Rhinolophus luctoides",NA,0,0.0416238756553156,0.0467014550067738
"1059","Rhinolophus luctus","1",1,0.753445274762262,0.751773025608814
"1060","Rhinolophus mabuensis",NA,0,0.121536353068646,0.140983356982716
"1061","Rhinolophus maclaudi","1",0,0.187669054403788,0.18086566401732
"1062","Rhinolophus macrotis","1",1,0.704748578947475,0.697102102378237
"1063","Rhinolophus madurensis","0",0,0.0953916565205186,0.0966295202922922
"1064","Rhinolophus maendeleo","0",0,0.0691388919870326,0.0677330788498362
"1065","Rhinolophus malayanus","0",1,0.575679705651399,0.587235129433806
"1066","Rhinolophus marshalli","0",1,0.54937856493871,0.560971420233452
"1067","Rhinolophus megaphyllus","1",1,0.538041585704797,0.535727345161731
"1068","Rhinolophus mehelyi","1",1,0.732052546638703,0.727962012402729
"1069","Rhinolophus mitratus",NA,0,0.112770081094842,0.125506724406203
"1070","Rhinolophus montanus","0",0,0.0392226897741571,0.0394622004605294
"1071","Rhinolophus mossambicus","0",0,0.197606477356046,0.213341126717193
"1072","Rhinolophus nereis",NA,0,0.0491732564919686,0.054509270290307
"1073","Rhinolophus osgoodi","0",0,0.712214522545904,0.719037214924741
"1074","Rhinolophus paradoxolophus","0",0,0.274050293221638,0.282436807320359
"1075","Rhinolophus pearsonii","1",1,0.696901050252283,0.692717735597024
"1076","Rhinolophus philippinensis","1",1,0.30258639881856,0.293258729612813
"1077","Rhinolophus pusillus","1",1,0.467962123462388,0.460431083620813
"1078","Rhinolophus rex","1",1,0.591502994702247,0.584363074225609
"1079","Rhinolophus robinsoni","0",0,0.106130636060223,0.106286540076454
"1080","Rhinolophus rouxii","1",1,0.62742039510397,0.621017886182655
"1081","Rhinolophus rufus","0",0,0.0822055741958176,0.0831863494651772
"1082","Rhinolophus ruwenzorii","1",0,0.104327492329019,0.0941018433815716
"1083","Rhinolophus sakejiensis","0",0,0.0747849487109477,0.0728901612676157
"1084","Rhinolophus schnitzleri","0",0,0.0963088290483083,0.0988680484425231
"1085","Rhinolophus sedulus","1",0,0.310202542028693,0.302411093624847
"1086","Rhinolophus shameli","0",1,0.484628141881602,0.492161342013824
"1087","Rhinolophus shortridgei",NA,0,0.10349037324977,0.113891248091191
"1088","Rhinolophus siamensis","0",1,0.125253311843783,0.130889738701083
"1089","Rhinolophus silvestris",NA,0,0.107895594603,0.119739351750076
"1090","Rhinolophus simulator","1",1,0.686842485123495,0.684835091267391
"1091","Rhinolophus sinicus","1",1,0.7588738543739,0.752825373654773
"1092","Rhinolophus smithersi","1",0,0.204501344979198,0.187838240389841
"1093","Rhinolophus stheno","0",1,0.753821036433305,0.757685837474803
"1094","Rhinolophus subbadius","0",0,0.329625778299924,0.332223888555279
"1095","Rhinolophus subrufus","0",0,0.0957275725797678,0.0970382675052398
"1096","Rhinolophus swinnyi","1",0,0.674053140311641,0.675496483366416
"1097","Rhinolophus thailandensis","0",0,0.11807054545768,0.125814778791189
"1098","Rhinolophus thomasi","0",1,0.462622541625759,0.472820139325239
"1099","Rhinolophus trifoliatus","0",1,0.567084454173745,0.568724971912507
"1100","Rhinolophus virgo","1",0,0.119173415128861,0.116702726234181
"1101","Rhinolophus willardi","1",0,0.151674186200629,0.132197862371601
"1102","Rhinolophus xinanzhongguoensis","0",0,0.0333699506882734,0.033856746457909
"1103","Rhinolophus yunanensis","1",0,0.537356119447801,0.527236525927129
"1104","Rhinolophus ziama","1",0,0.0817477590860856,0.0682222475965779
"1105","Rhinonicteris aurantia","1",0,0.119764568890637,0.120158280041618
"1106","Rhinophylla alethina",NA,0,0.0365043058555865,0.0406491399663811
"1107","Rhinophylla fischerae",NA,0,0.0974602576405643,0.106442361625513
"1108","Rhinophylla pumilio","1",1,0.226996910232646,0.214748813309966
"1109","Rhinopoma hadramauticum","1",0,0.105574411657968,0.0919800505913128
"1110","Rhinopoma hardwickii","1",1,0.26110811331764,0.263490864384596
"1111","Rhinopoma macinnesi","1",0,0.117759951396926,0.112852323922168
"1112","Rhinopoma microphyllum","1",0,0.161910320054145,0.16510112345886
"1113","Rhinopoma muscatellum","1",0,0.105586620815203,0.104398175104202
"1114","Rhogeessa aeneus",NA,0,0.0672513483613481,0.07495448333483
"1115","Rhogeessa alleni",NA,0,0.0665231954448873,0.0753006294222764
"1116","Rhogeessa bickhami",NA,0,0.138597379363817,0.160372759488854
"1117","Rhogeessa genowaysi",NA,0,0.0250313967862259,0.0281933435642385
"1118","Rhogeessa gracilis",NA,0,0.0759822569625906,0.0859711547351815
"1119","Rhogeessa hussoni",NA,0,0.0224990836227516,0.0239482153864987
"1120","Rhogeessa io",NA,0,0.192759005839508,0.212512380621875
"1121","Rhogeessa menchuae",NA,0,0.110021432529651,0.12325946880753
"1122","Rhogeessa minutilla","0",0,0.0522393690694823,0.0527003001569545
"1123","Rhogeessa mira",NA,0,0.0321593963488746,0.0362184539843812
"1124","Rhogeessa parvula","0",0,0.0787288214750196,0.0796996200388979
"1125","Rhogeessa tumida","1",1,0.300128023996563,0.290880711361215
"1126","Rhynchonycteris naso","1",1,0.415797509613669,0.406865857764012
"1127","Rousettus aegyptiacus","1",1,0.816399059411235,0.814719482109346
"1128","Rousettus amplexicaudatus","1",1,0.446991002121818,0.440808779469354
"1129","Rousettus bidens","0",0,0.0383560110278042,0.0386470274825123
"1130","Rousettus celebensis","0",0,0.0971972210668678,0.0968257004787166
"1131","Rousettus lanosus","1",0,0.413870740475492,0.396251753758733
"1132","Rousettus leschenaultii","1",1,0.387840322260245,0.381335173968264
"1133","Rousettus linduensis",NA,0,0.0407846724177948,0.0448922758858429
"1134","Rousettus madagascariensis","0",1,0.305724850430463,0.315185837510266
"1135","Rousettus obliviosus","0",0,0.0431608572279558,0.0433719950888702
"1136","Rousettus spinalatus","0",0,0.084139073423096,0.0830633660299083
"1137","Saccolaimus flaviventris","1",1,0.278266355110536,0.279950571641138
"1138","Saccolaimus mixtus","0",0,0.0663120507295171,0.0673783847066109
"1139","Saccolaimus peli","0",0,0.324698269107468,0.33083925736729
"1140","Saccolaimus saccolaimus","1",1,0.48270021686472,0.482088312875398
"1141","Saccopteryx antioquensis","1",0,0.0338427713324623,0.0309503453168205
"1142","Saccopteryx bilineata","1",1,0.509746466646239,0.503021788014316
"1143","Saccopteryx canescens","0",0,0.080071128062948,0.0807825109879943
"1144","Saccopteryx gymnura",NA,0,0.0285195691723477,0.0310812967866612
"1145","Saccopteryx leptura","0",0,0.171195783755737,0.170387490666828
"1146","Sauromys petrophilus","0",0,0.199296216995004,0.208458698089577
"1147","Scleronycteris ega",NA,0,0.0227339138935699,0.0249087614213679
"1148","Scoteanax rueppellii","1",0,0.15328493796561,0.149513690279353
"1149","Scotoecus albofuscus","0",0,0.191494219007167,0.193544956001937
"1150","Scotoecus hirundo","1",0,0.24942102265503,0.244640204193421
"1151","Scotoecus pallidus","1",0,0.189541441978396,0.185891155659522
"1152","Scotomanes ornatus","0",0,0.436713543101728,0.446215330112215
"1153","Scotonycteris bergmansi","0",0,0.0854522288091481,0.0892458187215427
"1154","Scotonycteris occidentalis","0",0,0.0854522288091481,0.0892458187215427
"1155","Scotonycteris zenkeri","0",0,0.185468494368326,0.18599805363385
"1156","Scotophilus andrewreborii",NA,0,0.0335049588080952,0.0377641229737343
"1157","Scotophilus borbonicus",NA,0,0.0566953641285199,0.0624581598355158
"1158","Scotophilus celebensis",NA,0,0.0616978445878902,0.0677882253673291
"1159","Scotophilus collinus","1",0,0.100272424045888,0.08672124723038
"1160","Scotophilus dinganii","1",1,0.629060677976404,0.620600004972528
"1161","Scotophilus ejetai",NA,0,0.0422058596165712,0.0486820586602368
"1162","Scotophilus heathii","1",1,0.377989466606346,0.381026311666949
"1163","Scotophilus kuhlii","1",1,0.181283095633391,0.168781898419154
"1164","Scotophilus leucogaster","1",1,0.641855624417742,0.63862856765089
"1165","Scotophilus livingstonii",NA,0,0.0422058596165712,0.0486820586602368
"1166","Scotophilus marovaza","1",0,0.0510202129321422,0.0434050753267655
"1167","Scotophilus nigrita","1",1,0.68439876271385,0.683837244770391
"1168","Scotophilus nucella",NA,0,0.240740124527848,0.263571486213553
"1169","Scotophilus nux",NA,1,0.269531261968775,0.296437529279777
"1170","Scotophilus robustus","1",0,0.321418938285366,0.300911482872151
"1171","Scotophilus tandrefana",NA,0,0.0323621631896508,0.0364208017795984
"1172","Scotophilus trujilloi",NA,0,0.0314200312685831,0.0352092530469622
"1173","Scotophilus viridis","0",0,0.507638436561188,0.516947278722107
"1174","Scotorepens balstoni","1",0,0.130385208998532,0.131036655475654
"1175","Scotorepens greyii","1",0,0.16667604534728,0.165540379235334
"1176","Scotorepens orion","1",0,0.256775431933676,0.250329430395146
"1177","Scotorepens sanborni","1",0,0.112903368027581,0.113024464838168
"1178","Scotozous dormeri","1",0,0.165205576733405,0.166660402326379
"1179","Sphaerias blanfordi",NA,0,0.130183835662969,0.142453002446525
"1180","Sphaeronycteris toxophyllum","0",0,0.0629596809875259,0.0633265845939031
"1181","Stenoderma rufum","0",0,0.042163598426781,0.0423259702036183
"1182","Sturnira angeli",NA,1,0.108764802081237,0.117730107130811
"1183","Sturnira aratathomasi",NA,0,0.069565947132626,0.0765976542758247
"1184","Sturnira bakeri",NA,0,0.0231810151772272,0.0259927614989796
"1185","Sturnira bidens","0",0,0.108380350432836,0.108875345823275
"1186","Sturnira bogotensis",NA,0,0.128358003022703,0.142443132514106
"1187","Sturnira burtonlimi",NA,0,0.0199360873621619,0.0220519688556724
"1188","Sturnira erythromos","0",1,0.307040780879365,0.311780542216022
"1189","Sturnira hondurensis","0",0,0.0822041412054136,0.0861295204243229
"1190","Sturnira koopmanhilli",NA,0,0.020244636179393,0.0224150565611161
"1191","Sturnira lilium","1",1,0.638785251724434,0.63102197720731
"1192","Sturnira ludovici","1",1,0.403716581619358,0.392244739441048
"1193","Sturnira luisi",NA,0,0.0691806033635112,0.0778186206018402
"1194","Sturnira magna",NA,0,0.165565214233165,0.182546872891923
"1195","Sturnira mistratensis",NA,0,0.0346669788636317,0.0372321642761805
"1196","Sturnira mordax",NA,0,0.0524002650494158,0.0586897743795325
"1197","Sturnira nana",NA,0,0.0359327013972786,0.040464889646559
"1198","Sturnira oporaphilum",NA,0,0.100395145125717,0.111572967790426
"1199","Sturnira parvidens","0",1,0.121396418774759,0.130204745274872
"1200","Sturnira paulsoni",NA,0,0.086417656772128,0.0993158018613667
"1201","Sturnira perla",NA,0,0.0200827900969958,0.0222763810702686
"1202","Sturnira sorianoi",NA,0,0.0388925348527861,0.0432722228937394
"1203","Sturnira tildae","0",1,0.468762201828798,0.473554235807147
"1204","Styloctenium mindorensis",NA,0,0.030352573776242,0.0341445064270694
"1205","Styloctenium wallacei",NA,0,0.0453714233428904,0.0497576922648016
"1206","Submyotodon latirostris","1",1,0.329775393438139,0.309351452217586
"1207","Syconycteris australis","0",1,0.35262040779633,0.366326661400464
"1208","Syconycteris carolinae",NA,0,0.0400220668340237,0.0445927824971153
"1209","Syconycteris hobbit",NA,0,0.05088439654847,0.0556746502343725
"1210","Tadarida aegyptiaca","1",0,0.522602196570713,0.520816299698986
"1211","Tadarida australis","1",0,0.221859305042869,0.222357629689603
"1212","Tadarida brasiliensis","1",1,0.737950535142678,0.738307034014277
"1213","Tadarida fulminans","0",0,0.275877757945228,0.287786663708949
"1214","Tadarida insignis","1",1,0.592689576032048,0.590529490202619
"1215","Tadarida jobimena","0",0,0.0583643256744526,0.0623574403337309
"1216","Tadarida kuboriensis","0",0,0.0396803498130969,0.0393604523716798
"1217","Tadarida latouchei","0",0,0.32211201744996,0.331748856389593
"1218","Tadarida lobata","0",0,0.10556906965569,0.107424337693845
"1219","Tadarida teniotis","1",1,0.751858610487836,0.752740170371258
"1220","Tadarida ventralis","1",0,0.300230195432963,0.286169457396945
"1221","Taphozous achates","0",0,0.0334899649953511,0.0342126956798799
"1222","Taphozous australis","1",0,0.0653825093989535,0.0635996413313674
"1223","Taphozous georgianus","1",0,0.206052461609043,0.207090413483351
"1224","Taphozous hamiltoni","0",0,0.109654229487609,0.109038705350589
"1225","Taphozous hildegardeae","0",1,0.156211781180689,0.158342042405345
"1226","Taphozous hilli","1",0,0.102249561674436,0.10270584761545
"1227","Taphozous kapalgensis","0",0,0.0674740573908148,0.0679828931216242
"1228","Taphozous longimanus","1",1,0.586880931464447,0.586023568426507
"1229","Taphozous mauritianus","1",1,0.712895941311792,0.715022382775182
"1230","Taphozous melanopogon","1",1,0.535224806970283,0.533433310962439
"1231","Taphozous nudiventris","1",0,0.491260589668126,0.492890263612061
"1232","Taphozous perforatus","1",1,0.448726290462448,0.446279012328628
"1233","Taphozous theobaldi","0",1,0.324900628817568,0.330537694547116
"1234","Taphozous troughtoni","1",0,0.0674760123050646,0.065836572529741
"1235","Thoopterus nigrescens",NA,0,0.0528730321266506,0.0585173171888435
"1236","Thoopterus suhaniahae",NA,0,0.0598621245385125,0.0699788181537108
"1237","Thyroptera devivoi","0",0,0.0632671657901067,0.063485119219215
"1238","Thyroptera discifera","0",0,0.0735178105827513,0.0743035396025236
"1239","Thyroptera lavali","0",0,0.0459632765872021,0.0448770639893763
"1240","Thyroptera tricolor","0",0,0.339283545380879,0.34615804624074
"1241","Thyroptera wynneae","0",0,0.022964765059986,0.0231593256868295
"1242","Tomopeas ravus","0",0,0.0562663065480655,0.0580920224874064
"1243","Tonatia bidens","1",0,0.291151744073485,0.276866573565414
"1244","Tonatia saurophila","0",0,0.108754424550046,0.109710578228528
"1245","Trachops cirrhosus","1",1,0.597030228562213,0.597759193418457
"1246","Triaenops afer","1",1,0.12749890537634,0.112246960647243
"1247","Triaenops menamena","1",1,0.342503211207229,0.331365930854222
"1248","Triaenops parvus","0",0,0.0804864916661205,0.0838093180555001
"1249","Triaenops persicus","1",1,0.482026528742854,0.47958031207906
"1250","Triaenops rufus","1",0,0.482026528742854,0.47958031207906
"1251","Trinycteris nicefori","1",0,0.0902931143740457,0.0869034475618267
"1252","Tylonycteris pachypus","0",1,0.235590616571263,0.241521897877724
"1253","Tylonycteris pygmaeus","0",0,0.0352031494582183,0.0355665806965842
"1254","Tylonycteris robustula","0",1,0.273528554661549,0.2789777910778
"1255","Uroderma bakeri","0",0,0.0333286733180533,0.0339051944051908
"1256","Uroderma bilobatum","0",1,0.464110301568399,0.476685613971054
"1257","Uroderma magnirostrum","0",0,0.28847439361627,0.290695622785512
"1258","Vampyressa bidens","0",0,0.124200007456806,0.124601356217837
"1259","Vampyressa brocki",NA,0,0.0531658038829729,0.057784514067389
"1260","Vampyressa elisabethae",NA,0,0.0301883158286874,0.0339051944051908
"1261","Vampyressa melissa",NA,0,0.0321491183707456,0.0353172568266621
"1262","Vampyressa nymphaea","0",0,0.0481438960955965,0.047771976802019
"1263","Vampyressa pusilla","0",0,0.112322323864486,0.115801777725546
"1264","Vampyressa sinchi",NA,0,0.0301883158286874,0.0339051944051908
"1265","Vampyressa thyone","0",0,0.0807718105629638,0.084022785605384
"1266","Vampyrodes caraccioli","0",1,0.418560776596275,0.426201044036897
"1267","Vampyrum spectrum","1",0,0.144212393840899,0.1353832073923
"1268","Vespadelus baverstocki","1",0,0.0666220896327336,0.0654015835937942
"1269","Vespadelus caurinus","1",0,0.0810971807584646,0.0808723511859897
"1270","Vespadelus darlingtoni","1",0,0.282577686249018,0.279406898565009
"1271","Vespadelus douglasorum","1",0,0.0443983320454293,0.0431270009773594
"1272","Vespadelus finlaysoni","1",0,0.0782905795997967,0.0774045095542105
"1273","Vespadelus pumilus","0",0,0.09542050129742,0.0970127443193124
"1274","Vespadelus regulus","1",1,0.384343343203072,0.380465200427431
"1275","Vespadelus troughtoni","1",0,0.142662142545422,0.136759133348645
"1276","Vespadelus vulturnus","1",0,0.15136021273717,0.14650218173976
"1277","Vespertilio murinus","1",1,0.781045772708418,0.783389155808951
"1278","Vespertilio sinensis","1",1,0.666564447936367,0.665108880893803
"1279","Xeronycteris vieirai","0",0,0.0384098187532366,0.0387631882599106
