"","species","Synurbic","zoo_prop","with","without"
"1","Acerodon celebensis","0",0.117647058823529,0.0319943203217877,0.0319637911873306
"2","Acerodon humilis","0",0,0.0236379219018496,0.0236243647263197
"3","Acerodon jubatus","0",0,0.0374853824866022,0.0374776997203791
"4","Acerodon leucotis","0",0,0.0174095361457661,0.0174069703118739
"5","Acerodon mackloti","0",0,0.0237239685137118,0.0237425478757171
"6","Aethalops aequalis","0",0,0.0205975697114408,0.0205533873829566
"7","Aethalops alecto",NA,0,0.0258754855321573,0.0259441340175499
"8","Alionycteris paucidentata",NA,0,0.0204341388116739,0.0204947120394601
"9","Ametrida centurio",NA,0,0.0444603140910228,0.0446708716938867
"10","Amorphochilus schnablii","1",0,0.0233735228622372,0.0233548871355698
"11","Anoura canishina","0",0,0.0924034804642979,0.0928720286981692
"12","Anoura caudifer","0",0.133333333333333,0.0667396155615119,0.0668242725717586
"13","Anoura cultrata","1",0,0.0520697492236491,0.0516700974882232
"14","Anoura fistulata","0",0,0.0589774564798537,0.059405962072035
"15","Anoura geoffroyi","0",0.195121951219512,0.0784818975153132,0.0788184045898307
"16","Anoura latidens","0",0,0.0469559757493836,0.047220445185503
"17","Anoura luismanueli","0",0,0.0219763747180621,0.0219738839814327
"18","Anthops ornatus",NA,0,0.0325696900881041,0.032585983591538
"19","Antrozous pallidus","1",0.0344827586206897,0.0419864673100668,0.0420162918359682
"20","Aproteles bulmerae","0",0,0.0395813216155713,0.0396038493162432
"21","Ardops nichollsi","0",0,0.0325079083360712,0.032582728326281
"22","Arielulus aureocollaris",NA,0,0.0169970525759229,0.0170151903149045
"23","Arielulus circumdatus",NA,0,0.0181885317550879,0.0182297849707894
"24","Arielulus cuprosus",NA,0,0.0174381883404603,0.017445651291955
"25","Arielulus societatis","0",0,0.0148324228243345,0.0148225615250363
"26","Arielulus torquatus",NA,0,0.0148880986538697,0.0149094371152087
"27","Ariteus flavescens",NA,0,0.0288094590666455,0.028939391920826
"28","Artibeus amplus","0",0,0.0404587495506928,0.0404991159145417
"29","Artibeus concolor",NA,0,0.038275789087903,0.0383980669762753
"30","Artibeus fimbriatus","0",0.0909090909090909,0.0422917290208192,0.0423255429932469
"31","Artibeus fraterculus","1",0,0.0414185843190106,0.0412908741832915
"32","Artibeus hirsutus","1",0,0.0361811786455977,0.0360080549879637
"33","Artibeus inopinatus","1",0,0.0362226102676117,0.0360902136795896
"34","Artibeus jamaicensis","1",0.150537634408602,0.0962184905379824,0.0960177158075785
"35","Artibeus lituratus","1",0.0572289156626506,0.0897843014924014,0.0896119339063639
"36","Artibeus obscurus","0",0.125,0.0757005308200857,0.0758922221877694
"37","Artibeus planirostris","0",0.0923076923076923,0.0688998158990223,0.0691535827021697
"38","Asellia arabica","0",0,0.0434660359908112,0.0435883829047781
"39","Asellia patrizii","1",0,0.0169727143248226,0.0169756363931586
"40","Asellia tridens","1",0,0.031134056564665,0.0311225925300521
"41","Aselliscus stoliczkanus","0",0.0869565217391304,0.0219677319169158,0.0219774338797728
"42","Aselliscus tricuspidatus","1",0,0.0183679968785961,0.0183517407785409
"43","Balantiopteryx infusca","1",0,0.0212347935538685,0.0211868255516097
"44","Balantiopteryx io","0",0,0.0243730048099689,0.0244062303209914
"45","Balantiopteryx plicata","1",0,0.0327277702862962,0.0327064903054041
"46","Balionycteris maculata","0",1,0.154237969323951,0.154527839935292
"47","Barbastella barbastellus","1",0.2,0.0515564027850403,0.0516892691317926
"48","Barbastella beijingensis","1",0,0.0520744369663974,0.0522735519105594
"49","Barbastella leucomelas","1",0,0.0259849801179101,0.0260005247594032
"50","Bauerus dubiaquercus","1",0,0.0315619947363064,0.0314380350956333
"51","Brachyphylla cavernarum","1",0,0.0316239546112254,0.0314758903486652
"52","Brachyphylla nana","0",0,0.0300511955011431,0.0300909177537626
"53","Cardioderma cor","1",0,0.0331251669765771,0.0331687656561711
"54","Carollia benkeithi",NA,0,0.0713449994864324,0.0718231168703554
"55","Carollia brevicauda","1",0.142857142857143,0.066959638198975,0.0666727088453769
"56","Carollia castanea","0",0,0.047933093327726,0.0480171930994927
"57","Carollia manu","1",0,0.0682816421057849,0.0686485158941869
"58","Carollia perspicillata","1",0.11377245508982,0.0819847509174227,0.0818321465374687
"59","Carollia sowelli","1",0.1,0.0653657992916311,0.0650886781594771
"60","Carollia subrufa","1",0.333333333333333,0.0674185486716519,0.0671630952371505
"61","Casinycteris argynnis","0",0,0.0278185097977249,0.0278166302124678
"62","Casinycteris campomaanensis",NA,0,0.0403952320956429,0.0405961589206147
"63","Casinycteris ophiodon","0",0,0.0365243685444536,0.036590988586551
"64","Centronycteris centralis","0",0,0.0283338287796175,0.028377776803881
"65","Centronycteris maximiliani","0",0,0.0293750711368399,0.0293771296362064
"66","Centurio senex","0",0,0.0496419937898257,0.0497650667703111
"67","Chaerephon aloysiisabaudiae","0",0,0.0234916723997194,0.0234963140452697
"68","Chaerephon ansorgei","1",0,0.0289495233462097,0.0289416375257915
"69","Chaerephon atsinanana","1",0,0.0494875429241536,0.0497058953327412
"70","Chaerephon bemmeleni","0",0,0.0277022183921922,0.0277048901795164
"71","Chaerephon bivittatus","1",0,0.0269231676807217,0.0269108826053838
"72","Chaerephon bregullae","0",0,0.0182094080292243,0.0182312069295443
"73","Chaerephon chapini","1",0,0.0247846024310053,0.0247640154228111
"74","Chaerephon gallagheri","0",0,0.018938874064132,0.0189236383763014
"75","Chaerephon jobensis","1",0,0.022707999916508,0.0227356085872394
"76","Chaerephon johorensis",NA,0,0.0152556464470978,0.0152658578300657
"77","Chaerephon major","1",0,0.0309690391928394,0.0309279774028576
"78","Chaerephon nigeriae","1",0,0.0289476893710705,0.0289550842790139
"79","Chaerephon plicatus","1",0.0869565217391304,0.0327306229837748,0.0327018654978278
"80","Chaerephon pumilus","1",0.0462962962962963,0.0632255925906136,0.0633203594702483
"81","Chaerephon russatus","0",0,0.0240051546865068,0.0239919836900363
"82","Chaerephon solomonis","0",0,0.018862422721736,0.0188090457926904
"83","Chaerephon tomensis",NA,0,0.0176718389834395,0.0177121311190419
"84","Chalinolobus dwyeri","1",0,0.0238840984846071,0.023908568713619
"85","Chalinolobus gouldii","1",0.0625,0.0250727788552338,0.0251180003609619
"86","Chalinolobus morio","1",0,0.0236987698105067,0.0237472444505764
"87","Chalinolobus neocaledonicus","1",0,0.0200257284834225,0.0200427544211351
"88","Chalinolobus nigrogriseus","1",0,0.0234649257964593,0.0235091410475119
"89","Chalinolobus picatus","1",0,0.0388844842764178,0.0388102040233264
"90","Chalinolobus tuberculatus","0",0,0.0198399000595639,0.0197812396808608
"91","Cheiromeles parvidens","0",0,0.0148514567572593,0.0148634123762468
"92","Cheiromeles torquatus","1",0,0.0267597183568898,0.0266708630274785
"93","Chilonatalus micropus","0",0,0.0168076113634221,0.0168317656873531
"94","Chilonatalus tumidifrons","0",0,0.0227098922877417,0.022791081008005
"95","Chiroderma doriae",NA,0,0.0329738002477241,0.0330772458139997
"96","Chiroderma improvisum",NA,0,0.0259186635841146,0.0260038242669478
"97","Chiroderma salvini","1",0,0.0529530562757233,0.0526868389240668
"98","Chiroderma trinitatum","0",0,0.0590726149063314,0.0591718109627403
"99","Chiroderma villosum","1",0,0.0585337213062769,0.0581860390432983
"100","Chiroderma vizottoi",NA,0,0.0561174159199416,0.05644310763109
"101","Chironax melanocephalus","0",0,0.0255615708361651,0.0255651024758439
"102","Choeroniscus godmani",NA,0,0.0583090759283985,0.0586354326306594
"103","Choeroniscus minor","0",0,0.0555873182214444,0.0558433030265836
"104","Choeroniscus periosus",NA,0,0.0385483531110422,0.0387090618858399
"105","Choeronycteris mexicana","1",0,0.0578731144194796,0.0577279262800513
"106","Chrotopterus auritus","1",0.25,0.136471450496674,0.136269063506323
"107","Cistugo lesueuri","1",0,0.0181793575091223,0.0181954360354577
"108","Cistugo seabrae",NA,0,0.0209002690287001,0.0209088428687422
"109","Cloeotis percivali","1",0,0.0270682447771715,0.0270631433856309
"110","Coelops frithii","1",0,0.029511002358138,0.0294642418734604
"111","Coelops hirsutus","0",0,0.0520296133545708,0.0522035255176144
"112","Coelops robinsoni","0",0,0.0188280745133623,0.0188244063105464
"113","Coleura afra","1",0.0285714285714286,0.0303147998607333,0.0302848929568023
"114","Coleura kibomalandy","0",0,0.0463160872063817,0.0464359636867204
"115","Coleura seychellensis","0",0,0.0205727388024302,0.0206087225563173
"116","Cormura brevirostris","1",0,0.0297497780169475,0.0296605338709788
"117","Corynorhinus mexicanus","1",0,0.0286216948650575,0.0286040710556772
"118","Corynorhinus rafinesquii","1",0,0.0310928229810461,0.031051040910783
"119","Corynorhinus townsendii","1",0.0666666666666667,0.0380930357000421,0.0381097444091008
"120","Craseonycteris thonglongyai","0",0,0.0205582539109627,0.0205640950625005
"121","Cynomops abrasus","0",0.0588235294117647,0.0384837458721638,0.0384560319309201
"122","Cynomops greenhalli","1",0,0.0300645363608897,0.029964857769444
"123","Cynomops mexicanus","1",0,0.0280874286812386,0.0280323491906637
"124","Cynomops paranus",NA,0,0.0425652736991583,0.0426237692179279
"125","Cynomops planirostris","1",0.0909090909090909,0.042016323011321,0.041939994203507
"126","Cynopterus brachyotis","0",0.078125,0.0396006708569923,0.0396690525776224
"127","Cynopterus horsfieldii","0",0,0.0397252638189311,0.0398280638445683
"128","Cynopterus luzoniensis",NA,0,0.0207663966867545,0.020852108576455
"129","Cynopterus minutus",NA,0,0.0327667901918756,0.0328964029646099
"130","Cynopterus nusatenggara",NA,0,0.0195849610413862,0.0196447692494318
"131","Cynopterus sphinx","1",0.120879120879121,0.0529063724864392,0.0527593259474187
"132","Cynopterus titthaecheilus","1",0,0.0459010847575065,0.0456889004167366
"133","Cyttarops alecto","0",0,0.0263481678141836,0.0263816027177011
"134","Dermanura anderseni","0",0,0.0427881705570075,0.0427630088800131
"135","Dermanura aztecus","1",0,0.0483318105407517,0.0481969838622763
"136","Dermanura bogotensis","0",0,0.0593993395215566,0.059517041039514
"137","Dermanura cinereus","0",0.307692307692308,0.0538114277282366,0.0541125766825704
"138","Dermanura glaucus","0",0,0.0532897832939692,0.0532909880270196
"139","Dermanura gnomus","0",0,0.0404189547909879,0.0404328007989205
"140","Dermanura incomitatus","0",0,0.0274794596534011,0.0275094164671604
"141","Dermanura phaeotis","0",0.1875,0.0669346903428076,0.0672922784186506
"142","Dermanura rava",NA,0,0.0640009716417153,0.0643497374592857
"143","Dermanura rosenbergii","0",0,0.0571425549832546,0.0572494439208504
"144","Dermanura toltecus","1",0.285714285714286,0.0716501707492133,0.0716942097300309
"145","Dermanura watsoni","0",0,0.0274794596534011,0.0275094164671604
"146","Desmalopex leucopterus","0",0,0.0217739676499255,0.0217642035067431
"147","Desmalopex microleucopterus",NA,0,0.0511269943282123,0.0513488138699127
"148","Desmodus rotundus","0",0.00808625336927224,0.0954361535208022,0.0957482050087539
"149","Diaemus youngi","0",0.111111111111111,0.095581114126093,0.0959179685212253
"150","Diclidurus albus","0",0.5,0.0531182161056487,0.053198455431716
"151","Diclidurus ingens","1",0,0.0329392401905024,0.0328168969591532
"152","Diclidurus isabellus",NA,0,0.0269359076332139,0.0269855546327373
"153","Diclidurus scutatus","0",0,0.0312718556870997,0.0312828719199304
"154","Diphylla ecaudata","1",0.0526315789473684,0.0852003112295338,0.0851481963945313
"155","Dobsonia anderseni","1",0.5,0.0514861685748734,0.0504924075776479
"156","Dobsonia beauforti","0",0,0.0271122872680597,0.0272143385113215
"157","Dobsonia chapmani","0",0,0.0648578627871028,0.0651239678276388
"158","Dobsonia crenulata","0",0,0.0202769518129572,0.0203295331379597
"159","Dobsonia emersa","0",0,0.023571956408832,0.0235848494484502
"160","Dobsonia exoleta","0",0,0.0285100918775722,0.0285389214791302
"161","Dobsonia inermis","0",0,0.0443143559488742,0.0443608419880719
"162","Dobsonia minor","0",0,0.0278878545156352,0.0278765868527991
"163","Dobsonia moluccensis","1",0.0555555555555556,0.0344866093293273,0.0342147614708412
"164","Dobsonia pannietensis","0",0,0.0420645645340866,0.0420278642651786
"165","Dobsonia peronii","0",0,0.023313983068057,0.0233463280201726
"166","Dobsonia praedatrix","0",0,0.0324270829588027,0.0323996300922202
"167","Dobsonia viridis","0",0,0.0249060406250208,0.0249420808008589
"168","Dryadonycteris capixaba","0",0,0.0454283705129168,0.0455720685344329
"169","Dyacopterus brooksi","0",0,0.020858863450132,0.0208255330810621
"170","Dyacopterus rickarti","0",0,0.052330934745842,0.0525046799157385
"171","Dyacopterus spadiceus","0",0,0.0196227189577384,0.0196171280320285
"172","Ectophylla alba","0",0,0.0384218008612178,0.0384185191754411
"173","Eidolon dupreanum","0",0.136363636363636,0.0493838201697723,0.0494678108231705
"174","Eidolon helvum","0",0.0176423416198877,0.0706662144323882,0.0708677242096851
"175","Emballonura alecto","1",0,0.0285155794455649,0.0284916407353425
"176","Emballonura atrata","0",0,0.026085969034433,0.0261056254806426
"177","Emballonura beccarii","0",0,0.0194179851845077,0.0194064322590923
"178","Emballonura dianae","0",0,0.021935215651098,0.0218893796196971
"179","Emballonura furax","1",0,0.0193260520560341,0.0192916696668168
"180","Emballonura monticola","1",0,0.048786653168574,0.0487629660850881
"181","Emballonura raffrayana","0",0,0.0222106239968422,0.0221842455392602
"182","Emballonura semicaudata","0",0,0.0236408277058422,0.0236535777099079
"183","Emballonura serii","0",0,0.0164374618257495,0.0164571037730691
"184","Emballonura tiavato","0",0,0.0469008567487517,0.0470889470675776
"185","Enchisthenes hartii","0",0,0.0548788682138612,0.0549950281252161
"186","Eonycteris major","0",0,0.0238536862668335,0.0238298416642197
"187","Eonycteris robusta","0",0,0.0168638470367872,0.0168722403269261
"188","Eonycteris spelaea","0",0.043859649122807,0.036866822002563,0.0369662215645124
"189","Epomophorus angolensis",NA,0,0.0319976412410771,0.0320857065138281
"190","Epomophorus anselli",NA,0,0.0512263430670875,0.0514777015710016
"191","Epomophorus crypturus","0",0,0.0364383267020644,0.0364642132002242
"192","Epomophorus gambianus","0",0.0793650793650794,0.0527889100536839,0.0528597769904369
"193","Epomophorus grandis",NA,0,0.0279589751071214,0.0280232697486386
"194","Epomophorus labiatus","0",0.111111111111111,0.0517284674603177,0.051803276451084
"195","Epomophorus minimus",NA,0,0.0364530586470863,0.0365628162089411
"196","Epomophorus wahlbergi","1",0.0909090909090909,0.054647394753694,0.0544343711090724
"197","Epomops buettikoferi","0",0.25,0.0519649822183325,0.0521119381236579
"198","Epomops dobsonii","0",0.333333333333333,0.0437810219002256,0.043682167798159
"199","Epomops franqueti","0",0.0779220779220779,0.053828250352812,0.0538407474423023
"200","Eptesicus andinus",NA,0,0.0312494139495312,0.0312807235024218
"201","Eptesicus bobrinskoi",NA,0,0.0223463582983307,0.0223045425810749
"202","Eptesicus bottae","1",0,0.0373039748670319,0.0372397924349286
"203","Eptesicus brasiliensis","1",0.0909090909090909,0.0494822411519749,0.0494661308678866
"204","Eptesicus chiriquinus",NA,0,0.0266173704728408,0.0266489926015488
"205","Eptesicus diminutus",NA,0.0588235294117647,0.0312769847313565,0.0313551679645289
"206","Eptesicus dimissus",NA,0,0.0175227740437669,0.0175184696506374
"207","Eptesicus floweri",NA,0,0.0194964832848526,0.0195251304054287
"208","Eptesicus furinalis","1",0.00636942675159236,0.060203964385105,0.0602437669521808
"209","Eptesicus fuscus","1",0.00635593220338983,0.0506673447935819,0.0505126944795819
"210","Eptesicus gobiensis","1",0,0.0198870485695362,0.0198913036258318
"211","Eptesicus guadeloupensis","0",0,0.0193826387272463,0.0194229427063358
"212","Eptesicus hottentotus","1",0,0.0253185943119432,0.0253281138271196
"213","Eptesicus innoxius","1",0,0.0227073661749384,0.0226641558361977
"214","Eptesicus isabellinus","1",0.0277777777777778,0.0436251391186931,0.0438167718400057
"215","Eptesicus japonensis","1",0,0.0141002298681071,0.014099177736851
"216","Eptesicus kobayashii",NA,0,0.0430346593519876,0.0432425433885578
"217","Eptesicus lobatus","1",0,0.0591313309414109,0.0593131937378733
"218","Eptesicus nasutus","1",0,0.0223266353900272,0.0223358104521693
"219","Eptesicus nilssonii","1",0.0666666666666667,0.0492741968143902,0.049177868307098
"220","Eptesicus pachyomus","1",0,0.0593324447330323,0.0595581185838169
"221","Eptesicus pachyotis","0",0,0.017076902715787,0.0170761442438559
"222","Eptesicus platyops",NA,0,0.0282288094768096,0.0282523661401493
"223","Eptesicus serotinus","1",0.0160857908847185,0.0580592751728529,0.0579459562568349
"224","Eptesicus tatei",NA,0,0.0174170224175715,0.0174403989768997
"225","Erophylla bombifrons","0",0,0.0294704094226266,0.0295109605694343
"226","Erophylla sezekorni","0",0,0.0283271822673536,0.028362218912948
"227","Euderma maculatum","0",0.142857142857143,0.0430059012479035,0.0430664904042022
"228","Eudiscoderma thongareeae","1",0,0.0407204725355149,0.0408974677672434
"229","Eudiscopus denticulus","0",0,0.014821336283656,0.0148238680363188
"230","Eumops auripendulus","1",0.0909090909090909,0.0530532395910161,0.0530840576214641
"231","Eumops bonariensis","1",0.2,0.0634453430940458,0.0636810792310235
"232","Eumops chiribaya","1",0,0.051993547171684,0.0522065925498533
"233","Eumops dabbenei","1",0,0.0409793194935772,0.0408871941375059
"234","Eumops ferox","1",0,0.0631469893220511,0.0633423739854325
"235","Eumops floridanus","1",0,0.0460232730907891,0.0462040287265023
"236","Eumops glaucinus","1",0.1,0.0529381429846308,0.0529144668279541
"237","Eumops hansae","0",0,0.0325930914352181,0.0326508965129214
"238","Eumops maurus","1",0,0.0219208505548,0.0218592575302355
"239","Eumops patagonicus","1",0.333333333333333,0.0375312329187782,0.0376559029572003
"240","Eumops perotis","1",0.142857142857143,0.064123457435293,0.0640999773461702
"241","Eumops trumbulli","1",0,0.0374627976644761,0.0373661844311914
"242","Eumops underwoodi","0",0,0.041102795924352,0.0411857829023726
"243","Eumops wilsoni","1",0,0.0473048553902589,0.0474116806514249
"244","Falsistrellus affinis","1",0,0.0252920548756995,0.0253215698520201
"245","Falsistrellus mackenziei","0",0,0.017182386317736,0.0171892580003616
"246","Falsistrellus mordax",NA,0,0.0160167942234999,0.0160257488917139
"247","Falsistrellus petersi","1",0,0.0221131363466924,0.0221001199485728
"248","Falsistrellus tasmaniensis","1",0,0.0173135901683238,0.0173305235721768
"249","Furipterus horrens","0",0,0.0356069848796123,0.0355695168630819
"250","Glauconycteris alboguttata","0",0,0.0217777734379345,0.0217779120319214
"251","Glauconycteris argentata","0",0.333333333333333,0.0271496294922306,0.0271536520455255
"252","Glauconycteris beatrix","0",0,0.0209046863808103,0.0209048665602305
"253","Glauconycteris curryae",NA,0,0.0160235622029429,0.0160276567867318
"254","Glauconycteris egeria","0",0,0.0195233714405235,0.0195175976992707
"255","Glauconycteris gleni","0",0,0.0195024288592367,0.0195003789457233
"256","Glauconycteris humeralis","0",0,0.0172951217812959,0.0172780258141911
"257","Glauconycteris kenyacola","0",0,0.0215861325357604,0.021578483025522
"258","Glauconycteris machadoi",NA,0,0.0182180712666153,0.0182163680925491
"259","Glauconycteris poensis","0",0,0.0243518139711424,0.0243622969633199
"260","Glauconycteris superba","0",0,0.0182168150303508,0.0182116208310561
"261","Glauconycteris variegata","1",0,0.0325407448649242,0.0325175471143618
"262","Glischropus aquilus","0",0,0.0520039084878499,0.0521768430369284
"263","Glischropus bucephalus","0",0,0.0675644876353197,0.0676455612580981
"264","Glischropus javanus","0",0,0.0175161955478483,0.0174966161868963
"265","Glischropus tylopus","0",0,0.0567322502319449,0.0566311125122856
"266","Glossophaga commissarisi","1",0.166666666666667,0.0730512007549705,0.0727893889524855
"267","Glossophaga leachii","1",0,0.0521348032043483,0.0520471580679116
"268","Glossophaga longirostris","1",0.5,0.0824835525246603,0.0824310074160017
"269","Glossophaga morenoi","1",0.333333333333333,0.0514030527760559,0.0513886685248552
"270","Glossophaga soricina","1",0.148648648648649,0.100924611753121,0.100746995610864
"271","Glyphonycteris behnii",NA,0,0.0451621525848642,0.0452626407023372
"272","Glyphonycteris daviesi","0",0,0.0468782326682613,0.0469485146385336
"273","Glyphonycteris sylvestris","0",0,0.0532717166886345,0.0533800177835905
"274","Haplonycteris fischeri","0",0,0.0244760932452537,0.0244846333332003
"275","Harpiocephalus harpia","0",0,0.0598444951355031,0.0596711394353075
"276","Harpiocephalus mordax","0",0,0.0598444951355031,0.0596711394353075
"277","Harpiola grisea",NA,0,0.0181965070650015,0.0182152209179426
"278","Harpiola isodon",NA,0,0.0403638769604722,0.0405512577751472
"279","Harpyionycteris celebensis",NA,0,0.0300389789669651,0.030154452945065
"280","Harpyionycteris whiteheadi","0",0,0.0293658955774578,0.0293784535262812
"281","Hesperoptenus blanfordi","0",0,0.0220081379811272,0.0220213387194156
"282","Hesperoptenus doriae","0",0,0.0174688735262322,0.0174455736815958
"283","Hesperoptenus gaskelli","0",0,0.0175443187269486,0.0175386263789462
"284","Hesperoptenus tickelli","0",0,0.0201953964410692,0.0202159657394864
"285","Hesperoptenus tomesi","0",0,0.016764962939083,0.0167486090108701
"286","Hipposideros abae","0",0.115384615384615,0.0302789149126465,0.0303287424850472
"287","Hipposideros alongensis","0",0,0.0573703708999692,0.0575378002045088
"288","Hipposideros armiger","1",0.0666666666666667,0.0299445682476751,0.0299087248282049
"289","Hipposideros ater","1",0,0.0430955508361104,0.0430571802662577
"290","Hipposideros beatus","1",0,0.0264266271507997,0.026440852392883
"291","Hipposideros bicolor","0",0.111111111111111,0.0699670822866037,0.0698287820497862
"292","Hipposideros boeadii",NA,0,0.0415034992714405,0.0417697110686959
"293","Hipposideros breviceps","0",0,0.0199226330829856,0.019954680148195
"294","Hipposideros caffer","1",0.0220820189274448,0.0480229315781207,0.0479482436044745
"295","Hipposideros calcaratus","1",0,0.0207775013402002,0.0207936746303363
"296","Hipposideros camerunensis",NA,0,0.0231456984672538,0.0232014142567137
"297","Hipposideros cervinus","1",0,0.0378341083191346,0.0378550677084472
"298","Hipposideros cineraceus","0",0.04,0.023695220692477,0.0237081687126735
"299","Hipposideros commersoni","0",0.0833333333333333,0.0548362651761554,0.0549639672306735
"300","Hipposideros coronatus","0",0,0.0145281880428741,0.0145289326453696
"301","Hipposideros corynophyllus","0",0,0.0176527943358285,0.0176422409681632
"302","Hipposideros coxi","0",0,0.0166061025228347,0.0165870956355293
"303","Hipposideros crumeniferus",NA,0,0.0154205094438407,0.0154405589700104
"304","Hipposideros curtus","1",0,0.0185016720524959,0.0184854316854623
"305","Hipposideros cyclops","1",0,0.0311510828119998,0.031138377254199
"306","Hipposideros demissus","0",0,0.0168768608116548,0.0168742109839244
"307","Hipposideros diadema","1",0.0588235294117647,0.0277628396349789,0.0277102480832436
"308","Hipposideros dinops","0",0,0.0194004637387817,0.0193977966347259
"309","Hipposideros doriae",NA,0,0.0187028860841351,0.0187172649766093
"310","Hipposideros durgadasi","0",0,0.0135343967246161,0.013546738193809
"311","Hipposideros dyacorum","0",0,0.0194558740993593,0.0194359954166913
"312","Hipposideros edwardshilli","0",0,0.0186604338555546,0.0186346820902807
"313","Hipposideros einnaythu","1",0,0.0509749330778612,0.0511707370285411
"314","Hipposideros fuliginosus","0",0,0.0265444282635885,0.0265638236797489
"315","Hipposideros fulvus","1",0,0.0437892422129861,0.0438170600807077
"316","Hipposideros galeritus","1",0,0.0290981001519757,0.0291107185482758
"317","Hipposideros gigas","0",0.00515463917525773,0.0380582959007752,0.0381181119971824
"318","Hipposideros grandis",NA,0,0.0142541684493307,0.0142742568045012
"319","Hipposideros griffini","0",0,0.0537114343821348,0.0539295294202332
"320","Hipposideros halophyllus","0",0,0.0183003476389673,0.0183171037582109
"321","Hipposideros hypophyllus","0",0,0.0156296426631025,0.0156374780917575
"322","Hipposideros inexpectatus","0",0,0.0181031501275554,0.018084953070267
"323","Hipposideros inornatus","1",0,0.0193236214081001,0.0192113698819276
"324","Hipposideros jonesi","1",0,0.0479984203238457,0.048044553954132
"325","Hipposideros khaokhouayensis",NA,0,0.0423700546966043,0.0425438726472609
"326","Hipposideros lamottei","1",0,0.0238108446652875,0.023771821316506
"327","Hipposideros lankadiva","1",0.25,0.0538172029517912,0.0538685229595304
"328","Hipposideros larvatus","1",0.0442477876106195,0.0504071098892793,0.0501729687889677
"329","Hipposideros lekaguli","0",0.0185185185185185,0.0178941387097519,0.01790853416126
"330","Hipposideros lylei","0",0,0.018647702434275,0.0186642195876838
"331","Hipposideros macrobullatus","0",0,0.0140173219102478,0.014026258222945
"332","Hipposideros madurae","0",0,0.0163087835902124,0.0163219425800417
"333","Hipposideros maggietaylorae","1",0,0.0188517415183361,0.0188314021143591
"334","Hipposideros marisae","1",0,0.0178847519308134,0.0178872853171893
"335","Hipposideros megalotis","1",0,0.0180952883768085,0.0181010434222945
"336","Hipposideros muscinus","0",0,0.0173139988380764,0.0172967673097443
"337","Hipposideros nequam",NA,0,0.0187970717937162,0.0187989320081958
"338","Hipposideros obscurus","1",0,0.0150647979283439,0.0150404188121075
"339","Hipposideros orbiculus",NA,0,0.015210553986246,0.015209431146727
"340","Hipposideros papua","0",0,0.0156726116019948,0.0156742059677522
"341","Hipposideros pelingensis","0",0,0.0154614937358129,0.0154908785404583
"342","Hipposideros pendelburyi","0",0,0.0565664329419003,0.0567229989513542
"343","Hipposideros pomona","1",0.0666666666666667,0.0249511166304814,0.0249387328758003
"344","Hipposideros pratti","0",0.0204081632653061,0.0324708091418309,0.0324995884798038
"345","Hipposideros pygmaeus","0",0,0.0160360429992147,0.0160384479596888
"346","Hipposideros ridleyi","1",0,0.0213040118267834,0.0212701861111366
"347","Hipposideros rotalis","0",0,0.0156557931421724,0.0156557294026957
"348","Hipposideros ruber","1",0.0285714285714286,0.0308766452255036,0.0308819297557323
"349","Hipposideros scutinares","0",0,0.041284033639347,0.0414600631014896
"350","Hipposideros semoni","1",0,0.0183289077407967,0.0183374017665482
"351","Hipposideros sorenseni","0",0,0.0150204831380452,0.0150152197383584
"352","Hipposideros speoris","1",0.25,0.0616938983376545,0.0617385374201526
"353","Hipposideros stenotis","1",0,0.0336230204805405,0.0335129850482355
"354","Hipposideros sumbae","1",0,0.0139577467244568,0.0139473502636577
"355","Hipposideros thomensis","1",0,0.021449423717157,0.0213998764905759
"356","Hipposideros turpis","1",0,0.0352459201808431,0.0351475338404739
"357","Hipposideros vittatus","1",0.133333333333333,0.0375608487846881,0.0375804410152617
"358","Hipposideros wollastoni","0",0,0.0176870078067333,0.0176848199239054
"359","Histiotus alienus",NA,0,0.0274494989185129,0.0275991939621294
"360","Histiotus humboldti",NA,0,0.0450356145679597,0.0452329850011885
"361","Histiotus laephotis","1",0,0.030291965969708,0.0302141340795044
"362","Histiotus macrotus","1",0.0434782608695652,0.0374165033385816,0.0374242837080816
"363","Histiotus magellanicus","0",0,0.0318062577041601,0.0318881384373298
"364","Histiotus montanus","1",0.125,0.0398478782874462,0.0398448408130868
"365","Histiotus velatus","1",0.0909090909090909,0.0329529255089483,0.0329304012864306
"366","Hsunycteris cadenai",NA,0,0.0452227384872256,0.0454360242988477
"367","Hsunycteris pattoni",NA,0,0.0453134472841234,0.045531174380323
"368","Hsunycteris thomasi","0",0,0.061961300199341,0.0620496853785384
"369","Hylonycteris underwoodi","1",0,0.0534061110698995,0.0531265803187716
"370","Hypsignathus monstrosus","0",0.214285714285714,0.0787208665301953,0.078842408727553
"371","Hypsugo anchietae","0",0,0.0262475568701206,0.0262316381466549
"372","Hypsugo bemainty",NA,0,0.0431998550543868,0.0434040003728599
"373","Hypsugo dolichodon","0",0,0.0517318683206182,0.0519297212049468
"374","Hypsugo lanzai",NA,0,0.0522389178862156,0.0524661648401658
"375","Ia io","0",0.0357142857142857,0.0293533217523641,0.0294672464943933
"376","Idionycteris phyllotis","1",0,0.0329717358491945,0.0329583560319203
"377","Kerivoula africana","0",0,0.0428386778906629,0.042992472757837
"378","Kerivoula agnella",NA,0,0.0176109944887314,0.0176716037632496
"379","Kerivoula argentata","1",0,0.0265888824912433,0.0265765284821118
"380","Kerivoula cuprosa","0",0,0.019616574005858,0.0196045685689479
"381","Kerivoula eriophora",NA,0,0.0199380002207198,0.0199466692821966
"382","Kerivoula flora",NA,0,0.0156122909184231,0.0156413218111306
"383","Kerivoula hardwickii","1",0,0.0230807626200761,0.0230460087397949
"384","Kerivoula intermedia",NA,0,0.0194455710975808,0.0194688795304538
"385","Kerivoula kachinensis",NA,0,0.0434567837935458,0.0437038996010072
"386","Kerivoula krauensis",NA,0,0.0434691758724669,0.0437036126416124
"387","Kerivoula lanosa","0",0,0.0359222275191268,0.0359409967290282
"388","Kerivoula lenis",NA,0,0.040152862917716,0.0403330176197243
"389","Kerivoula minuta",NA,0,0.0177209058041799,0.0177375836547956
"390","Kerivoula muscina","0",0,0.0170795172083881,0.0170665899989307
"391","Kerivoula myrella",NA,0,0.0179182256021501,0.0179559878255248
"392","Kerivoula papillosa",NA,0,0.0206105649889528,0.0206261876064513
"393","Kerivoula pellucida","0",0,0.0269065496213206,0.0269004853667045
"394","Kerivoula phalaena",NA,0,0.0210028320038963,0.0210300574253438
"395","Kerivoula picta","1",0,0.0275763429431522,0.0275277847822858
"396","Kerivoula smithii",NA,0,0.0194107554609291,0.0194357066136388
"397","Kerivoula titania",NA,0,0.0413781238589915,0.0416179748659336
"398","Kerivoula whiteheadi","0",0,0.0188926929237897,0.0189039129249298
"399","Laephotis angolensis",NA,0,0.0185133705417449,0.0185114052807108
"400","Laephotis botswanae","0",0,0.022375155729781,0.0223683889642103
"401","Laephotis namibensis","0",0,0.0220416965869167,0.021995145911308
"402","Laephotis wintoni","0",0,0.0256781292774372,0.0256678848466317
"403","Lampronycteris brachyotis","1",0,0.060894987329836,0.0609847573996308
"404","Lasionycteris noctivagans","1",0.010752688172043,0.046915545606551,0.0467985628202738
"405","Lasiurus atratus","0",0,0.0423672142456062,0.042475898927222
"406","Lasiurus blossevillii","1",0.04,0.0554300387250752,0.0555298974125777
"407","Lasiurus borealis","0",0.00446428571428571,0.0288424029551331,0.0288756492750208
"408","Lasiurus castaneus",NA,0,0.0207269377954363,0.0207396545262214
"409","Lasiurus cinereus","1",0.00865800865800866,0.0571508403405221,0.05706164923853
"410","Lasiurus degelidus","0",0,0.0173594347935554,0.0173896249669891
"411","Lasiurus ebenus",NA,0,0.0207025740650046,0.0208028466239895
"412","Lasiurus ega","1",0.0166666666666667,0.0489383078545047,0.0489051246350159
"413","Lasiurus egregius",NA,0.333333333333333,0.0283561165451961,0.0285521460615207
"414","Lasiurus insularis","0",0,0.0187879716393573,0.0188341231972796
"415","Lasiurus intermedius","0",0.0138888888888889,0.0365278194618497,0.0365313327317972
"416","Lasiurus minor","0",0,0.0180165870224421,0.0180192997295082
"417","Lasiurus pfeifferi","0",0,0.0217934475275986,0.0218565279790703
"418","Lasiurus seminolus","0",0.024390243902439,0.0298351954841232,0.0298388469525123
"419","Lasiurus varius","0",0,0.0466015741904411,0.0468928692059872
"420","Lasiurus xanthinus","0",0.0416666666666667,0.0323767774680607,0.0324791428731006
"421","Latidens salimalii","0",0,0.0209636334460865,0.0209722461371342
"422","Lavia frons","1",0,0.0386499391356703,0.0386747144717681
"423","Leptonycteris curasoae","0",0.25,0.0486935676020904,0.0487786263531564
"424","Leptonycteris nivalis","1",0.25,0.0654387988072467,0.0652899328615689
"425","Leptonycteris yerbabuenae","0",0,0.0372834543820424,0.0373598736195251
"426","Lichonycteris obscura","0",0,0.0566365056784827,0.0566661099789617
"427","Lionycteris spurrelli","0",0,0.0425557946968017,0.042705440211676
"428","Lonchophylla bokermanni","1",0,0.0352290426020292,0.0350484025719047
"429","Lonchophylla chocoana",NA,0,0.0506363300416913,0.0508307937204962
"430","Lonchophylla concava","1",0,0.059636198213254,0.0596273246735039
"431","Lonchophylla dekeyseri","1",0,0.0364689812598149,0.0362721391218377
"432","Lonchophylla fornicata","1",0,0.0453987030324723,0.045582337079597
"433","Lonchophylla handleyi","0",0,0.0446051302944325,0.0447124902092208
"434","Lonchophylla hesperia","1",0,0.045017692366752,0.0448179021757424
"435","Lonchophylla inexpectata",NA,0,0.0554237488235884,0.0556713957698908
"436","Lonchophylla mordax","0",0,0.0607562006998807,0.0608114031097825
"437","Lonchophylla orcesi",NA,0,0.0506326322909411,0.0508234575234975
"438","Lonchophylla orienticollina","0",0,0.0451747780462207,0.0453434499201473
"439","Lonchophylla peracchii",NA,0,0.0599115564451601,0.0601885266103943
"440","Lonchophylla robusta","1",0.4,0.0672979254597268,0.0672258216115948
"441","Lonchophylla thomasi","0",0,0.061961300199341,0.0620496853785384
"442","Lonchorhina aurita","1",0.166666666666667,0.0610484159379214,0.0610515682137788
"443","Lonchorhina fernandezi","0",0,0.0291122657848402,0.0290548746783676
"444","Lonchorhina inusitata","0",0,0.0294680565533563,0.0294842663838461
"445","Lonchorhina marinkellei","0",0,0.0296224115149532,0.0295647801870725
"446","Lonchorhina orinocensis","0",0,0.0302429987138285,0.0302647250791295
"447","Lophostoma aequatorialis","0",0,0.0607037142093873,0.0608451740818814
"448","Lophostoma brasiliense","0",0.5,0.0782735652139757,0.0788869581753755
"449","Lophostoma carrikeri","0",0,0.0432130709317549,0.0432322169439288
"450","Lophostoma evotis","1",0,0.0347828065544307,0.0347107925795155
"451","Lophostoma kalkoae","0",0,0.0464797830557998,0.0465824538173208
"452","Lophostoma schulzi",NA,0,0.0315565955214936,0.0315901888751932
"453","Lophostoma silvicolum","0",0.4,0.0801657582550303,0.0805815168786665
"454","Lophostoma yasuni","0",0,0.0432130709317549,0.0432322169439288
"455","Macroderma gigas","1",0,0.0516074113683806,0.0515585778589439
"456","Macroglossus minimus","1",0,0.0406010363999945,0.0404121032745703
"457","Macroglossus sobrinus","1",0.2,0.0352309186713906,0.0349208056179638
"458","Macrophyllum macrophyllum","1",0,0.0423448948907064,0.0422881814328947
"459","Macrotus californicus","1",0.25,0.0507024749125129,0.0507817231881696
"460","Macrotus waterhousii","1",0,0.0484052712421586,0.0483344770565751
"461","Megaderma lyra","1",0.1875,0.0775598911863305,0.0775221482019957
"462","Megaderma spasma","1",0,0.0631769846981465,0.0630700991118236
"463","Megaerops ecaudatus",NA,0,0.0257372377354149,0.0258112458087475
"464","Megaerops kusnotoi","0",0,0.0150991314239377,0.0150850398167731
"465","Megaerops niphanae",NA,0,0.0150469262113769,0.0150683741879204
"466","Megaerops wetmorei","0",0,0.0161720269305305,0.0161493559965823
"467","Megaloglossus azagnyi","1",0,0.0608516519811224,0.0610243104821102
"468","Megaloglossus woermanni","1",0,0.0372624850772613,0.0370896623403875
"469","Melonycteris fardoulisi","0",0,0.0213138734682615,0.021316205984449
"470","Melonycteris melanops","0",0,0.0340102427913139,0.0340155485873701
"471","Melonycteris woodfordi","0",0,0.0419030284680247,0.0418562029253059
"472","Mesophylla macconnelli","0",0.2,0.053741109111274,0.0537733118883607
"473","Micronycteris brosseti","0",0,0.0265724391126186,0.0266155932154416
"474","Micronycteris buriri","0",0,0.048910821738645,0.049195796541703
"475","Micronycteris giovanniae",NA,0,0.0464405839695436,0.0466004285268373
"476","Micronycteris hirsuta","1",0,0.0349136228100126,0.0347627634536181
"477","Micronycteris matses",NA,0,0.0281584180257061,0.0281454129821688
"478","Micronycteris megalotis","1",0.25,0.0564807728474091,0.0562983639111794
"479","Micronycteris microtis","1",0,0.0433829614862256,0.0433122641574362
"480","Micronycteris minuta","1",0,0.0498120846500159,0.0497627587960272
"481","Micronycteris sanborni","0",0,0.0276933491819953,0.0277137133634088
"482","Micronycteris schmidtorum","1",0,0.0308419242856457,0.0307532114021178
"483","Micronycteris yatesi",NA,0,0.0473564915210021,0.0476425655746079
"484","Micropteropus intermedius","0",0,0.0288896373471056,0.0288715579721617
"485","Micropteropus pusillus","0",0.0454545454545455,0.0531958944123202,0.0532993372020104
"486","Mimetillus moloneyi","1",0,0.0290241739775422,0.0289794815662661
"487","Mimon bennettii","1",0,0.0861086680038743,0.0860313500273734
"488","Mimon cozumelae","1",0,0.0536752596919689,0.0535160788941451
"489","Mimon crenulatum","0",0,0.0696472799204824,0.069816977753673
"490","Mimon koepckeae",NA,0,0.0309604385778259,0.031103581973238
"491","Miniopterus aelleni","0",0,0.0432620056273954,0.0434095374280483
"492","Miniopterus ambohitrensis","0",0,0.0435030319737453,0.0436587185968801
"493","Miniopterus australis","1",0,0.0289749354557238,0.0289616696269905
"494","Miniopterus brachytragos","0",0,0.0438458231546467,0.0440228457884133
"495","Miniopterus egeri","0",0,0.0431985683574216,0.0433336501001987
"496","Miniopterus fraterculus","1",0,0.0299165331168025,0.0299272093722941
"497","Miniopterus fuliginosus","0",0.013953488372093,0.0447899023111664,0.0448486376189781
"498","Miniopterus fuscus","1",0,0.0160571775711738,0.0160766723486837
"499","Miniopterus gleni","0",0,0.0239820908174722,0.0240035839321386
"500","Miniopterus griffithsi","0",0,0.0454893976271888,0.0456609154313623
"501","Miniopterus griveaudi","0",0.025,0.0451150298142903,0.0452494900003531
"502","Miniopterus inflatus","1",0.0232558139534884,0.0264395310984725,0.0264199243544016
"503","Miniopterus macrocneme","0",0,0.0238426488521294,0.0238072669790082
"504","Miniopterus maghrebensis","0",0,0.0450282149536659,0.0451972458742513
"505","Miniopterus magnater","0",0.00355871886120996,0.020074667629943,0.0200761905285466
"506","Miniopterus mahafaliensis","0",0,0.0437967670908342,0.0439751998410345
"507","Miniopterus majori","0",0,0.0254471098580071,0.0254714020726719
"508","Miniopterus manavi","0",0,0.0280731006480469,0.0281076297400516
"509","Miniopterus medius","0",0,0.0216640822243347,0.0216611640121782
"510","Miniopterus minor","0",0,0.022514994843928,0.0224878124552356
"511","Miniopterus mossambicus","1",0.0909090909090909,0.0519904773777956,0.0522035255176144
"512","Miniopterus natalensis","1",0,0.0432502868758764,0.0434264446239141
"513","Miniopterus newtoni","0",0,0.0436792697023553,0.0438551969190842
"514","Miniopterus oceanensis",NA,0,0.0519755370187999,0.0522035255176144
"515","Miniopterus paululus","0",0,0.0425668785128054,0.0426886307262848
"516","Miniopterus petersoni","0",0,0.062377338977891,0.0623706924243347
"517","Miniopterus pusillus","1",0.0126582278481013,0.0181371743696152,0.018089254567806
"518","Miniopterus robustior","0",0,0.0214867661450933,0.0215230488795741
"519","Miniopterus schreibersii","1",0.0222984562607204,0.0448053410979083,0.0448486376189781
"520","Miniopterus shortridgei",NA,0,0.0445446302625662,0.0446896905622434
"521","Miniopterus sororculus","1",0,0.0434601750395571,0.0436303436130681
"522","Miniopterus tristis","0",0,0.0217271762670198,0.0217338751501183
"523","Mirimiri acrodonta",NA,0,0.0355197298159808,0.0355916734219553
"524","Molossops aequatorianus","0",0,0.0197697325801224,0.0197687319051096
"525","Molossops mattogrossensis","0",0,0.0335632530127866,0.0336246928449893
"526","Molossops neglectus","1",0.142857142857143,0.0437342700466268,0.0435875161755745
"527","Molossops temminckii","1",0,0.0340478910007967,0.0340312952609842
"528","Molossus alvarezi",NA,0,0.0424564850639222,0.0426096865573722
"529","Molossus aztecus","1",0,0.0294686054810991,0.0294352444641409
"530","Molossus barnesi","1",0,0.0364023779441131,0.0363165206492598
"531","Molossus coibensis","1",0,0.0364023779441131,0.0363165206492598
"532","Molossus currentium","1",0,0.0412191787476744,0.0411290365704627
"533","Molossus molossus","1",0.0575539568345324,0.0586477989708358,0.0586738811780029
"534","Molossus pretiosus","1",0.5,0.0561462626838768,0.0561360271421274
"535","Molossus rufus","1",0.109756097560976,0.0592799833429923,0.0592174535015648
"536","Molossus sinaloae","1",0.0769230769230769,0.0395074044566981,0.0394448165859493
"537","Monophyllus plethodon","0",0,0.0301927824739356,0.0302258093975456
"538","Monophyllus redmani","0",0,0.0257534880965797,0.0257571431084691
"539","Mops bakarii","1",0,0.040984064911589,0.0412067552122929
"540","Mops brachypterus","1",0,0.0251556484611482,0.0251394598474706
"541","Mops condylurus","1",0.0588235294117647,0.0400920536720792,0.0401163965561368
"542","Mops congicus","0",0,0.0257608886087916,0.0257973377853996
"543","Mops demonstrator","0",0,0.019470542027645,0.0194736553825527
"544","Mops leucostigma","1",0,0.0272091678554516,0.0272018998421466
"545","Mops midas","1",0,0.0372466133942522,0.0372632011790909
"546","Mops mops","0",0,0.017395047208896,0.0173858131310634
"547","Mops nanulus","1",0,0.0279275537293449,0.0279167836248827
"548","Mops niangarae","0",0,0.0202244212999275,0.0202092915015108
"549","Mops niveiventer","1",0,0.0265295910495985,0.0265034744653777
"550","Mops petersoni",NA,0,0.018292726419427,0.0183040184049923
"551","Mops sarasinorum",NA,0,0.0169304804353487,0.0169667851133069
"552","Mops spurrelli","0",0,0.0235079347378636,0.023516173778807
"553","Mops thersites","1",0,0.0303141433190517,0.0303117881222756
"554","Mops trevori","0",0,0.0197008117734534,0.0196940645465875
"555","Mormoops blainvillei","0",0,0.016274043544572,0.0162670627499735
"556","Mormoops megalophylla","1",0.2,0.0398033426674448,0.0397606874895187
"557","Mormopterus acetabulosus","0",0,0.0206298955381816,0.0206549136483554
"558","Mormopterus beccarii","1",0,0.0229599105913664,0.0229849658040008
"559","Mormopterus doriae",NA,0,0.0166470403207623,0.0166617480226463
"560","Mormopterus eleryi","0",0,0.0416755475123568,0.0418368726486862
"561","Mormopterus francoismoutoui","1",0,0.0455973723740321,0.0458101527974438
"562","Mormopterus halli",NA,0,0.0400482227739143,0.0402444631970205
"563","Mormopterus jugularis","1",0,0.0239908561059758,0.0239929505772018
"564","Mormopterus kitcheneri","1",0,0.040578351458696,0.0407993813474238
"565","Mormopterus loriae","0",0,0.0215009434113739,0.0215080331645005
"566","Mormopterus lumsdenae",NA,0,0.0405927133401951,0.0408222662738932
"567","Mormopterus minutus","1",0,0.0171759691936843,0.0171428151098564
"568","Mormopterus norfolkensis","1",0,0.030156422887653,0.0301298162733214
"569","Mormopterus phrudus","0",0,0.0215617829689138,0.0215708607932171
"570","Mormopterus planiceps","1",0,0.0361775223243633,0.0361638523949589
"571","Mosia nigrescens","1",0,0.0275766619953123,0.0275222029524465
"572","Murina aenea","0",0,0.015847192150318,0.0158458940766855
"573","Murina annamitica",NA,0,0.0515363459075963,0.0517491523040896
"574","Murina aurata","0",0.111111111111111,0.0248335334132261,0.0249677875300037
"575","Murina balaensis","0",0,0.0408971255479636,0.041054409969878
"576","Murina beelzebub",NA,0,0.0509311511029441,0.0511404696821334
"577","Murina bicolor","1",0,0.0427247917981976,0.0429600750784316
"578","Murina chrysochaetes",NA,0,0.0520593388551015,0.0522735519105594
"579","Murina cineracea",NA,0,0.05194984286548,0.0521768430369284
"580","Murina cyclotis","0",0,0.0228647265642525,0.0228783038237884
"581","Murina eleryi","0",0,0.0520502800105423,0.0522114945749756
"582","Murina fionae",NA,0,0.0515363459075963,0.0517491523040896
"583","Murina florium","1",0,0.0179188415046933,0.0178929270241802
"584","Murina fusca",NA,0,0.0152108614723363,0.0152240532991551
"585","Murina gracilis",NA,0,0.0404339951268883,0.040654262094546
"586","Murina guilleni",NA,0,0.0428293308688154,0.0430495675583771
"587","Murina harpioloides",NA,0,0.0522389178862156,0.0524661648401658
"588","Murina harrisoni",NA,0,0.0414416868464082,0.0416826480262392
"589","Murina hilgendorfi","1",0,0.0429165563640826,0.043053478529755
"590","Murina huttoni","0",0,0.0246338375948777,0.0246783475019142
"591","Murina jaintiana",NA,0,0.0441695567872567,0.0443364654903853
"592","Murina leucogaster","1",0.0344827586206897,0.0228305917881239,0.0228141271908889
"593","Murina loreliae",NA,0,0.0520593388551015,0.0522735519105594
"594","Murina peninsularis",NA,0,0.0428293308688154,0.0430495675583771
"595","Murina pluvialis",NA,0,0.043190323766992,0.04341485708027
"596","Murina puta",NA,0,0.0147821455062649,0.0148063726739115
"597","Murina recondita",NA,0,0.040250445644651,0.0404673164198666
"598","Murina rozendaali","0",0,0.0161139452976857,0.0161090798123817
"599","Murina ryukyuana","0",0,0.0148075996412554,0.0148352808040246
"600","Murina shuipuensis",NA,0,0.0520593388551015,0.0522735519105594
"601","Murina suilla","0",0,0.0182577908415791,0.0182483240492807
"602","Murina tenebrosa","1",0,0.0192283834808829,0.0192294517479181
"603","Murina tiensa",NA,0,0.05194984286548,0.0521768430369284
"604","Murina tubinaris","0",0,0.0486543438916431,0.0485109344041848
"605","Murina ussuriensis","0",0.5,0.0955079513291246,0.0950528310318638
"606","Murina walstoni",NA,0,0.0520593388551015,0.0522735519105594
"607","Musonycteris harrisoni","1",0,0.0285602168158505,0.0284354327592575
"608","Myonycteris angolensis","1",0.137931034482759,0.063107445391532,0.0628251229678963
"609","Myonycteris brachycephala",NA,0,0.0198061484727204,0.0198717977623046
"610","Myonycteris relicta",NA,0,0.0180045982867267,0.0180496344207633
"611","Myonycteris torquata","0",0.111111111111111,0.0396934279332201,0.0397199827676853
"612","Myopterus daubentonii","0",0,0.0230136260230746,0.0230306659106204
"613","Myopterus whitleyi","1",0,0.0233032353584979,0.0232801045197918
"614","Myotis adversus","0",0,0.0502110758604217,0.0500902346927344
"615","Myotis aelleni","1",0,0.0282111449163405,0.028196865800902
"616","Myotis albescens","1",0.285714285714286,0.06924345637727,0.0693053515467018
"617","Myotis alcathoe","0",0,0.0446370688736879,0.0447429821458217
"618","Myotis altarium","0",0,0.0229848315662863,0.0230019362718778
"619","Myotis anjouanensis",NA,0,0.0222528698685825,0.0222827637673737
"620","Myotis annamiticus",NA,0,0.0152602216801219,0.015255912281112
"621","Myotis annectans",NA,0,0.0190236792244214,0.0190588179501603
"622","Myotis atacamensis","1",0,0.0264030360777778,0.0263693802976532
"623","Myotis ater","1",0,0.019041576456429,0.0190089881823606
"624","Myotis aurascens","1",0,0.015836036894258,0.0158443915077888
"625","Myotis auriculus","1",0,0.0305392039321013,0.0305296724458927
"626","Myotis australis",NA,0,0.0443734845093015,0.044498283508006
"627","Myotis austroriparius","1",0.0476190476190476,0.0325433843607224,0.0324899485148924
"628","Myotis badius","0",0,0.0509856667359401,0.0511404696821334
"629","Myotis bechsteinii","1",0,0.036771645830681,0.0368175101418039
"630","Myotis blythii","1",0.0833333333333333,0.0342349446191461,0.0342440386130099
"631","Myotis bocagii","0",0,0.0322424192527668,0.0322373222450157
"632","Myotis bombinus","1",0,0.0232363508885557,0.0232501991341119
"633","Myotis brandtii","1",0,0.0635116783581465,0.0633062080344072
"634","Myotis bucharensis","0",0,0.0406934792059041,0.0408317200748837
"635","Myotis californicus","1",0.0144927536231884,0.0461952187216287,0.04590117890777
"636","Myotis capaccinii","0",0.05,0.0253706157003174,0.0254291687832917
"637","Myotis chiloensis","1",0.0454545454545455,0.0282111449163405,0.028196865800902
"638","Myotis chinensis","0",0.0454545454545455,0.0279395825422967,0.0280060672820228
"639","Myotis ciliolabrum","1",0.5,0.0572186508136089,0.0574481034980898
"640","Myotis cobanensis","1",0,0.0205298255999006,0.0204227328301971
"641","Myotis csorbai","0",0,0.0143075135133279,0.014316607940645
"642","Myotis dasycneme","1",0.0526315789473684,0.0489622965503374,0.0488812003540587
"643","Myotis daubentonii","1",0.0138504155124654,0.0565814836882686,0.0565847722943935
"644","Myotis davidii","1",0.0357142857142857,0.0423679883448155,0.042540596995918
"645","Myotis dieteri","0",0,0.0419260765951715,0.0421402115367601
"646","Myotis diminutus",NA,0,0.0424920479694251,0.0426874850857846
"647","Myotis dinellii","1",0,0.0455319016392902,0.0457109397495703
"648","Myotis dominicensis","0",0,0.0239948101497531,0.024035959362791
"649","Myotis elegans",NA,0,0.0289125843503488,0.0290067089232818
"650","Myotis emarginatus","1",0.028169014084507,0.0290017688067529,0.0290521065768717
"651","Myotis escalerai","1",0,0.0428826731016489,0.0430480273141663
"652","Myotis evotis","1",0.0217391304347826,0.0487263300996948,0.0485805366132557
"653","Myotis fimbriatus","0",0,0.0348866309357398,0.0346821600131271
"654","Myotis findleyi","0",0,0.0256311337165402,0.0256661432179132
"655","Myotis flavus","1",1,0.235889972633743,0.235376398651539
"656","Myotis formosus","1",1,0.235889972633743,0.235376398651539
"657","Myotis fortidens","1",0,0.0270419628066762,0.026942483928179
"658","Myotis frater","1",0,0.0582545193855561,0.0584184290126123
"659","Myotis gomantongensis","0",0,0.021389747516788,0.0213822716634445
"660","Myotis goudoti","0",0.1,0.0258401619671075,0.0258864120540748
"661","Myotis grisescens","1",0.333333333333333,0.0347662755828397,0.0345813164868656
"662","Myotis hajastanicus","1",0,0.015836036894258,0.0158443915077888
"663","Myotis handleyi",NA,0,0.05194984286548,0.0521768430369284
"664","Myotis hasseltii","1",0,0.0277078626872368,0.0276877964075817
"665","Myotis hermani",NA,0,0.0177080654695869,0.0177528288881563
"666","Myotis horsfieldii","1",0.0116279069767442,0.0230423512813688,0.0230200243672085
"667","Myotis ikonnikovi","1",0,0.0396479996846548,0.0393740956256106
"668","Myotis insularum",NA,0,0.0231566458737588,0.0231887505386364
"669","Myotis izecksohni","1",0,0.0424750150393722,0.0426459782132427
"670","Myotis keaysi","1",0,0.0377973929572549,0.0377587265169346
"671","Myotis keenii","1",0.130434782608696,0.0385009741683469,0.0383945735546273
"672","Myotis laniger","0",0.111111111111111,0.0199764814381985,0.0200320380612656
"673","Myotis lavali","0",0,0.0432297096856239,0.0434173991088171
"674","Myotis leibii","1",0.166666666666667,0.0313755949187591,0.0314396608016164
"675","Myotis levis","1",0.0909090909090909,0.029897836221217,0.0299283986966711
"676","Myotis longipes","1",0,0.0207461398655525,0.020744015024959
"677","Myotis lucifugus","1",0.0352112676056338,0.0451646655447643,0.0453106731407505
"678","Myotis macrodactylus","1",0.0256410256410256,0.0190117739002736,0.01901588238906
"679","Myotis macropus","1",0,0.0213626222281042,0.0213406954140255
"680","Myotis macrotarsus","0",0,0.0200379461616797,0.0200216945434256
"681","Myotis martiniquensis","1",0,0.0205520720497524,0.0205396005762575
"682","Myotis melanorhinus","1",0,0.04156092602477,0.0413241404893103
"683","Myotis midastactus","1",0,0.0315170607431123,0.0314476175101347
"684","Myotis moluccarum","1",0,0.0524801908585187,0.0524559786533513
"685","Myotis montivagus",NA,0,0.0505219587550973,0.0503554960774115
"686","Myotis morrisi",NA,0,0.0184859478013816,0.0185029587820598
"687","Myotis muricola","0",0,0.0479779395274099,0.0477134219192621
"688","Myotis myotis","1",0.0280373831775701,0.0451711167579662,0.0453020801726621
"689","Myotis mystacinus","1",0.0526315789473684,0.0445274757742798,0.0446705995799137
"690","Myotis nattereri","1",0.0283018867924528,0.0558479714590124,0.0559911676080834
"691","Myotis nesopolus","0",0,0.0216736844904224,0.0216686132916686
"692","Myotis nigricans","1",0.0263157894736842,0.0553605305747156,0.0553238988695678
"693","Myotis nipalensis","1",0,0.0422386041365995,0.0424095663270485
"694","Myotis occultus","1",0,0.0507743740134306,0.0510319339355838
"695","Myotis oreias",NA,0,0.0173811433637883,0.0173818445657613
"696","Myotis oxyotus","0",0,0.0352776277302793,0.0353091276535842
"697","Myotis peninsularis","1",0,0.0194059031733246,0.0193856448397072
"698","Myotis pequinius","1",0,0.0152455838429747,0.0152583925180035
"699","Myotis petax","1",0,0.0298628439035057,0.0298164449706722
"700","Myotis phanluongi",NA,0,0.05194984286548,0.0521768430369284
"701","Myotis pilosus","0",0.0233463035019455,0.0329731990439247,0.0330427205376382
"702","Myotis planiceps","0",0,0.0192726710061689,0.0192835325792825
"703","Myotis pruinosus","0",0,0.0166834631829344,0.0167020172305687
"704","Myotis punicus","1",0,0.0178614014789187,0.0178477701691358
"705","Myotis ridleyi","1",0,0.0187577738391762,0.0187359790904646
"706","Myotis riparius","1",0.1,0.0448960621567294,0.0448180794311876
"707","Myotis rosseti","1",0,0.027033734608246,0.0270226692799054
"708","Myotis ruber","1",0,0.0297215254558543,0.0296606197887679
"709","Myotis rufopictus","1",0,0.0423139875622921,0.0424859842805111
"710","Myotis schaubi","1",0,0.0154445280930023,0.0154526770685726
"711","Myotis scotti",NA,0,0.0179311327136275,0.0179546870980617
"712","Myotis secundus","1",0,0.0428871453305926,0.0430765005132085
"713","Myotis septentrionalis","1",0.148148148148148,0.0507182835816071,0.0506843769251499
"714","Myotis sicarius",NA,0,0.0165789343329513,0.0166230196809139
"715","Myotis siligorensis","1",0.111111111111111,0.0264607451301008,0.0264559302685679
"716","Myotis simus","1",0,0.0315170607431123,0.0314476175101347
"717","Myotis sodalis","1",0,0.0281392179197873,0.0281146589109536
"718","Myotis soror",NA,0,0.0422124949760505,0.0423831346487084
"719","Myotis stalkeri","0",0,0.0180430331070817,0.0180774727328171
"720","Myotis thysanodes","1",0.142857142857143,0.0413840996354192,0.0413453974714989
"721","Myotis tricolor","1",0,0.0278598806726469,0.0278486030800593
"722","Myotis velifer","1",0.0454545454545455,0.0361271324318172,0.0361265568960886
"723","Myotis vivesi","1",0,0.0267930910399206,0.0267909096139494
"724","Myotis volans","1",0.0555555555555556,0.0432477791590529,0.0431912751221348
"725","Myotis welwitschii","1",0,0.0278440025872658,0.0278359660153215
"726","Myotis yanbarensis","0",0,0.0152635234159629,0.015288895477676
"727","Myotis yumanensis","1",0.0161290322580645,0.0485019436973393,0.048445770071979
"728","Mystacina robusta","0",0,0.043946850469212,0.0441687904231258
"729","Mystacina tuberculata","1",0,0.0199571699625093,0.0199444987246833
"730","Myzopoda aurita","0",0,0.0188818546809166,0.018878998990527
"731","Myzopoda schliemanni","0",0,0.0425089307031835,0.0427769999299655
"732","Nanonycteris veldkampii","0",0,0.0349367782416315,0.0349873247432097
"733","Natalus espiritosantensis","0",0,0.0466729681957465,0.0469012837767398
"734","Natalus jamaicensis","0",0,0.0174457214570453,0.0174947879269966
"735","Natalus lanatus","1",0,0.0347162444340378,0.0347428370924987
"736","Natalus major","0",0,0.0191825461506146,0.0192406411616698
"737","Natalus mexicanus","1",0,0.0347162444340378,0.0347428370924987
"738","Natalus primus","0",0,0.0174319763373841,0.0174755131476571
"739","Natalus saturatus",NA,0,0.0344883906698889,0.0346800006577207
"740","Natalus stramineus","1",0.2,0.0346343318417014,0.0346800006577207
"741","Natalus tumidirostris","1",0.25,0.0381459545506639,0.0381868351611922
"742","Neonycteris pusilla",NA,0,0.0366473679610981,0.0365835255624846
"743","Neopteryx frosti",NA,0,0.0208479428642057,0.0208631347124397
"744","Neoromicia brunnea","1",0,0.0250261346220118,0.0249675052152689
"745","Neoromicia capensis","1",0.117647058823529,0.0399614009389357,0.0399975112627315
"746","Neoromicia flavescens",NA,0,0.0263533859680359,0.026362505377714
"747","Neoromicia guineensis",NA,0,0.0272173704372126,0.0272533973618776
"748","Neoromicia helios",NA,0.2,0.0258242796158893,0.0257844068103374
"749","Neoromicia malagasyensis",NA,0,0.0442151697545127,0.0444304313845858
"750","Neoromicia matroka","1",0,0.025248151934066,0.0252254543333621
"751","Neoromicia melckorum","1",0,0.0198941232063848,0.0199080087103833
"752","Neoromicia nana","1",0.0588235294117647,0.0366289310172399,0.0366631824923069
"753","Neoromicia rendalli","1",0,0.0297673734440273,0.0297313931333547
"754","Neoromicia robertsi",NA,0,0.0460052146643572,0.0462245890948682
"755","Neoromicia roseveari",NA,0,0.0418333665144017,0.0420183340379151
"756","Neoromicia somalica","1",0,0.0316040487889402,0.0315886569794201
"757","Neoromicia tenuipinnis","1",0,0.030945295682654,0.0309006150335624
"758","Neoromicia zuluensis",NA,0,0.0233129589470791,0.023340301791826
"759","Noctilio albiventris","1",0,0.075442246656789,0.0754730667536016
"760","Noctilio leporinus","1",1,0.158608262963552,0.158800347076402
"761","Notopteris macdonaldi","0",0,0.0317691847845835,0.0318446596408147
"762","Notopteris neocaledonica","0",0,0.020322508055278,0.0203328498289196
"763","Nyctalus aviator","1",0,0.0217276328772089,0.0216856511291988
"764","Nyctalus azoreum","1",0,0.0206944556071238,0.0207460286317967
"765","Nyctalus furvus","1",0,0.0154470455524026,0.0154297859224232
"766","Nyctalus lasiopterus","1",0,0.0441702709405264,0.0443184257269925
"767","Nyctalus leisleri","1",0.04,0.0444617022550232,0.0444812594483466
"768","Nyctalus montanus","1",0,0.0206099995636188,0.0206133040387231
"769","Nyctalus noctula","1",0.0989010989010989,0.0406521743310706,0.040632802890363
"770","Nyctalus plancyi","1",0,0.0174344332242419,0.0174033592522617
"771","Nycteris arge","1",0,0.0297667259368001,0.0297450236800626
"772","Nycteris aurita",NA,0,0.0206719978699091,0.0206927312320179
"773","Nycteris gambiensis","1",0,0.0310629724955414,0.0309837272461045
"774","Nycteris grandis","1",0,0.0714190267115188,0.0713342995583917
"775","Nycteris hispida","1",0.2,0.0412988063772408,0.0413390436228437
"776","Nycteris intermedia","1",0,0.0285043358949302,0.0284715925149156
"777","Nycteris javanica","1",0,0.0161084760798662,0.0160945668757205
"778","Nycteris macrotis","1",0,0.0386577544304093,0.0386621138656888
"779","Nycteris madagascariensis",NA,0,0.0259297983776797,0.0259622329565487
"780","Nycteris major","1",0,0.0288732639452851,0.0288566933726748
"781","Nycteris nana","1",0,0.0314675172850059,0.0314600051579672
"782","Nycteris parisii",NA,0,0.0168763402289619,0.0168726483732435
"783","Nycteris thebaica","1",0.0625,0.039326888348512,0.0393435739099624
"784","Nycteris tragata","1",0,0.0521204289096246,0.0521030979760225
"785","Nycteris vinsoni","0",0,0.0202407483428862,0.0202218213274947
"786","Nycteris woodi","1",0,0.0241944949591019,0.0242218618929591
"787","Nycticeinops schlieffeni","1",0,0.0325570057853018,0.0325407746286149
"788","Nycticeius aenobarbus",NA,0,0.0697808552213206,0.0701354571126741
"789","Nycticeius cubanus","1",0,0.0196819755475826,0.019619968716064
"790","Nycticeius humeralis","1",0.0666666666666667,0.0314526108395692,0.0314116508782249
"791","Nyctiellus lepidus","1",0,0.0191967731382067,0.0191912021555919
"792","Nyctimene aello","0",0,0.032283518586582,0.0323008615209648
"793","Nyctimene albiventer","0",0,0.0345623163492309,0.0345770719283
"794","Nyctimene cephalotes","0",0,0.0250456107528898,0.0250319055043153
"795","Nyctimene certans","0",0,0.0255272391964257,0.0255172315343529
"796","Nyctimene cyclotis","0",0,0.0242763887416989,0.0242410720325399
"797","Nyctimene draconilla","0",0,0.0299635046791961,0.0299745781928834
"798","Nyctimene keasti","0",0,0.0261776255565314,0.0261549663089991
"799","Nyctimene major","0",0,0.032049138916703,0.0319696097252293
"800","Nyctimene malaitensis","0",0,0.0255055875402358,0.0255110621831577
"801","Nyctimene masalai","0",0,0.0292633702839463,0.0292508939343548
"802","Nyctimene minutus","0",0,0.0204584577780889,0.0204560224164255
"803","Nyctimene rabori","0",0,0.02532164322535,0.0253504614625242
"804","Nyctimene robinsoni","0",0,0.0287355654670536,0.0287327331780395
"805","Nyctimene sanctacrucis","0",0,0.0276883770839528,0.0276732197171356
"806","Nyctimene vizcaccia","0",0,0.0331083256324198,0.0331234976927754
"807","Nyctinomops aurispinosus","1",0,0.0499647992294796,0.0498475955173932
"808","Nyctinomops femorosaccus","1",0,0.0316587921073756,0.0316523837494412
"809","Nyctinomops kalinowskii","0",0,0.0442490730128142,0.0444326809630279
"810","Nyctinomops laticaudatus","1",0.00961538461538462,0.046891205217609,0.0469227824465535
"811","Nyctinomops macrotis","1",0.0714285714285714,0.0460849947218545,0.0460631213598641
"812","Nyctophilus arnhemensis","1",1,0.12363202326351,0.123481531781042
"813","Nyctophilus bifax","1",0,0.0376763342766913,0.0375787896035834
"814","Nyctophilus corbeni","0",0,0.030754979878565,0.0307482282119405
"815","Nyctophilus geoffroyi","1",0,0.0231004328199996,0.0231063033277981
"816","Nyctophilus gouldi","1",0,0.0208570409573738,0.0208758997512526
"817","Nyctophilus heran",NA,0,0.0190399606585344,0.0190884823133268
"818","Nyctophilus microdon","0",0,0.0172743850361099,0.0172487233619545
"819","Nyctophilus microtis","0",0,0.0184842782255719,0.0184606342358907
"820","Nyctophilus nebulosus",NA,0,0.0178406668521493,0.0178699255108684
"821","Nyctophilus sherrini","1",0,0.0409935512393835,0.0411562282811198
"822","Nyctophilus shirleyae",NA,0,0.0407974866023791,0.0409852736110963
"823","Nyctophilus timoriensis","0",0,0.030754979878565,0.0307482282119405
"824","Nyctophilus walkeri",NA,0,0.0291350955810644,0.029072012484749
"825","Otomops formosus",NA,0,0.0162587063144505,0.0162703071356245
"826","Otomops johnstonei","0",0,0.0160642065516389,0.0160717974295899
"827","Otomops madagascariensis","0",0,0.0229199146730868,0.022948354052353
"828","Otomops martiensseni","1",0.0151515151515152,0.039793599306578,0.0397934237958646
"829","Otomops papuensis","0",0,0.0177617781541982,0.017733415497202
"830","Otomops secundus","0",0,0.0176910947907927,0.0176478386226722
"831","Otomops wroughtoni","0",0,0.0179303284427958,0.0179366261642563
"832","Otonycteris hemprichii","1",0,0.0260437155962359,0.0260667746660257
"833","Otopteropus cartilagonodus",NA,0,0.0229647942699001,0.0230257198801924
"834","Paracoelops megalotis","1",0,0.0519904773777956,0.0522035255176144
"835","Paranyctimene raptor","0",0,0.030381203199326,0.0304129905368724
"836","Paranyctimene tenax","0",0,0.0528564778899698,0.0532074078329306
"837","Parastrellus hesperus","1",0.00709219858156028,0.0301993324471071,0.0301954104758991
"838","Paratriaenops auritus","0",0,0.0296643735867598,0.0296293513429367
"839","Paratriaenops furculus","0",0.0909090909090909,0.0227843778381925,0.0227830199926622
"840","Paratriaenops pauliani","1",0,0.0439890170718093,0.0441558400493907
"841","Penthetor lucasi","0",0,0.0326479726265844,0.0326613677934154
"842","Peropteryx kappleri","1",0,0.0422805618716237,0.0422325017580795
"843","Peropteryx leucoptera","0",0,0.0288569139337367,0.0288515184530329
"844","Peropteryx macrotis","1",0,0.0461312123427633,0.0459281579147057
"845","Peropteryx pallidoptera","0",0,0.0427559345557809,0.0429004685929406
"846","Peropteryx trinitatis","1",0,0.0195473867991876,0.0194533208236501
"847","Pharotis imogene","0",0,0.0160215486225304,0.0159787395198809
"848","Philetor brachypterus","0",0.333333333333333,0.0258851060165211,0.0257805909242014
"849","Phoniscus aerosa",NA,0,0.0430894033804718,0.0433122549038442
"850","Phoniscus atrox","0",0,0.0179362390942305,0.0179337539692743
"851","Phoniscus jagorii","0",0,0.0147490457739035,0.0147424535573413
"852","Phoniscus papuensis","0",0,0.0201559319886862,0.0201820605449621
"853","Phylloderma stenops",NA,0,0.0813480936000868,0.0817788825775669
"854","Phyllonycteris aphylla","0",0,0.0280734789135335,0.0281083526567896
"855","Phyllonycteris poeyi","0",0,0.0295351782967666,0.0295782379376564
"856","Phyllops falcatus","1",0,0.0237537606110913,0.0235546943427604
"857","Phyllostomus discolor","0",0.15,0.0915145424184124,0.0919032431365371
"858","Phyllostomus elongatus","1",0,0.0615940521548641,0.0615487574669541
"859","Phyllostomus hastatus","1",0.226415094339623,0.11852617647842,0.118287247092959
"860","Phyllostomus latifolius","0",0,0.0428662551487094,0.0429128341387216
"861","Pipistrellus abramus","1",0.0434782608695652,0.0451497669764496,0.045015524194027
"862","Pipistrellus adamsi","0",0,0.023562111783759,0.0234664303115792
"863","Pipistrellus aero",NA,0,0.0177516339341626,0.0177680221122436
"864","Pipistrellus alaschanicus","1",0,0.0145426827912791,0.0145323848298565
"865","Pipistrellus angulatus","1",0,0.0197452000950562,0.0197313998919735
"866","Pipistrellus anthonyi",NA,0,0.0181158056777861,0.0181309673321149
"867","Pipistrellus arabicus",NA,0,0.0178224673194038,0.0178368279003024
"868","Pipistrellus ariel","1",0,0.0203787614437731,0.0204065241077785
"869","Pipistrellus cadornae","1",0,0.0233769013783103,0.0233677354446635
"870","Pipistrellus ceylonicus","1",0.333333333333333,0.0561397078400305,0.0561820321636095
"871","Pipistrellus collinus","0",0,0.0181000383286714,0.0180933266810554
"872","Pipistrellus coromandra","1",0,0.0482731474735035,0.0482258278236056
"873","Pipistrellus crassulus",NA,0.333333333333333,0.0259988565123946,0.0260604366680858
"874","Pipistrellus deserti","1",0,0.024368318829501,0.0243771696448851
"875","Pipistrellus eisentrauti",NA,0,0.0184452164306158,0.0184680966384722
"876","Pipistrellus endoi","1",0,0.0189514816489267,0.0189355252461872
"877","Pipistrellus hanaki","1",0,0.0424580341218325,0.0427689138663233
"878","Pipistrellus hesperidus","1",0.181818181818182,0.0293626782785962,0.0293543042379329
"879","Pipistrellus imbricatus","0",0,0.016920890189598,0.0169173709151795
"880","Pipistrellus inexspectatus",NA,0,0.0264300217936515,0.026469224403036
"881","Pipistrellus javanicus","1",0,0.0273451184001651,0.0273244928719772
"882","Pipistrellus joffrei",NA,0,0.0161306371665145,0.016153762968663
"883","Pipistrellus kitcheneri",NA,0,0.0182055337106788,0.0182181541200689
"884","Pipistrellus kuhlii","1",0.0526315789473684,0.024368318829501,0.0243771696448851
"885","Pipistrellus lophurus",NA,0,0.017317683306393,0.0173423416562906
"886","Pipistrellus macrotis","1",0,0.0166011780796758,0.0165785062168957
"887","Pipistrellus maderensis","1",0,0.0149567429000012,0.0149713823411861
"888","Pipistrellus minahassae",NA,0,0.0171755317991298,0.0171805911421841
"889","Pipistrellus musciculus",NA,0,0.0265249801539981,0.026573011812113
"890","Pipistrellus nanulus","1",0,0.0259904196141539,0.0259573590428487
"891","Pipistrellus nathusii","1",0.0666666666666667,0.0384113192495051,0.0384282696747394
"892","Pipistrellus papuanus","1",0,0.0187042228972802,0.018678626006341
"893","Pipistrellus paterculus","1",0,0.024293585433731,0.0242934947458086
"894","Pipistrellus permixtus",NA,0,0.0203746669434207,0.0203931346920105
"895","Pipistrellus pipistrellus","1",0.0429447852760736,0.0537586524017538,0.0537572857782251
"896","Pipistrellus pulveratus","1",0.0909090909090909,0.0237557176289055,0.0237548028384442
"897","Pipistrellus pygmaeus","1",0.015625,0.0348829601634256,0.0348632469711305
"898","Pipistrellus raceyi","1",0,0.0428506123626569,0.0431036662897353
"899","Pipistrellus rueppellii","1",0,0.0342037580348081,0.0342144052549095
"900","Pipistrellus rusticus","1",0,0.0285443603437155,0.0285352825247614
"901","Pipistrellus savii","1",0.0740740740740741,0.0327650142162183,0.0327710207243206
"902","Pipistrellus stenopterus","1",0,0.0309320748569638,0.0309193570347512
"903","Pipistrellus subflavus","1",0.00943396226415094,0.0364768127077435,0.0363988531301609
"904","Pipistrellus tenuis","1",0,0.0323238530630951,0.0322340090047035
"905","Pipistrellus vordermanni",NA,0,0.014954437942748,0.0149628463125588
"906","Pipistrellus wattsi","1",0,0.0174661894123825,0.0174534553170721
"907","Pipistrellus westralis","0",0,0.0224197773600472,0.0223192168837371
"908","Platalina genovensium","1",0,0.0342986215356282,0.0341197015395317
"909","Platymops setiger","0",0,0.0250919424628729,0.0251179983342307
"910","Platyrrhinus albericoi","0",0,0.0496347646404796,0.0497204209682374
"911","Platyrrhinus angustirostris","1",0,0.0747649966786283,0.0749798248059171
"912","Platyrrhinus aurarius","0",0,0.0333018231622582,0.0332663555485704
"913","Platyrrhinus brachycephalus","0",0,0.0435043506208366,0.0434393494313956
"914","Platyrrhinus chocoensis","0",0,0.0278100644391215,0.0278098551504575
"915","Platyrrhinus dorsalis","0",0,0.0487946141595665,0.0488684491962042
"916","Platyrrhinus fusciventris","1",0,0.0747292444143589,0.074939717288728
"917","Platyrrhinus guianensis",NA,0,0.0554237488235884,0.0556713957698908
"918","Platyrrhinus helleri","1",0.285714285714286,0.091048215042711,0.0910129455313378
"919","Platyrrhinus infuscus","0",0,0.0485664623187447,0.0486022388195952
"920","Platyrrhinus ismaeli","0",0,0.0742834490631147,0.0745825188156107
"921","Platyrrhinus lineatus","0",0.25,0.0638971909422242,0.0640562736558667
"922","Platyrrhinus masu","0",0,0.060188339635203,0.0603582246056992
"923","Platyrrhinus matapalensis",NA,0,0.0661425885946175,0.0663973880636591
"924","Platyrrhinus nigellus","0",0,0.060631821163612,0.0607739933970991
"925","Platyrrhinus nitelinea",NA,0,0.048869250511443,0.0491201222142131
"926","Platyrrhinus recifinus","0",0,0.042729607603538,0.0427779554919851
"927","Platyrrhinus umbratus","0",0,0.0428952481351303,0.0429074897409666
"928","Platyrrhinus vittatus","0",0,0.0511304518575992,0.0511912273909777
"929","Plecotus auritus","1",0.0980392156862745,0.0588670811721238,0.0590407977163929
"930","Plecotus austriacus","1",0.0833333333333333,0.0708920854595845,0.0709217794749289
"931","Plecotus balensis",NA,0,0.0166356657094065,0.016662505811997
"932","Plecotus christii","1",0,0.0426962999720159,0.0430157163597421
"933","Plecotus kolombatovici","1",0,0.0455612408834707,0.0457598885658444
"934","Plecotus macrobullaris","1",0,0.0439943936601366,0.0441631069298763
"935","Plecotus ognevi","1",0,0.0425072679270711,0.04266306023539
"936","Plecotus sacrimontis","1",0,0.046137882463487,0.046361623149368
"937","Plecotus sardus","1",0,0.0408992466324209,0.0411372597137648
"938","Plecotus taivanus","0",0,0.0155366852272128,0.01555398657454
"939","Plecotus teneriffae","1",0,0.0161427749507937,0.0161549488391303
"940","Plerotes anchietae","0",0,0.0227397611071544,0.0227079828024916
"941","Promops centralis","0",0,0.0435218675400878,0.0436356177011539
"942","Promops nasutus","1",0,0.0428920024070467,0.0427782568108327
"943","Ptenochirus jagori","0",0,0.0292804544219474,0.0293037343480526
"944","Ptenochirus minor","0",0,0.0228562667715798,0.0228593750605655
"945","Pteralopex anceps","0",0,0.0562513611162659,0.0560352240091169
"946","Pteralopex atrata","0",0,0.0375130046609125,0.0375093629646164
"947","Pteralopex flanneryi","0",0,0.0777174583632117,0.0777161516264869
"948","Pteralopex pulchra","0",0,0.0278938827256559,0.027880714451402
"949","Pteralopex taki","0",0,0.0224145074664511,0.0223836954469487
"950","Pteronotus davyi","1",0.193548387096774,0.0357758861998361,0.0357378168364798
"951","Pteronotus gymnonotus","0",0,0.0409743220979659,0.0410731973693098
"952","Pteronotus macleayii","0",0,0.0166247520648429,0.0166267772641875
"953","Pteronotus paraguanensis","0",0,0.0476433491596281,0.047899465799029
"954","Pteronotus parnellii","1",0.0526315789473684,0.0464485468576169,0.0463421668363529
"955","Pteronotus personatus","1",0,0.0363918371043977,0.0363334262247749
"956","Pteronotus quadridens","0",0,0.0168410302975087,0.0168491470394943
"957","Pteropus admiralitatum","0",0.25,0.0409524390716029,0.0406627058504941
"958","Pteropus aldabrensis","0",0,0.0601853130173326,0.0603273063910504
"959","Pteropus alecto","0",0.0967741935483871,0.0719335126087061,0.0721278165248436
"960","Pteropus anetianus","0",0,0.02559603030826,0.0255743176819695
"961","Pteropus argentatus","0",0,0.0414486068532421,0.0415390587011192
"962","Pteropus aruensis",NA,0,0.0360237640564961,0.0361091244895579
"963","Pteropus caniceps","0",0,0.0254689231535589,0.0255104983785007
"964","Pteropus capistratus","0",0.25,0.0535538849871594,0.0537837741171646
"965","Pteropus chrysoproctus","0",0,0.0414486068532421,0.0415390587011192
"966","Pteropus cognatus","0",0,0.036350195149623,0.0364643802801204
"967","Pteropus conspicillatus","0",0.176470588235294,0.0559918628044785,0.0560216694722361
"968","Pteropus dasymallus","0",0,0.016987985438674,0.0170046409886594
"969","Pteropus faunulus","0",0,0.0282764927716821,0.0282926318591696
"970","Pteropus fundatus","0",0,0.0283182524003427,0.0283630750712207
"971","Pteropus giganteus","0",0.0372670807453416,0.0768999159013652,0.0770036306630885
"972","Pteropus gilliardorum",NA,0,0.0274613710255444,0.027561767449533
"973","Pteropus griseus","0",0,0.0208200514157883,0.0208179555491052
"974","Pteropus howensis","0",0,0.0330379801154912,0.0330071309658775
"975","Pteropus hypomelanus","0",0.15,0.047677097964032,0.0477763858481668
"976","Pteropus intermedius","0",0,0.0457193086414548,0.0456645896037207
"977","Pteropus keyensis",NA,0,0.0371045826893706,0.037143774403631
"978","Pteropus livingstonii","0",0,0.0583518495598694,0.058469256019444
"979","Pteropus lombocensis",NA,0,0.0217347650039245,0.021821766785313
"980","Pteropus loochoensis",NA,0,0.0525464188641775,0.052751488115263
"981","Pteropus lylei","0",0.010989010989011,0.0264446796368586,0.0264585297429646
"982","Pteropus macrotis","0",0,0.0412350642582203,0.0413201001115934
"983","Pteropus mahaganus","0",0,0.046784152275882,0.0465132454549826
"984","Pteropus mariannus","0",0,0.0248438695878678,0.0248379473278734
"985","Pteropus melanopogon","0",0,0.0506261818454925,0.0506231058121503
"986","Pteropus melanotus","0",0,0.0259176021844056,0.0259573760109165
"987","Pteropus molossinus","0",0,0.0269842130488966,0.0270032136852046
"988","Pteropus neohibernicus","0",0.4,0.0852783829937321,0.0854877638853379
"989","Pteropus niger","0",0,0.0328565270897707,0.032873954036013
"990","Pteropus nitendiensis","0",0,0.0286893698164995,0.0286921115197149
"991","Pteropus ocularis",NA,0,0.0246079988135689,0.024704429115667
"992","Pteropus ornatus","0",0,0.0412026622417655,0.0412009098153781
"993","Pteropus pelagicus","0",0,0.0408333903049181,0.0408460828876932
"994","Pteropus pelewensis","0",0,0.0578902421391713,0.0578606651806635
"995","Pteropus personatus","0",0,0.0234688328627193,0.0234846020932311
"996","Pteropus pohlei","0",0,0.0241865489202878,0.0241750666761546
"997","Pteropus poliocephalus","0",0.111111111111111,0.0695587279217394,0.0697823152573068
"998","Pteropus pselaphon","0",0,0.0234074592976541,0.0233609256028855
"999","Pteropus pumilus","0",0.333333333333333,0.0324857819124365,0.0325144802388989
"1000","Pteropus rayneri","0",1,0.129574323027381,0.129617330416524
"1001","Pteropus rennelli","0",0,0.0400256845062046,0.0401034152565091
"1002","Pteropus rodricensis","0",0.333333333333333,0.0540049577007051,0.0539861441078692
"1003","Pteropus rufus","0",0.108695652173913,0.0717341280115998,0.071948299835137
"1004","Pteropus samoensis","0",0,0.0318971626922823,0.0318776973955783
"1005","Pteropus scapulatus","0",0.0967741935483871,0.041923911727004,0.0420267120640938
"1006","Pteropus seychellensis","0",0,0.0431043622396644,0.0432759777554546
"1007","Pteropus speciosus","0",0,0.0247906592368131,0.0247790475710931
"1008","Pteropus temminckii","0",0,0.0165350991221885,0.0165572327399354
"1009","Pteropus tonganus","0",0.0117647058823529,0.0370410667195626,0.0370859939684468
"1010","Pteropus tuberculatus","0",0,0.0279579495568233,0.0279554780223415
"1011","Pteropus ualanus","0",0,0.0238933405868258,0.0239029682210123
"1012","Pteropus vampyrus","0",0.0384615384615385,0.0656972443580938,0.0657248782922334
"1013","Pteropus vetulus","0",0,0.0296363132078071,0.0296333922488431
"1014","Pteropus voeltzkowi","0",0,0.0474855368481044,0.0477034034847419
"1015","Pteropus woodfordi","0",0,0.0291334018464338,0.0291736930759337
"1016","Pteropus yapensis","0",0,0.0578902421391713,0.0578606651806635
"1017","Pygoderma bilabiatum","1",0,0.0529531985325976,0.0526836260387493
"1018","Rhinolophus acuminatus","1",0,0.0197923195152221,0.0197463480212197
"1019","Rhinolophus adami","0",0,0.0187293507950795,0.0187258910485167
"1020","Rhinolophus affinis","0",0.023489932885906,0.0287431653991211,0.0287816417173227
"1021","Rhinolophus alcyone","1",0.142857142857143,0.0262967319066562,0.0262694423510433
"1022","Rhinolophus arcuatus","0",0,0.0388361701216362,0.0387201406175993
"1023","Rhinolophus beddomei","1",0,0.0188460350345141,0.0188099299196889
"1024","Rhinolophus blasii","1",0.0408163265306122,0.0252017935650368,0.0252361588892993
"1025","Rhinolophus bocharicus","1",0,0.0138588045343479,0.01385059126975
"1026","Rhinolophus borneensis","0",0,0.0208207519079136,0.0208167485599459
"1027","Rhinolophus canuti","0",0,0.0154640186457447,0.0154533690277629
"1028","Rhinolophus capensis","1",0,0.020250582538388,0.0202661999738504
"1029","Rhinolophus celebensis","0",0,0.0166644974246423,0.0166741854839708
"1030","Rhinolophus chaseni","0",0,0.0208207519079136,0.0208167485599459
"1031","Rhinolophus clivosus","1",0.125,0.0360537701758869,0.0360910595119335
"1032","Rhinolophus coelophyllus","0",0.0476190476190476,0.0220481910923356,0.0220490595878507
"1033","Rhinolophus cognatus","0",0,0.0186688259273645,0.0186632397574058
"1034","Rhinolophus cohenae","1",0,0.0437182157000809,0.0438981692849279
"1035","Rhinolophus convexus",NA,0,0.0150463831791534,0.0150451510923681
"1036","Rhinolophus creaghi","0",0,0.0161004786771791,0.0160918170304301
"1037","Rhinolophus darlingi","1",0,0.026951325874357,0.0269573715312803
"1038","Rhinolophus deckenii","0",0,0.0191227216714829,0.0191245312610117
"1039","Rhinolophus denti","1",0,0.0259931484765014,0.0260210245660711
"1040","Rhinolophus eloquens","1",0.1,0.022873333440823,0.0228903435567771
"1041","Rhinolophus euryale","1",0.028169014084507,0.0264443166143193,0.0264608693967989
"1042","Rhinolophus euryotis","1",0,0.0197606198448373,0.0197721732242246
"1043","Rhinolophus ferrumequinum","1",0.0237529691211401,0.0363234153217185,0.0362996625860631
"1044","Rhinolophus formosae","1",0,0.0128289536914011,0.0128179290029006
"1045","Rhinolophus francisi",NA,0,0.051976623180897,0.052204744568564
"1046","Rhinolophus fumigatus","1",0,0.0342912285113647,0.0342941894042491
"1047","Rhinolophus guineensis","1",0,0.0182315143005342,0.0182021495752537
"1048","Rhinolophus hildebrandtii","1",0,0.0293147503674332,0.0293074679515439
"1049","Rhinolophus hilli","0",0,0.0189207366851701,0.0189280124572473
"1050","Rhinolophus hillorum","1",0,0.0175897811586177,0.0175728898298173
"1051","Rhinolophus hipposideros","1",0.0285714285714286,0.0288101365595805,0.028856117958699
"1052","Rhinolophus huananus","0",0,0.0568262096085246,0.0570102650500108
"1053","Rhinolophus inops","0",0,0.0153864986407801,0.0153821391977906
"1054","Rhinolophus kahuzi","0",0,0.057102841383465,0.0572343413607227
"1055","Rhinolophus keyensis","0",0,0.015979543988395,0.0159739355511577
"1056","Rhinolophus landeri","1",0,0.0326877004279545,0.0327127954616465
"1057","Rhinolophus lepidus","1",0.04,0.0421685387545293,0.042188643365502
"1058","Rhinolophus luctoides",NA,0,0.051976623180897,0.052204744568564
"1059","Rhinolophus luctus","1",0.25,0.0354788299909106,0.0355424878349956
"1060","Rhinolophus mabuensis",NA,0,0.0429481516621445,0.0431377246747776
"1061","Rhinolophus maclaudi","1",0,0.01765080675236,0.0176112652297171
"1062","Rhinolophus macrotis","1",0.1,0.0253107847983369,0.0253117914321663
"1063","Rhinolophus madurensis","0",0,0.0159359339264744,0.0159468889326374
"1064","Rhinolophus maendeleo","0",0,0.0187022401903219,0.018696427170706
"1065","Rhinolophus malayanus","0",0,0.0228316373383048,0.0228519033366479
"1066","Rhinolophus marshalli","0",0,0.0209973554289886,0.021020091261172
"1067","Rhinolophus megaphyllus","1",0,0.0238684882389017,0.0238976260354168
"1068","Rhinolophus mehelyi","1",0.111111111111111,0.0267934807668511,0.0268695014373599
"1069","Rhinolophus mitratus",NA,0,0.0177825507237667,0.0178185097805131
"1070","Rhinolophus montanus","0",0,0.0151940169494797,0.0152038369861908
"1071","Rhinolophus mossambicus","0",0,0.0430486146309133,0.043200101644829
"1072","Rhinolophus nereis",NA,0,0.0172355671828619,0.0172391318281174
"1073","Rhinolophus osgoodi","0",0,0.0222012499304603,0.022221095990439
"1074","Rhinolophus paradoxolophus","0",0,0.0161341887736382,0.0161390833931114
"1075","Rhinolophus pearsonii","1",0.0952380952380952,0.0269831980485272,0.0270212647677973
"1076","Rhinolophus philippinensis","1",0,0.0171354042718573,0.0171253864328893
"1077","Rhinolophus pusillus","1",0.0393700787401575,0.0395681093288558,0.0394856285995449
"1078","Rhinolophus rex","1",0.0666666666666667,0.01748343115588,0.0174843499481026
"1079","Rhinolophus robinsoni","0",0,0.0158801872774927,0.0158704543806814
"1080","Rhinolophus rouxii","1",0.142857142857143,0.0594241058653596,0.059331184944586
"1081","Rhinolophus rufus","0",0,0.0174009978167017,0.0174001469248352
"1082","Rhinolophus ruwenzorii","1",0,0.0164321407734443,0.0164011680997089
"1083","Rhinolophus sakejiensis","0",0,0.0182041050323992,0.0181886006389628
"1084","Rhinolophus schnitzleri","0",0,0.0568259364469897,0.0569824607479963
"1085","Rhinolophus sedulus","1",0,0.0266702433596876,0.0266746740448857
"1086","Rhinolophus shameli","0",0.0666666666666667,0.0201694728373089,0.0201785663919633
"1087","Rhinolophus shortridgei",NA,0,0.0221848324137803,0.0221898282046277
"1088","Rhinolophus siamensis","0",0,0.0405907676152498,0.0407820789600242
"1089","Rhinolophus silvestris",NA,0,0.0190529274798238,0.0190722212625668
"1090","Rhinolophus simulator","1",0.0188679245283019,0.0265091424681592,0.0264939135650158
"1091","Rhinolophus sinicus","1",0.0143266475644699,0.0293955688033825,0.0294237007330487
"1092","Rhinolophus smithersi","1",0,0.0466754937632168,0.0468577153199411
"1093","Rhinolophus stheno","0",0,0.0476341712527694,0.0474678904573103
"1094","Rhinolophus subbadius","0",0,0.0176448013216861,0.0176702858477893
"1095","Rhinolophus subrufus","0",0,0.0161575540448873,0.0161534082349323
"1096","Rhinolophus swinnyi","1",0,0.0281275419429367,0.0281121334943005
"1097","Rhinolophus thailandensis","0",0,0.0593813233989038,0.059569298344943
"1098","Rhinolophus thomasi","0",0.0625,0.020209355498327,0.0202412302215818
"1099","Rhinolophus trifoliatus","0",0,0.0232991676987107,0.0232899317136602
"1100","Rhinolophus virgo","1",0,0.0170790304695809,0.0170540445705134
"1101","Rhinolophus willardi","1",0,0.0570536884603747,0.0572343413607227
"1102","Rhinolophus xinanzhongguoensis","0",0,0.0415181321675827,0.0416850835975651
"1103","Rhinolophus yunanensis","1",0,0.0234340701321097,0.023446056647403
"1104","Rhinolophus ziama","1",0,0.0411176583389657,0.0412523545885353
"1105","Rhinonicteris aurantia","1",0,0.056758052665597,0.0561485210176234
"1106","Rhinophylla alethina",NA,0,0.0356175079201165,0.0357792568492233
"1107","Rhinophylla fischerae",NA,0,0.0414206221797525,0.0415188484889396
"1108","Rhinophylla pumilio","1",0.2,0.0584240548833738,0.0580129592517038
"1109","Rhinopoma hadramauticum","1",0,0.0426823986956303,0.0428932408976292
"1110","Rhinopoma hardwickii","1",0.0625,0.0334811227956318,0.0334989235328748
"1111","Rhinopoma macinnesi","1",0,0.0216251630189616,0.021606688238707
"1112","Rhinopoma microphyllum","1",0,0.0334607957752296,0.0334677826278453
"1113","Rhinopoma muscatellum","1",0,0.02443951070794,0.0244543927972323
"1114","Rhogeessa aeneus",NA,0,0.0202808255516823,0.0203155943614833
"1115","Rhogeessa alleni",NA,0,0.0191246494666305,0.0191460117963982
"1116","Rhogeessa bickhami",NA,0,0.0489246028715273,0.0491641118265025
"1117","Rhogeessa genowaysi",NA,0,0.0204843047588216,0.0204955399098052
"1118","Rhogeessa gracilis",NA,0,0.0206789101460824,0.0206841939258733
"1119","Rhogeessa hussoni",NA,0,0.0182732054551836,0.0182672565663978
"1120","Rhogeessa io",NA,0,0.0295465397006343,0.0295905304525971
"1121","Rhogeessa menchuae",NA,0,0.0453618046834945,0.0455502414341367
"1122","Rhogeessa minutilla","0",0,0.0294367065203761,0.0294539674425585
"1123","Rhogeessa mira",NA,0,0.0214975532199515,0.0215118063535559
"1124","Rhogeessa parvula","0",0,0.0211341789232562,0.0211165015048486
"1125","Rhogeessa tumida","1",0.25,0.036493798160767,0.0364505208784541
"1126","Rhynchonycteris naso","1",0.125,0.0541079360044084,0.0541330542306378
"1127","Rousettus aegyptiacus","1",0.0184581976112921,0.0556433953961363,0.0554430579992728
"1128","Rousettus amplexicaudatus","1",0.072463768115942,0.0461821747589586,0.0458326375974359
"1129","Rousettus bidens","0",0,0.0165757743028093,0.0165924135271174
"1130","Rousettus celebensis","0",0,0.0260054298735401,0.0260022033104758
"1131","Rousettus lanosus","1",0,0.0484823505577672,0.0482761694859587
"1132","Rousettus leschenaultii","1",0.0530035335689046,0.0790031336798948,0.0786570756673482
"1133","Rousettus linduensis",NA,0,0.0492896444966303,0.0494736369462378
"1134","Rousettus madagascariensis","0",0.133333333333333,0.0404133717041617,0.0405251589614133
"1135","Rousettus obliviosus","0",0,0.0291973407425444,0.0292326609160837
"1136","Rousettus spinalatus","0",0,0.0268716227526348,0.0268619693802676
"1137","Saccolaimus flaviventris","1",0.0588235294117647,0.0292152455094257,0.029279582932455
"1138","Saccolaimus mixtus","0",0,0.0213272693708388,0.0213403279635868
"1139","Saccolaimus peli","0",0,0.0340236969070398,0.0340199175594069
"1140","Saccolaimus saccolaimus","1",0.333333333333333,0.0573316229319822,0.057397990208914
"1141","Saccopteryx antioquensis","1",0,0.0179999231310544,0.0179684800593417
"1142","Saccopteryx bilineata","1",0,0.0474452410688678,0.0474432881851082
"1143","Saccopteryx canescens","0",0,0.0285835627454501,0.0285945404181263
"1144","Saccopteryx gymnura",NA,0,0.0218444295576221,0.0218760371096974
"1145","Saccopteryx leptura","0",0,0.0355342894377759,0.0355579749855095
"1146","Sauromys petrophilus","0",0,0.024684284200784,0.0246799795605386
"1147","Scleronycteris ega",NA,0,0.0433337354647679,0.0433505461760543
"1148","Scoteanax rueppellii","1",0,0.02337824000027,0.0233383018313132
"1149","Scotoecus albofuscus","0",0,0.0296530731946004,0.0296577211756449
"1150","Scotoecus hirundo","1",0,0.0257093224470021,0.0256984834341324
"1151","Scotoecus pallidus","1",0,0.0278905507047608,0.0278957573747111
"1152","Scotomanes ornatus","0",0,0.0238235926359307,0.0238848719110771
"1153","Scotonycteris bergmansi","0",0,0.0886156806935509,0.0885685849886846
"1154","Scotonycteris occidentalis","0",0,0.0886156806935509,0.0885685849886846
"1155","Scotonycteris zenkeri","0",0,0.0357169228764665,0.0357646149584669
"1156","Scotophilus andrewreborii",NA,0,0.0403130221313344,0.0405355363278349
"1157","Scotophilus borbonicus",NA,0,0.0196467046850015,0.0196646663328166
"1158","Scotophilus celebensis",NA,0,0.0163282899411547,0.0163403084504473
"1159","Scotophilus collinus","1",0,0.0405972701449114,0.0407245748963506
"1160","Scotophilus dinganii","1",0,0.0334453603511653,0.0334425089184936
"1161","Scotophilus ejetai",NA,0,0.0403555924432268,0.0405761230424605
"1162","Scotophilus heathii","1",0,0.0315575386005199,0.0315371748605181
"1163","Scotophilus kuhlii","1",0.0232558139534884,0.0451661106828147,0.045366310215766
"1164","Scotophilus leucogaster","1",0,0.035341433427617,0.0353881291006383
"1165","Scotophilus livingstonii",NA,0,0.0403555924432268,0.0405761230424605
"1166","Scotophilus marovaza","1",0,0.0414980560044584,0.0416944846773516
"1167","Scotophilus nigrita","1",0.142857142857143,0.0398492349716808,0.0399410209646563
"1168","Scotophilus nucella",NA,0,0.0261058018029994,0.026125799226807
"1169","Scotophilus nux",NA,0,0.0250581215446224,0.0250689215413534
"1170","Scotophilus robustus","1",0,0.0264945879828626,0.0264761602401811
"1171","Scotophilus tandrefana",NA,0,0.0422502784396812,0.042469578738757
"1172","Scotophilus trujilloi",NA,0,0.0398711732188184,0.0400627084619328
"1173","Scotophilus viridis","0",0,0.034061514444817,0.0340712797631186
"1174","Scotorepens balstoni","1",0,0.0261483185507386,0.0261470871567536
"1175","Scotorepens greyii","1",0,0.0286872590438393,0.0286591686199942
"1176","Scotorepens orion","1",0,0.01511312000023,0.0151129658409912
"1177","Scotorepens sanborni","1",0,0.0241105754246071,0.0240947190638129
"1178","Scotozous dormeri","1",0,0.0402875166824675,0.0403192731793733
"1179","Sphaerias blanfordi",NA,0,0.0181902282908188,0.0182544431165436
"1180","Sphaeronycteris toxophyllum","0",0,0.0355467464020658,0.0355435431664081
"1181","Stenoderma rufum","0",0,0.0277582119146432,0.0277549499663923
"1182","Sturnira angeli",NA,0,0.0423539027612856,0.0424517347191572
"1183","Sturnira aratathomasi",NA,0,0.0360343537593251,0.0361925334371444
"1184","Sturnira bakeri",NA,0,0.044589017008881,0.0448088097595276
"1185","Sturnira bidens","0",0,0.0453567473041799,0.045420060916235
"1186","Sturnira bogotensis",NA,0,0.0493458157070658,0.0496155254751598
"1187","Sturnira burtonlimi",NA,0,0.045443466485281,0.0456630919255353
"1188","Sturnira erythromos","0",0,0.0484241941824393,0.0484385208490144
"1189","Sturnira hondurensis","0",0,0.0775548694494214,0.0776182060874827
"1190","Sturnira koopmanhilli",NA,0,0.0552899109764412,0.0556063967610102
"1191","Sturnira lilium","1",0.0973451327433628,0.0867346760308493,0.0865942683004721
"1192","Sturnira ludovici","1",0.166666666666667,0.0637980462328268,0.0635753785647762
"1193","Sturnira luisi",NA,0,0.0365629672214581,0.0367054557905796
"1194","Sturnira magna",NA,0,0.0445769836366469,0.0447373480465713
"1195","Sturnira mistratensis",NA,0,0.0201863058394452,0.0202363953204216
"1196","Sturnira mordax",NA,0,0.0293080034751026,0.0293644613569411
"1197","Sturnira nana",NA,0,0.0347669562090406,0.0348869768761582
"1198","Sturnira oporaphilum",NA,0,0.0452478237749872,0.045431652488539
"1199","Sturnira parvidens","0",1,0.148076144266138,0.148987631218144
"1200","Sturnira paulsoni",NA,0,0.135016012886279,0.136022331707404
"1201","Sturnira perla",NA,0,0.055591236204057,0.0559083066585543
"1202","Sturnira sorianoi",NA,0,0.0716854281882394,0.0722301838438445
"1203","Sturnira tildae","0",0.142857142857143,0.0584471401325495,0.0584464655071195
"1204","Styloctenium mindorensis",NA,0,0.0502351589116362,0.0504461106707709
"1205","Styloctenium wallacei",NA,0,0.0211464770841355,0.0212207959405032
"1206","Submyotodon latirostris","1",0,0.0448712238833282,0.0449964016428356
"1207","Syconycteris australis","0",0,0.0374905815528482,0.0374968841344679
"1208","Syconycteris carolinae",NA,0,0.0198827187494546,0.0199329234374948
"1209","Syconycteris hobbit",NA,0,0.022168710136528,0.0222169300560573
"1210","Tadarida aegyptiaca","1",0,0.0308650001998303,0.0308884224330544
"1211","Tadarida australis","1",0,0.0238481335644464,0.0238683074958868
"1212","Tadarida brasiliensis","1",0.0155038759689922,0.04705216954848,0.0470226590618715
"1213","Tadarida fulminans","0",0,0.0345543631801066,0.0345664773609674
"1214","Tadarida insignis","1",0,0.0185749296201032,0.0185312787173392
"1215","Tadarida jobimena","0",0,0.042065784081174,0.0422954427322011
"1216","Tadarida kuboriensis","0",0,0.0183993005332916,0.0184011693357379
"1217","Tadarida latouchei","0",0,0.0130873914247267,0.0131174826418966
"1218","Tadarida lobata","0",0,0.0184914120951098,0.0184923753473635
"1219","Tadarida teniotis","1",0.0952380952380952,0.0309416470185328,0.0309643070510709
"1220","Tadarida ventralis","1",0,0.0317491323913893,0.0317571204282422
"1221","Taphozous achates","0",0,0.015555672831179,0.0155500931460542
"1222","Taphozous australis","1",0,0.0232243371450518,0.0232137949630187
"1223","Taphozous georgianus","1",0,0.0269680662670239,0.0269868085136989
"1224","Taphozous hamiltoni","0",0,0.030102341260416,0.0300821426391456
"1225","Taphozous hildegardeae","0",0,0.0204636700650717,0.0204716807838072
"1226","Taphozous hilli","1",0,0.0291861675582173,0.0291618279544845
"1227","Taphozous kapalgensis","0",0,0.0207448288523083,0.0207171572964651
"1228","Taphozous longimanus","1",0,0.029727622363156,0.0296871004319996
"1229","Taphozous mauritianus","1",0,0.0465097220236008,0.046593778028586
"1230","Taphozous melanopogon","1",0.0316205533596838,0.0281090228849731,0.0280808777252039
"1231","Taphozous nudiventris","1",0,0.0321537887831651,0.032151404109492
"1232","Taphozous perforatus","1",0.153846153846154,0.0347011983730513,0.0347224104378896
"1233","Taphozous theobaldi","0",0.285714285714286,0.0319926578515286,0.0322561101052
"1234","Taphozous troughtoni","1",0,0.0236119359745577,0.0235389977728919
"1235","Thoopterus nigrescens",NA,0,0.0190121133461444,0.0190823311616466
"1236","Thoopterus suhaniahae",NA,0,0.078091723932655,0.0783874319759692
"1237","Thyroptera devivoi","0",0,0.0439457653925925,0.0441379677388337
"1238","Thyroptera discifera","0",0,0.0289422515850394,0.0289464658299882
"1239","Thyroptera lavali","0",0,0.0263366743933086,0.0263325021382284
"1240","Thyroptera tricolor","0",0,0.0447137316440318,0.0446926130226634
"1241","Thyroptera wynneae","0",0,0.0427383854361282,0.0428806206400905
"1242","Tomopeas ravus","0",0,0.0191346602125515,0.0191600437052199
"1243","Tonatia bidens","1",0.25,0.0496723002854839,0.049465323117178
"1244","Tonatia saurophila","0",0,0.0496379866111027,0.0497075373886179
"1245","Trachops cirrhosus","1",0.4,0.123974161728208,0.123967623875117
"1246","Triaenops afer","1",0.028169014084507,0.0425591173830315,0.0427820946067798
"1247","Triaenops menamena","1",0.0303030303030303,0.022671366902643,0.0226563630975598
"1248","Triaenops parvus","0",0,0.0428037127082952,0.0429596800305673
"1249","Triaenops persicus","1",0.00714285714285714,0.0276538465302401,0.0276251198812241
"1250","Triaenops rufus","1",0,0.0276538465302401,0.0276251198812241
"1251","Trinycteris nicefori","1",0,0.0452599409134756,0.0451248893963507
"1252","Tylonycteris pachypus","0",0.0078740157480315,0.0251076813825995,0.0250972315772604
"1253","Tylonycteris pygmaeus","0",0,0.0521140591204629,0.0522735519105594
"1254","Tylonycteris robustula","0",0,0.0239101334450322,0.0239353933447532
"1255","Uroderma bakeri","0",0,0.0554992515327623,0.0556713957698908
"1256","Uroderma bilobatum","0",0.0816326530612245,0.0736144763878877,0.0737780351577057
"1257","Uroderma magnirostrum","0",0,0.0611950143256407,0.0613452613798723
"1258","Vampyressa bidens","0",0,0.0466098029095798,0.0466423434311609
"1259","Vampyressa brocki",NA,0,0.0430404827787468,0.0431478286403918
"1260","Vampyressa elisabethae",NA,0,0.0554237488235884,0.0556713957698908
"1261","Vampyressa melissa",NA,0,0.0361215865616023,0.0362538265727223
"1262","Vampyressa nymphaea","0",0,0.0321070633135112,0.0321175131919574
"1263","Vampyressa pusilla","0",0,0.0876585434612162,0.0878136316846219
"1264","Vampyressa sinchi",NA,0,0.0554237488235884,0.0556713957698908
"1265","Vampyressa thyone","0",0,0.0716786045436549,0.0720599552737053
"1266","Vampyrodes caraccioli","0",0.222222222222222,0.08282274295355,0.0831293159478569
"1267","Vampyrum spectrum","1",0,0.0811481424550729,0.0809317184719184
"1268","Vespadelus baverstocki","1",0,0.0285952833876443,0.0285320408666577
"1269","Vespadelus caurinus","1",0,0.0397758996830153,0.0396352381579382
"1270","Vespadelus darlingtoni","1",0,0.0202883977082033,0.0202948034372881
"1271","Vespadelus douglasorum","1",0,0.0323273297402195,0.032201788192751
"1272","Vespadelus finlaysoni","1",0,0.0267909122125689,0.0267131867311071
"1273","Vespadelus pumilus","0",0.5,0.031404030242004,0.0313753494218015
"1274","Vespadelus regulus","1",0,0.0240726088547014,0.0240787912871244
"1275","Vespadelus troughtoni","1",0,0.0205765200306343,0.0205701890165913
"1276","Vespadelus vulturnus","0",0,0.0226432748173885,0.0226631122543322
"1277","Vespertilio murinus","1",0.230769230769231,0.0487449411132421,0.0485892929229807
"1278","Vespertilio sinensis","1",0.0224719101123595,0.0305788876133554,0.030639145931291
"1279","Xeronycteris vieirai","0",1,0.0808432917698646,0.0818269864019584
