"","species","Synurbic","dum_zvirus","with","without"
"1","Acerodon celebensis","0",1,0.0377432507130398,0.0372842804335093
"2","Acerodon humilis","0",0,0.0100045246993194,0.0105598144699928
"3","Acerodon jubatus","0",0,0.0190831742937164,0.0195955431875387
"4","Acerodon leucotis","0",0,0.0104884570687199,0.0109879282945003
"5","Acerodon mackloti","0",0,0.0096954821808048,0.0101511562574938
"6","Aethalops aequalis","0",0,0.0231669506183381,0.0233470938763153
"7","Aethalops alecto",NA,0,0.0193386055517604,0.020000987753894
"8","Alionycteris paucidentata",NA,0,0.0175539565878819,0.0179908954285577
"9","Ametrida centurio",NA,0,0.0469118378007472,0.0479730712934447
"10","Amorphochilus schnablii","1",0,0.0217617012107699,0.0223423628210612
"11","Anoura canishina","0",0,0.0976032655700879,0.115864237558868
"12","Anoura caudifer","0",1,0.0885448157399927,0.089146733800989
"13","Anoura cultrata","1",0,0.0467807727051484,0.0468991184714284
"14","Anoura fistulata","0",0,0.0156617777435012,0.0172571117363668
"15","Anoura geoffroyi","0",0,0.202353859263963,0.204477697581393
"16","Anoura latidens","0",0,0.0211379734999115,0.0217854449930501
"17","Anoura luismanueli","0",0,0.0157772740050158,0.0162166115611223
"18","Anthops ornatus",NA,0,0.00922335107308283,0.00970103672797321
"19","Antrozous pallidus","1",1,0.613732640384872,0.612006217363834
"20","Aproteles bulmerae","0",0,0.0240365582343422,0.0243582400809548
"21","Ardops nichollsi","0",0,0.0117132260472959,0.0123655226237836
"22","Arielulus aureocollaris",NA,0,0.028119339355552,0.0286224808366987
"23","Arielulus circumdatus",NA,0,0.0531103371316891,0.054032025758775
"24","Arielulus cuprosus",NA,0,0.0155825899937477,0.0162385945043173
"25","Arielulus societatis","0",0,0.0193127809304014,0.0197186089914714
"26","Arielulus torquatus",NA,0,0.0162330364167418,0.0171750136892884
"27","Ariteus flavescens",NA,0,0.00999605892497298,0.0105322215538774
"28","Artibeus amplus","0",0,0.0384274575806866,0.0390539267377268
"29","Artibeus concolor",NA,0,0.0446451826593957,0.0458095233527175
"30","Artibeus fimbriatus","0",1,0.0713554592508204,0.0715388730235041
"31","Artibeus fraterculus","1",0,0.0318223171607078,0.031456261292362
"32","Artibeus hirsutus","1",0,0.0335825999096088,0.034408897763224
"33","Artibeus inopinatus","1",0,0.0269426015743732,0.027190756619093
"34","Artibeus jamaicensis","1",1,0.477360063784963,0.473667788989591
"35","Artibeus lituratus","1",1,0.528260168537151,0.52025940274063
"36","Artibeus obscurus","0",1,0.114008872193109,0.11514323080446
"37","Artibeus planirostris","0",1,0.0387166046763491,0.0436180869637462
"38","Asellia arabica","0",0,0.0325004017705805,0.0366307896260108
"39","Asellia patrizii","1",0,0.0178405816645282,0.0183193987408792
"40","Asellia tridens","1",0,0.0824599936149524,0.0846748847613328
"41","Aselliscus stoliczkanus","0",1,0.152251298740892,0.150775048041791
"42","Aselliscus tricuspidatus","1",0,0.0183847923054408,0.0188338923482328
"43","Balantiopteryx infusca","1",0,0.022477633180617,0.0228720536958931
"44","Balantiopteryx io","0",0,0.0233677740922734,0.02373103327788
"45","Balantiopteryx plicata","1",0,0.0846164522118589,0.0853532090216584
"46","Balionycteris maculata","0",1,0.144482600931437,0.139719581499938
"47","Barbastella barbastellus","1",1,0.238323612483714,0.23811219212199
"48","Barbastella beijingensis","1",0,0.0288698861999023,0.0247681845583481
"49","Barbastella leucomelas","1",0,0.181354840679118,0.181989491998322
"50","Bauerus dubiaquercus","1",0,0.0516900258589096,0.0514092929147012
"51","Brachyphylla cavernarum","1",0,0.0136129295205587,0.0138461743629174
"52","Brachyphylla nana","0",0,0.0303361107241506,0.03094122876386
"53","Cardioderma cor","1",0,0.0472631099905734,0.0474155712772302
"54","Carollia benkeithi",NA,0,0.0251967810924077,0.0302519794835164
"55","Carollia brevicauda","1",1,0.113069733209971,0.114559553790341
"56","Carollia castanea","0",0,0.0397140287996214,0.0404598699449686
"57","Carollia manu","1",0,0.0219514745197724,0.0183505788706178
"58","Carollia perspicillata","1",1,0.340256729000884,0.339628072044033
"59","Carollia sowelli","1",0,0.100858272193692,0.102421515249041
"60","Carollia subrufa","1",0,0.0247291101073175,0.0247979714000143
"61","Casinycteris argynnis","0",1,0.118354694763726,0.115972790961302
"62","Casinycteris campomaanensis",NA,0,0.0155486347001542,0.0179337021418224
"63","Casinycteris ophiodon","0",0,0.0318476400515946,0.0323257330937944
"64","Centronycteris centralis","0",0,0.0361679556066754,0.0369837624657665
"65","Centronycteris maximiliani","0",0,0.0510565695059665,0.0517606541058612
"66","Centurio senex","0",0,0.0960848369648142,0.0950496105040351
"67","Chaerephon aloysiisabaudiae","0",0,0.0451422515295477,0.0454378240016547
"68","Chaerephon ansorgei","1",0,0.0847808700197279,0.0855234404241252
"69","Chaerephon atsinanana","1",0,0.0660742759183092,0.0501868029694114
"70","Chaerephon bemmeleni","0",0,0.0758088899307577,0.0758150595489322
"71","Chaerephon bivittatus","1",0,0.0507679832281523,0.0516847892833803
"72","Chaerephon bregullae","0",0,0.0129680627253314,0.0134705008240925
"73","Chaerephon chapini","1",0,0.0483479331064115,0.0487873173807311
"74","Chaerephon gallagheri","0",0,0.0224642323429952,0.0227760380983872
"75","Chaerephon jobensis","1",0,0.0347440499948777,0.0355594919610037
"76","Chaerephon johorensis",NA,0,0.0191827562370627,0.0197370228286489
"77","Chaerephon major","1",0,0.0473348986650884,0.0479845132443278
"78","Chaerephon nigeriae","1",0,0.0652327330679935,0.0660316829801283
"79","Chaerephon plicatus","1",1,0.141680082951847,0.141093531937482
"80","Chaerephon pumilus","1",1,0.431059953171549,0.424097070861912
"81","Chaerephon russatus","0",0,0.0490521492967687,0.0491849805108935
"82","Chaerephon solomonis","0",0,0.00914492094516231,0.00960983220557328
"83","Chaerephon tomensis",NA,0,0.0101089799966202,0.0107849578796575
"84","Chalinolobus dwyeri","1",0,0.0228862986222937,0.023222519147097
"85","Chalinolobus gouldii","1",1,0.0662351887236382,0.0670886304054134
"86","Chalinolobus morio","1",0,0.07034035671851,0.0714256260461048
"87","Chalinolobus neocaledonicus","1",0,0.0106232086934121,0.0109407551258966
"88","Chalinolobus nigrogriseus","1",0,0.0370790306605542,0.0379037597162814
"89","Chalinolobus picatus","1",0,0.0299242289873315,0.0301620341523671
"90","Chalinolobus tuberculatus","0",0,0.0384057076754791,0.0388300787189228
"91","Cheiromeles parvidens","0",0,0.0192033502795555,0.019572296828275
"92","Cheiromeles torquatus","1",0,0.0624771307834063,0.0634586213582037
"93","Chilonatalus micropus","0",0,0.0221465159481957,0.0226623665725996
"94","Chilonatalus tumidifrons","0",0,0.0148447234475778,0.0155517945549156
"95","Chiroderma doriae",NA,0,0.0383988457775447,0.0393544196827804
"96","Chiroderma improvisum",NA,0,0.0104767073809336,0.0112218718641016
"97","Chiroderma salvini","1",0,0.150003253326667,0.148999408422048
"98","Chiroderma trinitatum","0",0,0.0614463125446529,0.0623106441746309
"99","Chiroderma villosum","1",0,0.0856570096995474,0.0862377030411691
"100","Chiroderma vizottoi",NA,0,0.0176429652494942,0.0205678080044866
"101","Chironax melanocephalus","0",0,0.0240895382382653,0.024488808941011
"102","Choeroniscus godmani",NA,0,0.0522658463036102,0.0536414249472194
"103","Choeroniscus minor","0",0,0.0421858995345736,0.043242842094177
"104","Choeroniscus periosus",NA,0,0.0171998856099037,0.0178022290199803
"105","Choeronycteris mexicana","1",0,0.091003684793641,0.0927198473300874
"106","Chrotopterus auritus","1",1,0.38906259400326,0.383221119121089
"107","Cistugo lesueuri","1",0,0.0259959647916317,0.0263388562929471
"108","Cistugo seabrae",NA,0,0.0297101692731977,0.0305445779275377
"109","Cloeotis percivali","1",0,0.0495462759400729,0.0497785580269243
"110","Coelops frithii","1",0,0.0963254292581288,0.0979204856983666
"111","Coelops hirsutus","0",0,0.021863451622572,0.0250548940936455
"112","Coelops robinsoni","0",0,0.0200136162863907,0.0205614467277013
"113","Coleura afra","1",1,0.102348349726902,0.103218226966864
"114","Coleura kibomalandy","0",0,0.0288140738218358,0.0323431544858177
"115","Coleura seychellensis","0",0,0.0135028407224104,0.0142829327597154
"116","Cormura brevirostris","1",0,0.0406268981344059,0.0411756091883968
"117","Corynorhinus mexicanus","1",0,0.0701618594896366,0.071867129905212
"118","Corynorhinus rafinesquii","1",0,0.268841846077844,0.272054921616416
"119","Corynorhinus townsendii","1",1,0.538169821043207,0.537460477120073
"120","Craseonycteris thonglongyai","0",0,0.024688277701784,0.0252729812282373
"121","Cynomops abrasus","0",1,0.144973231568599,0.144123544689224
"122","Cynomops greenhalli","1",0,0.0465120220855107,0.0467936681280735
"123","Cynomops mexicanus","1",0,0.0604400789408341,0.060712458793155
"124","Cynomops paranus",NA,0,0.0791867255855746,0.08108198476697
"125","Cynomops planirostris","1",0,0.0876475481386252,0.0886952723474697
"126","Cynopterus brachyotis","0",1,0.115864328403091,0.114934471826355
"127","Cynopterus horsfieldii","0",0,0.0474277698546975,0.0476305278738214
"128","Cynopterus luzoniensis",NA,0,0.0234253305993678,0.0243145664536653
"129","Cynopterus minutus",NA,0,0.071298540234724,0.0733975373981226
"130","Cynopterus nusatenggara",NA,0,0.0103494833616139,0.010891704021694
"131","Cynopterus sphinx","1",1,0.244339462807936,0.236001298819551
"132","Cynopterus titthaecheilus","1",0,0.0733142967652696,0.0710606873860147
"133","Cyttarops alecto","0",0,0.0377671305771206,0.038455213345757
"134","Dermanura anderseni","0",0,0.054772723205854,0.0550136969762088
"135","Dermanura aztecus","1",0,0.106973040637632,0.107041397856239
"136","Dermanura bogotensis","0",0,0.0250775662730924,0.0289171759840104
"137","Dermanura cinereus","0",0,0.0382761852097926,0.0390574180503651
"138","Dermanura glaucus","0",0,0.0649081589783051,0.0661554284792251
"139","Dermanura gnomus","0",0,0.0396195189346513,0.0406697101845534
"140","Dermanura incomitatus","0",0,0.0229894566565287,0.023353502950236
"141","Dermanura phaeotis","0",1,0.157949086540505,0.152936700164469
"142","Dermanura rava",NA,0,0.039750362814219,0.0487064260666835
"143","Dermanura rosenbergii","0",0,0.0232128429619345,0.0257718941144756
"144","Dermanura toltecus","1",0,0.123423086710027,0.123226156776365
"145","Dermanura watsoni","0",0,0.0229894566565287,0.023353502950236
"146","Desmalopex leucopterus","0",0,0.0205607004690715,0.0210202845348028
"147","Desmalopex microleucopterus",NA,0,0.0161881178613521,0.0187022397698328
"148","Desmodus rotundus","1",1,0.570610585908532,0.570266821552137
"149","Diaemus youngi","0",1,0.327688167175122,0.330276442483006
"150","Diclidurus albus","0",1,0.241177803892151,0.237872252416818
"151","Diclidurus ingens","1",0,0.060579507695739,0.0605603849647703
"152","Diclidurus isabellus",NA,0,0.0449689738023534,0.0464853472795669
"153","Diclidurus scutatus","0",0,0.0457944968735713,0.0467923884129932
"154","Diphylla ecaudata","1",1,0.240868797194627,0.244581050433533
"155","Dobsonia anderseni","1",0,0.0232953739662093,0.0229428045970568
"156","Dobsonia beauforti","0",0,0.0123581828328806,0.0129422304085297
"157","Dobsonia chapmani","0",0,0.0324641939371099,0.0360698389563219
"158","Dobsonia crenulata","0",0,0.011368995955133,0.0119316651538753
"159","Dobsonia emersa","0",0,0.0118955161058775,0.0123175680311793
"160","Dobsonia exoleta","0",0,0.0379935033675849,0.0376554661205073
"161","Dobsonia inermis","0",0,0.0122680867625292,0.0127958859912117
"162","Dobsonia minor","0",0,0.0244316550343386,0.0247588476207674
"163","Dobsonia moluccensis","1",0,0.0152179861288721,0.0153562750437479
"164","Dobsonia pannietensis","0",0,0.0110960975465666,0.0115424930366608
"165","Dobsonia peronii","0",0,0.00984496803470575,0.0103804131567324
"166","Dobsonia praedatrix","0",0,0.0115354153122002,0.011943743579944
"167","Dobsonia viridis","0",0,0.021093651307984,0.0214156612100974
"168","Dryadonycteris capixaba","0",0,0.0159542662549801,0.0175462967442649
"169","Dyacopterus brooksi","0",0,0.03169222543767,0.0317612327952757
"170","Dyacopterus rickarti","0",0,0.0214945518177462,0.0245064002068251
"171","Dyacopterus spadiceus","0",0,0.0320471455472447,0.0321615723096884
"172","Ectophylla alba","0",0,0.0193111645289016,0.0195509881251193
"173","Eidolon dupreanum","0",1,0.24951767458297,0.244745595937576
"174","Eidolon helvum","0",1,0.411396400136887,0.411212872318544
"175","Emballonura alecto","1",0,0.0413675002493838,0.0420127327262279
"176","Emballonura atrata","0",0,0.0399816822661817,0.0403902332084535
"177","Emballonura beccarii","0",0,0.0168761980388557,0.0174249674627175
"178","Emballonura dianae","0",0,0.0173720795665614,0.0178514694153141
"179","Emballonura furax","1",0,0.0181784609778392,0.0187043946227804
"180","Emballonura monticola","1",0,0.0424693478728844,0.0433782319525345
"181","Emballonura raffrayana","0",0,0.0196357010365224,0.0201260849450643
"182","Emballonura semicaudata","0",0,0.0155818738605487,0.0163287918875937
"183","Emballonura serii","0",0,0.00872289258701614,0.0091315183913039
"184","Emballonura tiavato","0",0,0.0376093605026571,0.0432768906192925
"185","Enchisthenes hartii","0",0,0.184041975540305,0.185879125319728
"186","Eonycteris major","0",0,0.0219588067393456,0.0223459236695202
"187","Eonycteris robusta","0",0,0.0216917205420243,0.022000757847247
"188","Eonycteris spelaea","0",1,0.193019224704119,0.192161082309785
"189","Epomophorus angolensis",NA,0,0.0256977096997792,0.0258676835884505
"190","Epomophorus anselli",NA,0,0.0166559264129873,0.0191860501734501
"191","Epomophorus crypturus","0",0,0.111329591378366,0.110504302984791
"192","Epomophorus gambianus","0",0,0.0883939954601218,0.089356112346137
"193","Epomophorus grandis",NA,0,0.0387770011229809,0.0399459630075046
"194","Epomophorus labiatus","0",1,0.120512823195318,0.119222612381483
"195","Epomophorus minimus",NA,0,0.0525957523886283,0.0532406572834294
"196","Epomophorus wahlbergi","1",1,0.218518633153704,0.20994435885747
"197","Epomops buettikoferi","0",0,0.048727692099559,0.0492762079755753
"198","Epomops dobsonii","0",1,0.0906947167805974,0.0895406134013649
"199","Epomops franqueti","0",1,0.141896727631059,0.141466664408668
"200","Eptesicus andinus",NA,0,0.0629044512188131,0.0644407613731097
"201","Eptesicus bobrinskoi",NA,0,0.0475005525736397,0.048227495082295
"202","Eptesicus bottae","1",0,0.172879926425431,0.174719921153179
"203","Eptesicus brasiliensis","1",1,0.425490814913083,0.421508542374166
"204","Eptesicus chiriquinus",NA,0,0.0307095660327716,0.0317245399670356
"205","Eptesicus diminutus",NA,1,0.1805994704939,0.178356781902435
"206","Eptesicus dimissus",NA,0,0.0257506110188122,0.0265094769883874
"207","Eptesicus floweri",NA,0,0.0175101320149802,0.018117359906792
"208","Eptesicus furinalis","1",1,0.578268014228117,0.570320886586779
"209","Eptesicus fuscus","1",1,0.69708197126549,0.692818508944959
"210","Eptesicus gobiensis","1",0,0.116192221156906,0.117224683024238
"211","Eptesicus guadeloupensis","0",0,0.00996951997460506,0.0105543943467914
"212","Eptesicus hottentotus","1",0,0.0665355550971505,0.0678851334033774
"213","Eptesicus innoxius","1",0,0.0192896180508584,0.0196533807485518
"214","Eptesicus isabellinus","1",1,0.0848454018013267,0.0743203456307448
"215","Eptesicus japonensis","1",0,0.0846409833308897,0.0843199036579109
"216","Eptesicus kobayashii",NA,0,0.0312250958822963,0.0378926875906735
"217","Eptesicus lobatus","1",0,0.0665227099611573,0.0509730262473791
"218","Eptesicus nasutus","1",0,0.033380457149029,0.0344370400386111
"219","Eptesicus nilssonii","1",0,0.0967588247656555,0.099779670451
"220","Eptesicus pachyomus","1",1,0.133683203914943,0.112873936836096
"221","Eptesicus pachyotis","0",0,0.0494530703136062,0.0495398955991404
"222","Eptesicus platyops",NA,0,0.0292451137296166,0.0301903252735624
"223","Eptesicus serotinus","1",1,0.511529145150766,0.508368744358187
"224","Eptesicus tatei",NA,0,0.0543375573173551,0.0550427233963842
"225","Erophylla bombifrons","0",0,0.0221621114246639,0.0227636084520746
"226","Erophylla sezekorni","0",0,0.029640697864902,0.0302531819635758
"227","Euderma maculatum","0",1,0.604958914578028,0.600856486485338
"228","Eudiscoderma thongareeae","1",0,0.0199898881813812,0.01743391633152
"229","Eudiscopus denticulus","0",0,0.0334789687242717,0.0338003608556377
"230","Eumops auripendulus","1",1,0.47715912371034,0.473699304240991
"231","Eumops bonariensis","1",1,0.551922336158501,0.542674519553779
"232","Eumops chiribaya","1",0,0.0302013459612293,0.0256759136132399
"233","Eumops dabbenei","1",0,0.169179535797182,0.16507590700993
"234","Eumops ferox","1",0,0.0710348349010443,0.0549348997766806
"235","Eumops floridanus","1",0,0.0856354432849806,0.0714217404346442
"236","Eumops glaucinus","1",1,0.319117752348685,0.315453759578579
"237","Eumops hansae","0",0,0.0435150514506238,0.0444717189720883
"238","Eumops maurus","1",0,0.020355209126902,0.020674918518334
"239","Eumops patagonicus","1",1,0.168040605929218,0.164915737942739
"240","Eumops perotis","1",1,0.752040398811899,0.744963950891304
"241","Eumops trumbulli","1",0,0.0751935239038684,0.0740970293154919
"242","Eumops underwoodi","0",0,0.247014023610024,0.246070197982333
"243","Eumops wilsoni","1",0,0.0473899659500706,0.0371294018132118
"244","Falsistrellus affinis","1",0,0.0698777834174347,0.071092216615495
"245","Falsistrellus mackenziei","0",0,0.021548703391788,0.0220044373242565
"246","Falsistrellus mordax",NA,0,0.0244701607346867,0.0251595531722569
"247","Falsistrellus petersi","1",0,0.0432222875720498,0.0439656044965784
"248","Falsistrellus tasmaniensis","1",0,0.0329848677867279,0.0333670359364782
"249","Furipterus horrens","0",0,0.073947891629716,0.0746976914434376
"250","Glauconycteris alboguttata","0",0,0.0406992896997152,0.0409969163771685
"251","Glauconycteris argentata","0",1,0.0880160442960748,0.0880039280008204
"252","Glauconycteris beatrix","0",0,0.0257983065056876,0.026242560871022
"253","Glauconycteris curryae",NA,0,0.0176295658678414,0.0181762466295765
"254","Glauconycteris egeria","0",0,0.0271186398369782,0.0273489450080287
"255","Glauconycteris gleni","0",0,0.0253310190546444,0.0256286533684634
"256","Glauconycteris humeralis","0",0,0.0227226701523021,0.0229917925325063
"257","Glauconycteris kenyacola","0",0,0.0205886495499197,0.0210597478462664
"258","Glauconycteris machadoi",NA,0,0.0187275293258243,0.0193836662065267
"259","Glauconycteris poensis","0",0,0.0442872268059467,0.0450230459248051
"260","Glauconycteris superba","0",0,0.0217524063430968,0.0221086061945616
"261","Glauconycteris variegata","1",0,0.111603501894795,0.111832226985829
"262","Glischropus aquilus","0",0,0.0218640094115357,0.0250588081704457
"263","Glischropus bucephalus","0",0,0.0398555428755239,0.0449534581938648
"264","Glischropus javanus","0",0,0.0200251798712223,0.0205916552055923
"265","Glischropus tylopus","0",0,0.116029882868434,0.114650404205482
"266","Glossophaga commissarisi","1",0,0.0825160990572903,0.0819070039345225
"267","Glossophaga leachii","1",0,0.0365047039552241,0.0365018383675916
"268","Glossophaga longirostris","1",0,0.0298548227213721,0.0306400130339714
"269","Glossophaga morenoi","1",0,0.0231119407030091,0.0235857076797336
"270","Glossophaga soricina","1",1,0.414268513700257,0.41331334037899
"271","Glyphonycteris behnii",NA,0,0.059558505450291,0.0608223845995173
"272","Glyphonycteris daviesi","0",0,0.0487760674989479,0.0496292018694198
"273","Glyphonycteris sylvestris","0",0,0.074827502987761,0.0750273990740596
"274","Haplonycteris fischeri","0",0,0.0195726710646472,0.0201550787679636
"275","Harpiocephalus harpia","0",0,0.107947849579125,0.107416523909446
"276","Harpiocephalus mordax","0",0,0.107947849579125,0.107416523909446
"277","Harpiola grisea",NA,0,0.0418344346793201,0.043585640238881
"278","Harpiola isodon",NA,0,0.0161035919629644,0.0187493789090758
"279","Harpyionycteris celebensis",NA,0,0.0290851137106445,0.0297953024099057
"280","Harpyionycteris whiteheadi","0",0,0.0267971795936361,0.0270509246709301
"281","Hesperoptenus blanfordi","0",0,0.0259223766194371,0.026026115082794
"282","Hesperoptenus doriae","0",0,0.017177732981544,0.0175929574584353
"283","Hesperoptenus gaskelli","0",0,0.017743368352747,0.0180574919492367
"284","Hesperoptenus tickelli","0",0,0.0377856412551532,0.0383853513536955
"285","Hesperoptenus tomesi","0",0,0.0198472472022453,0.0203005647393593
"286","Hipposideros abae","0",1,0.0813341793856,0.0811486504496684
"287","Hipposideros alongensis","0",0,0.0298032036136123,0.0333285596801684
"288","Hipposideros armiger","1",1,0.157225578923497,0.156957022951073
"289","Hipposideros ater","1",0,0.188363570459349,0.188303240801753
"290","Hipposideros beatus","1",0,0.0558314752738153,0.056260167630604
"291","Hipposideros bicolor","0",0,0.0842772032701408,0.0839367842098436
"292","Hipposideros boeadii",NA,0,0.0168223456574704,0.0194254913512318
"293","Hipposideros breviceps","0",0,0.0114819519252695,0.0120941708361331
"294","Hipposideros caffer","1",1,0.256770611551788,0.255174529623557
"295","Hipposideros calcaratus","1",0,0.0190793795441631,0.0194423457527528
"296","Hipposideros camerunensis",NA,0,0.0269043742907072,0.0270594675426434
"297","Hipposideros cervinus","1",0,0.0373352985741689,0.0382151757126407
"298","Hipposideros cineraceus","0",0,0.0847824768827845,0.0855197965697837
"299","Hipposideros commersoni","0",1,0.332787568401775,0.333934710527882
"300","Hipposideros coronatus","0",0,0.0116362024566741,0.0120793752817719
"301","Hipposideros corynophyllus","0",0,0.0178860942008711,0.0184403082599144
"302","Hipposideros coxi","0",0,0.0214280980325544,0.0218448819926179
"303","Hipposideros crumeniferus",NA,0,0.0102989701128569,0.0108156071491071
"304","Hipposideros curtus","1",0,0.0240796760693608,0.0244710352594266
"305","Hipposideros cyclops","1",0,0.0546491763256939,0.054851854976371
"306","Hipposideros demissus","0",0,0.00882821799205482,0.00928794913303224
"307","Hipposideros diadema","1",0,0.0526809741600596,0.0530976081475693
"308","Hipposideros dinops","0",0,0.0105819631419068,0.0110706499389312
"309","Hipposideros doriae",NA,0,0.0201365860141963,0.0207679417713435
"310","Hipposideros durgadasi","0",0,0.0167271987966375,0.017331265075256
"311","Hipposideros dyacorum","0",0,0.0221419662753636,0.0225772139201708
"312","Hipposideros edwardshilli","0",0,0.0154143148047925,0.0159499875546849
"313","Hipposideros einnaythu","1",0,0.022140948237506,0.0188066637870629
"314","Hipposideros fuliginosus","0",0,0.0524242232888753,0.0529416785890582
"315","Hipposideros fulvus","1",0,0.0436107343022129,0.0448834717835502
"316","Hipposideros galeritus","1",0,0.0675722672740473,0.068705619967178
"317","Hipposideros gigas","0",0,0.106067941775027,0.107727540242357
"318","Hipposideros grandis",NA,0,0.0310308557591601,0.031904575919756
"319","Hipposideros griffini","0",0,0.0182131547402512,0.020182779809593
"320","Hipposideros halophyllus","0",0,0.0244279535186799,0.0248416156172529
"321","Hipposideros hypophyllus","0",0,0.0157333233376169,0.0162627960066215
"322","Hipposideros inexpectatus","0",0,0.0222641025444453,0.0223165729555982
"323","Hipposideros inornatus","1",0,0.0184729493566525,0.0189231838428349
"324","Hipposideros jonesi","1",0,0.0554957169483297,0.0568336167212851
"325","Hipposideros khaokhouayensis",NA,0,0.022544155455504,0.0267976207989609
"326","Hipposideros lamottei","1",0,0.0289198223273928,0.0291442621360308
"327","Hipposideros lankadiva","1",0,0.065049698746852,0.0654456364234257
"328","Hipposideros larvatus","1",1,0.17644972935023,0.177086018621685
"329","Hipposideros lekaguli","0",1,0.0327416133701435,0.0326945528954815
"330","Hipposideros lylei","0",0,0.0718391496091357,0.0712272507172994
"331","Hipposideros macrobullatus","0",0,0.0110598560792793,0.0115293476045213
"332","Hipposideros madurae","0",0,0.0214764876046358,0.0220443843702251
"333","Hipposideros maggietaylorae","1",0,0.0207014727078591,0.0210937915461577
"334","Hipposideros marisae","1",0,0.024734022875485,0.0251178644603613
"335","Hipposideros megalotis","1",0,0.020575367697948,0.0211323784413522
"336","Hipposideros muscinus","0",0,0.0175969625654341,0.0179745384566104
"337","Hipposideros nequam",NA,0,0.0211509853115022,0.0218699878917313
"338","Hipposideros obscurus","1",0,0.0203026500127248,0.02063666607887
"339","Hipposideros orbiculus",NA,0,0.016153350262587,0.0167227845984166
"340","Hipposideros papua","0",0,0.0184548181752455,0.0188857772685696
"341","Hipposideros pelingensis","0",0,0.00940242116925724,0.00977558688612036
"342","Hipposideros pendelburyi","0",0,0.0304383434544936,0.0341022671299237
"343","Hipposideros pomona","1",1,0.0864497849142934,0.0875289125112372
"344","Hipposideros pratti","0",1,0.294042754138829,0.290825676710621
"345","Hipposideros pygmaeus","0",0,0.0195755693183061,0.0200364577358451
"346","Hipposideros ridleyi","1",0,0.0200892152915874,0.0202514634167996
"347","Hipposideros rotalis","0",0,0.0267923467129609,0.0270382958926215
"348","Hipposideros ruber","1",1,0.0732482786616691,0.073948523037989
"349","Hipposideros scutinares","0",0,0.0219383060321152,0.0242780842445523
"350","Hipposideros semoni","1",0,0.0252140290958986,0.0257599678342823
"351","Hipposideros sorenseni","0",0,0.0158578544000914,0.0163643954537312
"352","Hipposideros speoris","1",0,0.0684171390575944,0.0696631541584463
"353","Hipposideros stenotis","1",0,0.0188786235340485,0.019183254759733
"354","Hipposideros sumbae","1",0,0.00890426967502653,0.00918235906152239
"355","Hipposideros thomensis","1",0,0.0130318570319231,0.0129235626118357
"356","Hipposideros turpis","1",0,0.0709963782155767,0.0710854824059641
"357","Hipposideros vittatus","1",0,0.0527763309726869,0.0541925328132418
"358","Hipposideros wollastoni","0",0,0.017429719869956,0.018021883195592
"359","Histiotus alienus",NA,0,0.0691253942315628,0.0695351965786853
"360","Histiotus humboldti",NA,0,0.021153038343242,0.0245597960099918
"361","Histiotus laephotis","1",0,0.0726954979072936,0.0712976612013109
"362","Histiotus macrotus","1",1,0.4871206235742,0.48110322498577
"363","Histiotus magellanicus","0",0,0.123445601995932,0.121722957041997
"364","Histiotus montanus","1",1,0.308962297771613,0.304545279789359
"365","Histiotus velatus","1",1,0.116412421446844,0.115999515725143
"366","Hsunycteris cadenai",NA,0,0.0143569482631186,0.0167479015512092
"367","Hsunycteris pattoni",NA,0,0.014278716798891,0.0163707415194687
"368","Hsunycteris thomasi","0",0,0.0615658487772716,0.0620522937003257
"369","Hylonycteris underwoodi","1",0,0.082715233991615,0.0830841783087195
"370","Hypsignathus monstrosus","0",1,0.185393808755523,0.184281539227797
"371","Hypsugo anchietae","0",0,0.0493987474602174,0.0493976840573908
"372","Hypsugo bemainty",NA,0,0.0250591463811423,0.0298176744827751
"373","Hypsugo dolichodon","0",0,0.0184646239705958,0.0204793693280908
"374","Hypsugo lanzai",NA,0,0.0204783497089362,0.0245064002068251
"375","Ia io","0",1,0.173940346169993,0.17223683103148
"376","Idionycteris phyllotis","1",0,0.204690857937455,0.205494580921004
"377","Kerivoula africana","0",0,0.0317606799101609,0.0347521150178159
"378","Kerivoula agnella",NA,0,0.00930874084880965,0.00972178287767591
"379","Kerivoula argentata","1",0,0.0547915337800346,0.0551303981533464
"380","Kerivoula cuprosa","0",0,0.0209010115580052,0.0214155551318618
"381","Kerivoula eriophora",NA,0,0.0326341183106567,0.0330887284917158
"382","Kerivoula flora",NA,0,0.0171012850459423,0.0176185104623253
"383","Kerivoula hardwickii","1",0,0.0839685751697342,0.084777349518951
"384","Kerivoula intermedia",NA,0,0.0199067890802414,0.0204121018013603
"385","Kerivoula kachinensis",NA,0,0.0207643318903998,0.0241256080803126
"386","Kerivoula krauensis",NA,0,0.0199448972959619,0.0229371920505247
"387","Kerivoula lanosa","0",0,0.0846312997614304,0.0860115697353684
"388","Kerivoula lenis",NA,0,0.0202202333463884,0.0237003522989509
"389","Kerivoula minuta",NA,0,0.0184532229640906,0.0189978697216125
"390","Kerivoula muscina","0",0,0.0175627947603137,0.0180750895717383
"391","Kerivoula myrella",NA,0,0.00911188986107174,0.0095682460363367
"392","Kerivoula papillosa","0",0,0.0413189226270583,0.0419372325635622
"393","Kerivoula pellucida","0",0,0.0335826546451949,0.0340932177346111
"394","Kerivoula phalaena",NA,0,0.0401349984060421,0.0410963064197364
"395","Kerivoula picta","1",0,0.0825365121423872,0.0834091599602426
"396","Kerivoula smithii",NA,0,0.028107686576013,0.029252665985484
"397","Kerivoula titania",NA,0,0.0207008646888556,0.0240949272544446
"398","Kerivoula whiteheadi","0",0,0.0273522096756366,0.0274629221356369
"399","Laephotis angolensis",NA,0,0.0191686227715011,0.0198903431532099
"400","Laephotis botswanae","0",0,0.0393052582157158,0.0401049977272497
"401","Laephotis namibensis","0",0,0.0199590016463987,0.0202789513038369
"402","Laephotis wintoni","0",0,0.0595486479602598,0.0603072322449717
"403","Lampronycteris brachyotis","1",0,0.0360277987367442,0.03708487635255
"404","Lasionycteris noctivagans","1",1,0.655843360566901,0.650867671881641
"405","Lasiurus atratus","0",0,0.0210563951925131,0.023460850357972
"406","Lasiurus blossevillii","1",1,0.712685221358497,0.711074637555727
"407","Lasiurus borealis","0",1,0.56232102019257,0.556291003137242
"408","Lasiurus castaneus",NA,0,0.0193097327879887,0.0199677788277334
"409","Lasiurus cinereus","1",1,0.856298165159058,0.850445201840275
"410","Lasiurus degelidus","0",0,0.0125143475558063,0.0129832984778604
"411","Lasiurus ebenus",NA,0,0.0391416092921791,0.039897034924211
"412","Lasiurus ega","1",1,0.642029891220189,0.637984118972902
"413","Lasiurus egregius",NA,0,0.0401462126916318,0.0408457766351099
"414","Lasiurus insularis","0",0,0.0451900856890206,0.0452433531275914
"415","Lasiurus intermedius","0",1,0.556677474712233,0.55396550487622
"416","Lasiurus minor","0",0,0.025991526234361,0.0263954451516697
"417","Lasiurus pfeifferi","0",0,0.0339183211129055,0.0346857834875664
"418","Lasiurus seminolus","0",1,0.527321957503608,0.520579799265384
"419","Lasiurus varius","0",0,0.0403491861308771,0.0450351082618561
"420","Lasiurus xanthinus","0",1,0.402444345386526,0.396273118402051
"421","Latidens salimalii","0",0,0.0342438922115532,0.0343668898376776
"422","Lavia frons","1",0,0.090085220414704,0.092266770620977
"423","Leptonycteris curasoae","0",0,0.0236317369687114,0.0242583446106054
"424","Leptonycteris nivalis","1",1,0.315327091922726,0.31390746427089
"425","Leptonycteris yerbabuenae","0",0,0.133866297314297,0.135131210461172
"426","Lichonycteris obscura","0",0,0.0639416465683825,0.0650853456083716
"427","Lionycteris spurrelli","0",0,0.0464311591611636,0.0473757307860122
"428","Lonchophylla bokermanni","1",0,0.0280069763606819,0.0282138118699006
"429","Lonchophylla chocoana",NA,0,0.0163117250558982,0.0187968020391081
"430","Lonchophylla concava","1",0,0.039190909958371,0.0302242282545485
"431","Lonchophylla dekeyseri","1",0,0.0256362126804684,0.0257891481556008
"432","Lonchophylla fornicata","1",0,0.0193495183968534,0.0163677261423576
"433","Lonchophylla handleyi","0",0,0.0312649082866211,0.0315310710041145
"434","Lonchophylla hesperia","1",0,0.0263099037048209,0.0267883583399666
"435","Lonchophylla inexpectata",NA,0,0.0206857188123366,0.0248702064885135
"436","Lonchophylla mordax","0",0,0.0680240530220805,0.0685977287709479
"437","Lonchophylla orcesi",NA,0,0.0163117250558982,0.0187968020391081
"438","Lonchophylla orienticollina","0",0,0.0148196831279214,0.0163556390966566
"439","Lonchophylla peracchii",NA,0,0.0223944674823,0.0268695618205374
"440","Lonchophylla robusta","1",0,0.050575067928264,0.0504513121203529
"441","Lonchophylla thomasi","0",0,0.0615658487772716,0.0620522937003257
"442","Lonchorhina aurita","1",0,0.0889742124738747,0.0906943051028444
"443","Lonchorhina fernandezi","0",0,0.0149321681108765,0.0154840107822548
"444","Lonchorhina inusitata","0",0,0.0308639874782902,0.0316106396763465
"445","Lonchorhina marinkellei","0",0,0.0228122991209054,0.0231362365267692
"446","Lonchorhina orinocensis","0",0,0.0342967433578153,0.0351386888818233
"447","Lophostoma aequatorialis","0",0,0.0262913739800646,0.0291727473909052
"448","Lophostoma brasiliense","0",0,0.0534468623341844,0.054334219445963
"449","Lophostoma carrikeri","0",0,0.0423806655574644,0.043161881657454
"450","Lophostoma evotis","1",0,0.0254827355119563,0.0255954785153513
"451","Lophostoma kalkoae","0",0,0.0161914369135283,0.0178244262265789
"452","Lophostoma schulzi",NA,0,0.0316651901715752,0.0328270050229754
"453","Lophostoma silvicolum","0",0,0.15191555953878,0.153583709340839
"454","Lophostoma yasuni","0",0,0.0423806655574644,0.043161881657454
"455","Macroderma gigas","1",0,0.0554669765692797,0.0555068638277314
"456","Macroglossus minimus","1",0,0.0418474392850919,0.0422101143326881
"457","Macroglossus sobrinus","1",1,0.233667549923256,0.22823952791692
"458","Macrophyllum macrophyllum","1",0,0.119331318510525,0.121125698298994
"459","Macrotus californicus","1",1,0.236587856515126,0.236231693521146
"460","Macrotus waterhousii","1",0,0.0819513316323764,0.0833280244060491
"461","Megaderma lyra","1",1,0.0956501466061971,0.0988032216729108
"462","Megaderma spasma","1",0,0.108720437358449,0.111511726824824
"463","Megaerops ecaudatus",NA,0,0.103221892602481,0.106130022216985
"464","Megaerops kusnotoi","0",0,0.0188352366733308,0.0192628791559908
"465","Megaerops niphanae",NA,0,0.0349399246317818,0.0358842695704292
"466","Megaerops wetmorei","0",0,0.0160968163095554,0.0164440543857733
"467","Megaloglossus azagnyi","1",0,0.0455434480093275,0.0371234719852251
"468","Megaloglossus woermanni","1",0,0.0619427725100347,0.0625336069404848
"469","Melonycteris fardoulisi","0",0,0.00891513422525698,0.00935061061149594
"470","Melonycteris melanops","0",0,0.0119668939423621,0.0123580999635742
"471","Melonycteris woodfordi","0",0,0.0108523087168891,0.0113123670610948
"472","Mesophylla macconnelli","0",1,0.103099468111075,0.102646504289747
"473","Micronycteris brosseti","0",0,0.0213952340208042,0.021835379659228
"474","Micronycteris buriri","0",0,0.0163355061331935,0.0180205621573139
"475","Micronycteris giovanniae",NA,0,0.0155067553999448,0.0178356003483745
"476","Micronycteris hirsuta","1",0,0.037889841668886,0.038738372959514
"477","Micronycteris matses","0",0,0.0162745629791528,0.0168626442591727
"478","Micronycteris megalotis","1",0,0.0544543137312468,0.056189188947811
"479","Micronycteris microtis","1",0,0.0585183214925616,0.0598714382174118
"480","Micronycteris minuta","1",0,0.0616760884521486,0.0637265431147653
"481","Micronycteris sanborni","0",0,0.0378950084808091,0.0385409319855714
"482","Micronycteris schmidtorum","1",0,0.0473678293334492,0.0481369606753056
"483","Micronycteris yatesi",NA,0,0.0151042780255137,0.0174023813137881
"484","Micropteropus intermedius","0",0,0.0319382914470741,0.0322440273515899
"485","Micropteropus pusillus","0",1,0.143092627710196,0.143555788115988
"486","Mimetillus moloneyi","1",0,0.0732483585269281,0.0738978259423448
"487","Mimon bennettii","1",0,0.0994526562047988,0.101067536058202
"488","Mimon cozumelae","1",0,0.101265331347834,0.101515008496972
"489","Mimon crenulatum","0",0,0.0713385215776907,0.0730794364265909
"490","Mimon koepckeae",NA,0,0.0222911267962202,0.0231757746470367
"491","Miniopterus aelleni","0",0,0.231704686832652,0.248306331046435
"492","Miniopterus ambohitrensis","0",0,0.224425378472744,0.240957214194003
"493","Miniopterus australis","1",0,0.172066395814529,0.165820218884458
"494","Miniopterus brachytragos","0",0,0.247827831902651,0.265477481231613
"495","Miniopterus egeri","0",0,0.188548962883519,0.204534492751792
"496","Miniopterus fraterculus","1",0,0.30512076843165,0.2962450345014
"497","Miniopterus fuliginosus","0",1,0.637971564706981,0.640377199280571
"498","Miniopterus fuscus","1",0,0.0449393568642075,0.043826373465022
"499","Miniopterus gleni","0",1,0.284411215810846,0.277916439433631
"500","Miniopterus griffithsi","0",0,0.200488873530457,0.210395982361263
"501","Miniopterus griveaudi","0",1,0.281842235724061,0.29348236906384
"502","Miniopterus inflatus","1",1,0.167495622078045,0.166899578682217
"503","Miniopterus macrocneme","0",0,0.0679866946261495,0.0699308906320871
"504","Miniopterus maghrebensis","0",0,0.130752855383954,0.145120881853584
"505","Miniopterus magnater","0",1,0.146932408710668,0.146652948557749
"506","Miniopterus mahafaliensis","0",1,0.359015331222891,0.392046426519475
"507","Miniopterus majori","0",0,0.168148832582641,0.168794793247796
"508","Miniopterus manavi","0",1,0.538812453028116,0.53557570585737
"509","Miniopterus medius","0",0,0.0791348261635739,0.0802707321797853
"510","Miniopterus minor","0",0,0.075538135680246,0.0751302996713726
"511","Miniopterus mossambicus","1",1,0.16995883244705,0.142519460889922
"512","Miniopterus natalensis","1",1,0.323709670732436,0.28116520587896
"513","Miniopterus newtoni","0",0,0.149309222690191,0.156660454603592
"514","Miniopterus oceanensis",NA,0,0.126662963256473,0.142519460889922
"515","Miniopterus paululus","0",0,0.150508224191946,0.16833949066896
"516","Miniopterus petersoni","0",0,0.282430469071152,0.318537531311391
"517","Miniopterus pusillus","1",1,0.135626692428511,0.130103373638803
"518","Miniopterus robustior","0",0,0.0386550697405875,0.0396585516709385
"519","Miniopterus schreibersii","1",1,0.64398163098905,0.640377199280571
"520","Miniopterus shortridgei",NA,0,0.134526279620024,0.151750079089861
"521","Miniopterus sororculus","1",1,0.444380206700798,0.387619499981878
"522","Miniopterus tristis","0",0,0.0994646757530477,0.0994171238140184
"523","Mirimiri acrodonta",NA,0,0.0142271186330269,0.0151013185389145
"524","Molossops aequatorianus","0",0,0.0263623527501195,0.026668019831735
"525","Molossops mattogrossensis","0",0,0.0686498834657639,0.0691606803093876
"526","Molossops neglectus","1",1,0.131914927495477,0.130732426261796
"527","Molossops temminckii","1",0,0.133386022848632,0.132255343596628
"528","Molossus alvarezi",NA,0,0.0160248216063474,0.0184391532485445
"529","Molossus aztecus","1",0,0.0360919700267925,0.0358269856399872
"530","Molossus barnesi","1",0,0.0385629907354582,0.0390318904711382
"531","Molossus coibensis","1",0,0.0385629907354582,0.0390318904711382
"532","Molossus currentium","1",0,0.0461782039869896,0.0464103819862579
"533","Molossus molossus","1",1,0.52326078346883,0.516135215438157
"534","Molossus pretiosus","1",1,0.132421269104775,0.130052520430219
"535","Molossus rufus","1",1,0.46104543975104,0.455664781584048
"536","Molossus sinaloae","1",1,0.151466701465352,0.14817740545684
"537","Monophyllus plethodon","0",0,0.0105148813837819,0.0111462278206177
"538","Monophyllus redmani","0",0,0.0246723971319126,0.0251744015265249
"539","Mops bakarii","1",0,0.0228875163962107,0.0200600488059069
"540","Mops brachypterus","1",0,0.0459999735717968,0.0467374598184967
"541","Mops condylurus","1",1,0.230966362389372,0.231684712783275
"542","Mops congicus","0",0,0.0600340247276061,0.0602279521175061
"543","Mops demonstrator","0",0,0.0243497221495778,0.0246375521035489
"544","Mops leucostigma","1",1,0.221662140783423,0.214837947437249
"545","Mops midas","1",0,0.0935757679374787,0.0925094799428243
"546","Mops mops","0",0,0.0199223748435916,0.0204052501554157
"547","Mops nanulus","1",0,0.0490321290013623,0.0493559149778845
"548","Mops niangarae","0",0,0.0247407481826039,0.0251155311706775
"549","Mops niveiventer","1",0,0.0459206710520513,0.04625892732607
"550","Mops petersoni",NA,0,0.0190427782232397,0.0196900355926085
"551","Mops sarasinorum",NA,0,0.0219121375037986,0.0223088385683058
"552","Mops spurrelli","0",0,0.0485045358276292,0.0487589098771863
"553","Mops thersites","1",0,0.0524697230447758,0.0530223167952907
"554","Mops trevori","0",0,0.0273571213374622,0.0276515132486763
"555","Mormoops blainvillei","0",0,0.0274102055238226,0.0280866714855015
"556","Mormoops megalophylla","1",0,0.207389555638338,0.206403549077988
"557","Mormopterus acetabulosus","0",0,0.041711151885377,0.0417686967654947
"558","Mormopterus beccarii","1",0,0.041246147149601,0.0422371294739908
"559","Mormopterus doriae",NA,0,0.0211971979174625,0.0218560037649425
"560","Mormopterus eleryi","0",0,0.0374221072132688,0.0430758163265581
"561","Mormopterus francoismoutoui","1",1,0.0668586135175436,0.0521647844094881
"562","Mormopterus halli",NA,0,0.0156974988349409,0.0181227184147464
"563","Mormopterus jugularis","1",0,0.0967639047363851,0.0941869606104227
"564","Mormopterus kitcheneri","1",0,0.0270030805058942,0.0236904675332581
"565","Mormopterus loriae","0",0,0.0266889958384181,0.0274661868609154
"566","Mormopterus lumsdenae",NA,0,0.0226623748391247,0.0271406666670311
"567","Mormopterus minutus","1",0,0.0308386433146559,0.0310575940496692
"568","Mormopterus norfolkensis","1",0,0.0314878548171626,0.0315429647108847
"569","Mormopterus phrudus","0",0,0.0337820148353866,0.0350151692823678
"570","Mormopterus planiceps","1",0,0.047836088197226,0.048570697751339
"571","Mosia nigrescens","1",0,0.0439907604352213,0.0451783723002615
"572","Murina aenea","0",0,0.0176329530574041,0.0181907836701828
"573","Murina annamitica",NA,0,0.0217136343592291,0.0263446675072144
"574","Murina aurata","0",1,0.478295299731299,0.473360051005422
"575","Murina balaensis","0",0,0.0150606328453415,0.0166237747575769
"576","Murina beelzebub",NA,0,0.0162728110990086,0.0188101416655155
"577","Murina bicolor","1",0,0.0414096608878509,0.0348540896844619
"578","Murina chrysochaetes",NA,0,0.0206721631207405,0.0247681845583481
"579","Murina cineracea",NA,0,0.0208237349683486,0.0250588081704457
"580","Murina cyclotis","0",0,0.102968009129566,0.102152797463732
"581","Murina eleryi","0",0,0.0223266444665302,0.0257002796968622
"582","Murina fionae",NA,0,0.0217136343592291,0.0263446675072144
"583","Murina florium","1",0,0.0224877641176497,0.0229899176432059
"584","Murina fusca",NA,0,0.056587979757546,0.0592789053404317
"585","Murina gracilis",NA,0,0.0240888016207794,0.0291606465801591
"586","Murina guilleni",NA,0,0.0270179953504684,0.031797419980812
"587","Murina harpioloides",NA,0,0.0204783497089362,0.0245064002068251
"588","Murina harrisoni",NA,0,0.020694501480023,0.0240812791313672
"589","Murina hilgendorfi","1",0,0.238828791950198,0.239720891719753
"590","Murina huttoni","0",0,0.106803008413323,0.107414650372248
"591","Murina jaintiana",NA,0,0.0343818602233096,0.0419967454727749
"592","Murina leucogaster","1",1,0.161264343515355,0.16244356690566
"593","Murina loreliae",NA,0,0.0206721631207405,0.0247681845583481
"594","Murina peninsularis",NA,0,0.0270179953504684,0.031797419980812
"595","Murina pluvialis",NA,0,0.0270131637608171,0.0315483798807755
"596","Murina puta",NA,0,0.0175999128288489,0.0185832081747263
"597","Murina recondita",NA,0,0.0163771761719924,0.0194920142328384
"598","Murina rozendaali","0",0,0.0161437725595163,0.0166447334156356
"599","Murina ryukyuana","0",0,0.0117653052399852,0.0123705396664428
"600","Murina shuipuensis",NA,0,0.0206721631207405,0.0247681845583481
"601","Murina suilla","0",0,0.0203335633379382,0.0207428803800462
"602","Murina tenebrosa","1",0,0.0261058973596351,0.0256426492431351
"603","Murina tiensa",NA,0,0.0208237349683486,0.0250588081704457
"604","Murina tubinaris","0",0,0.165775650499472,0.165896556829899
"605","Murina ussuriensis","0",1,0.267310144211777,0.261098581501002
"606","Murina walstoni",NA,0,0.0206721631207405,0.0247681845583481
"607","Musonycteris harrisoni","1",0,0.0237784603559315,0.0241092824828555
"608","Myonycteris angolensis","1",1,0.452523594579563,0.445102045571755
"609","Myonycteris brachycephala",NA,0,0.00917593158599657,0.00978400156025327
"610","Myonycteris relicta",NA,0,0.0252675584268971,0.0259313284561745
"611","Myonycteris torquata","0",1,0.124707492488295,0.124976888157034
"612","Myopterus daubentonii","0",0,0.0362238406113339,0.0362781264892861
"613","Myopterus whitleyi","1",0,0.0422996852732237,0.0432243406661929
"614","Myotis adversus","0",1,0.122867970558835,0.121001997162277
"615","Myotis aelleni","1",0,0.193074718719922,0.191494628839515
"616","Myotis albescens","1",1,0.458356714100076,0.452420396267511
"617","Myotis alcathoe","0",0,0.0332461773609458,0.0377982055112279
"618","Myotis altarium","0",0,0.242387515345473,0.239356337076812
"619","Myotis anjouanensis",NA,0,0.0181466601604882,0.01957552651179
"620","Myotis annamiticus",NA,0,0.0195171841326889,0.0200660152814678
"621","Myotis annectans",NA,0,0.079402888204673,0.0806895580043659
"622","Myotis atacamensis","1",0,0.0230907572452664,0.0237730519056796
"623","Myotis ater","1",0,0.0199985695060482,0.0202467975318868
"624","Myotis aurascens","1",0,0.0393725596434672,0.0407869915460118
"625","Myotis auriculus","1",0,0.0814246184638437,0.0837008468332428
"626","Myotis australis",NA,0,0.0687474764990051,0.0848109908036023
"627","Myotis austroriparius","1",1,0.464107523738588,0.462154190821697
"628","Myotis badius","0",0,0.017033131031039,0.0188101416655155
"629","Myotis bechsteinii","1",0,0.100958434392617,0.103551470433823
"630","Myotis blythii","1",0,0.104006008690499,0.10701101823553
"631","Myotis bocagii","0",0,0.0917853380548222,0.0925650008183438
"632","Myotis bombinus","1",0,0.144917978947892,0.146076227049691
"633","Myotis brandtii","1",0,0.191379997483879,0.193991801377919
"634","Myotis bucharensis","0",0,0.0209780187447953,0.0231126310980239
"635","Myotis californicus","1",1,0.635720775695345,0.632929888989294
"636","Myotis capaccinii","0",0,0.0953711446297574,0.096521301171844
"637","Myotis chiloensis","1",1,0.193074718719922,0.191494628839515
"638","Myotis chinensis","0",1,0.419760387833642,0.41444443324036
"639","Myotis ciliolabrum","1",1,0.211770562299867,0.191940845577791
"640","Myotis cobanensis","1",0,0.0263369014948524,0.026407385845318
"641","Myotis csorbai","0",0,0.04613282666774,0.0459275549840932
"642","Myotis dasycneme","1",1,0.121387439087225,0.123320983912816
"643","Myotis daubentonii","1",1,0.443963422635072,0.443620562698673
"644","Myotis davidii","1",1,0.0499921705702098,0.0419373867207704
"645","Myotis dieteri","0",0,0.0178761272532533,0.0197223931509166
"646","Myotis diminutus",NA,0,0.014349321787254,0.0165024073152423
"647","Myotis dinellii","1",1,0.0450390367132984,0.0330234370370719
"648","Myotis dominicensis","0",0,0.0132359919107812,0.0140860983850908
"649","Myotis elegans",NA,0,0.11023062442117,0.110824688418895
"650","Myotis emarginatus","1",1,0.174336607869616,0.17751584200473
"651","Myotis escalerai","1",0,0.0442384241601481,0.0379427450001848
"652","Myotis evotis","1",1,0.601992781391488,0.597970746193439
"653","Myotis fimbriatus","0",0,0.103969202717874,0.102916489343141
"654","Myotis findleyi","0",0,0.02757716182389,0.0285996389701297
"655","Myotis flavus","1",0,0.210474865699035,0.213764779766798
"656","Myotis formosus","1",0,0.210474865699035,0.213764779766798
"657","Myotis fortidens","1",0,0.0516694517091644,0.0525416801598088
"658","Myotis frater","1",0,0.063108312478904,0.0487418774771116
"659","Myotis gomantongensis","0",0,0.0360536547084395,0.0363830628386687
"660","Myotis goudoti","0",0,0.087495376026716,0.0882729375444399
"661","Myotis grisescens","1",1,0.384845986734711,0.382356128147995
"662","Myotis hajastanicus","1",0,0.0393725596434672,0.0407869915460118
"663","Myotis handleyi",NA,0,0.0208237349683486,0.0250588081704457
"664","Myotis hasseltii","1",0,0.0523626776240328,0.0530503061979887
"665","Myotis hermani",NA,0,0.0119663223166863,0.0124927412927883
"666","Myotis horsfieldii","1",1,0.0723731037583182,0.0735657801569856
"667","Myotis ikonnikovi","1",0,0.0918930927007797,0.0945199125735093
"668","Myotis insularum",NA,0,0.0292403686798301,0.0303248202492786
"669","Myotis izecksohni","1",0,0.0196018167346829,0.0165602230407027
"670","Myotis keaysi","1",0,0.164658412521356,0.165228345784381
"671","Myotis keenii","1",1,0.408622322612403,0.403108544736145
"672","Myotis laniger","0",1,0.296239136206842,0.289571515778305
"673","Myotis lavali","0",0,0.0201298383932749,0.0229639667068464
"674","Myotis leibii","1",1,0.444777971260108,0.441351158362539
"675","Myotis levis","1",1,0.162134122165968,0.158525708302136
"676","Myotis longipes","1",0,0.0469385150796728,0.0471604962391954
"677","Myotis lucifugus","1",1,0.131193867662282,0.111440858186758
"678","Myotis macrodactylus","1",0,0.0853008188692784,0.0867643795379909
"679","Myotis macropus","1",0,0.0401511259076323,0.0407696242228157
"680","Myotis macrotarsus","0",0,0.0188083583899739,0.0193395849005287
"681","Myotis martiniquensis","1",0,0.0115506988173055,0.0115684181879914
"682","Myotis melanorhinus","1",0,0.501217390524129,0.501781713661077
"683","Myotis midastactus","1",0,0.0673184969169489,0.0678045785024607
"684","Myotis moluccarum","1",0,0.0422235873466266,0.0430129370767769
"685","Myotis montivagus",NA,0,0.221460064545018,0.221798249694291
"686","Myotis morrisi",NA,0,0.0271865990209087,0.0278030945554829
"687","Myotis muricola","0",0,0.252023668485014,0.25119418558904
"688","Myotis myotis","1",1,0.320707456545743,0.317699594946442
"689","Myotis mystacinus","1",1,0.0962503206208975,0.0849412370146015
"690","Myotis nattereri","1",1,0.298453077679641,0.298193285745354
"691","Myotis nesopolus","0",0,0.0243149619395525,0.024735520800498
"692","Myotis nigricans","1",1,0.325550941046394,0.326474224308106
"693","Myotis nipalensis","1",0,0.0740608338070526,0.0646445840844205
"694","Myotis occultus","1",0,0.0938669474931242,0.0826952433625477
"695","Myotis oreias",NA,0,0.0122468208500779,0.0129676395421849
"696","Myotis oxyotus","0",0,0.126652379155736,0.129117770666425
"697","Myotis peninsularis","1",0,0.0205750156035307,0.0210045971184714
"698","Myotis pequinius","1",0,0.0888065264249028,0.0893602177260766
"699","Myotis petax","1",0,0.0547999373102844,0.0561625671322485
"700","Myotis phanluongi",NA,0,0.0208237349683486,0.0250588081704457
"701","Myotis pilosus","0",1,0.496810787124852,0.485813575633787
"702","Myotis planiceps","0",0,0.0583755329910242,0.0587458913391585
"703","Myotis pruinosus","0",0,0.0950004500003276,0.0938461809751557
"704","Myotis punicus","1",0,0.0481858767375413,0.0487536557747659
"705","Myotis ridleyi","1",0,0.0199111827331942,0.0202511957212172
"706","Myotis riparius","1",1,0.305611923240726,0.303529469694952
"707","Myotis rosseti","1",0,0.0235359232474683,0.023789192875871
"708","Myotis ruber","1",0,0.0732540097248703,0.0738115675300735
"709","Myotis rufopictus","1",0,0.0322078005990607,0.025932698567818
"710","Myotis schaubi","1",0,0.0674606042788798,0.0687479630367762
"711","Myotis scotti",NA,0,0.0221406314736206,0.0228447481487841
"712","Myotis secundus","1",0,0.0278631817041117,0.0238315371842576
"713","Myotis septentrionalis","1",1,0.418321534901013,0.415368114064197
"714","Myotis sicarius",NA,0,0.0553920209942035,0.0559033706411805
"715","Myotis siligorensis","1",1,0.2091155130465,0.209355301950934
"716","Myotis simus","1",0,0.0673184969169489,0.0678045785024607
"717","Myotis sodalis","1",0,0.221596107603618,0.224846600066104
"718","Myotis soror",NA,0,0.0234438352306043,0.0276501501764058
"719","Myotis stalkeri","0",0,0.0104521808971934,0.0110764732706285
"720","Myotis thysanodes","1",1,0.684589277489451,0.679833442600702
"721","Myotis tricolor","1",0,0.060243676186854,0.0615124782056108
"722","Myotis velifer","1",1,0.300608688461327,0.300529069764528
"723","Myotis vivesi","1",0,0.0456488726461418,0.0467157100247188
"724","Myotis volans","1",1,0.545379153738745,0.541526213590254
"725","Myotis welwitschii","1",0,0.0726252000827106,0.0731756005847914
"726","Myotis yanbarensis","0",0,0.0116890367877416,0.0122858557090181
"727","Myotis yumanensis","1",1,0.679018259186435,0.674607327039847
"728","Mystacina robusta","0",0,0.0194539024932902,0.021941740658918
"729","Mystacina tuberculata","1",0,0.0247488523891432,0.0251942289181115
"730","Myzopoda aurita","0",0,0.0527955139184243,0.05296641043104
"731","Myzopoda schliemanni","0",0,0.0186797176251145,0.0208901572260962
"732","Nanonycteris veldkampii","0",0,0.0568425479814072,0.057160091975049
"733","Natalus espiritosantensis","0",0,0.0292367473748098,0.0330161112188915
"734","Natalus jamaicensis","0",0,0.00954365647965032,0.0100148526771085
"735","Natalus lanatus","1",0,0.104901543635306,0.105614520198844
"736","Natalus major","0",0,0.0169420656118466,0.0175443659463135
"737","Natalus mexicanus","1",0,0.104901543635306,0.105614520198844
"738","Natalus primus","0",0,0.0258286602410599,0.0265400834023931
"739","Natalus saturatus",NA,0,0.112469114174448,0.114078944261764
"740","Natalus stramineus","1",1,0.113882103590211,0.114078944261764
"741","Natalus tumidirostris","1",0,0.0351753381723539,0.0357858532138367
"742","Neonycteris pusilla",NA,0,0.0217478909666946,0.0222820440342241
"743","Neopteryx frosti",NA,0,0.027071913029973,0.0274659168730494
"744","Neoromicia brunnea","1",0,0.0370477139295474,0.0377758464430362
"745","Neoromicia capensis","1",1,0.228330487212967,0.228297366353704
"746","Neoromicia flavescens",NA,0,0.0467953322194604,0.0472934020322741
"747","Neoromicia guineensis",NA,0,0.0473063400169367,0.0474903240032779
"748","Neoromicia helios",NA,1,0.0953641321420406,0.0932140953519546
"749","Neoromicia malagasyensis",NA,0,0.0315782366632215,0.0376065417066526
"750","Neoromicia matroka","1",0,0.104345883956508,0.0982914592886532
"751","Neoromicia melckorum","1",0,0.024336414231881,0.0244941177280327
"752","Neoromicia nana","1",0,0.207634688141855,0.207304184736714
"753","Neoromicia rendalli","1",0,0.0570230551546013,0.0573097915809021
"754","Neoromicia robertsi",NA,0,0.0271481205659739,0.0321190390899057
"755","Neoromicia roseveari",NA,0,0.0253235984033616,0.0297143219651015
"756","Neoromicia somalica","1",0,0.0777047059484951,0.07636096117185
"757","Neoromicia tenuipinnis","1",0,0.101791187715763,0.103106211699798
"758","Neoromicia zuluensis",NA,0,0.0510836321125351,0.0527988351489331
"759","Noctilio albiventris","1",0,0.0897395029635206,0.0907132417435908
"760","Noctilio leporinus","1",0,0.253058277528429,0.25799952700468
"761","Notopteris macdonaldi","0",0,0.0163716955008409,0.0168552084012293
"762","Notopteris neocaledonica","0",0,0.0124315328740713,0.0128528700211114
"763","Nyctalus aviator","1",0,0.145320649856759,0.147658370364871
"764","Nyctalus azoreum","1",0,0.0230441678592181,0.0233527985945102
"765","Nyctalus furvus","1",0,0.064878850653026,0.0646257069292418
"766","Nyctalus lasiopterus","1",0,0.136749332595077,0.138544178551696
"767","Nyctalus leisleri","1",0,0.16220853329532,0.164775113444041
"768","Nyctalus montanus","1",0,0.0368089142907998,0.0374872780031531
"769","Nyctalus noctula","1",1,0.292614938901545,0.293273709601305
"770","Nyctalus plancyi","1",1,0.337298302065899,0.328076342541458
"771","Nycteris arge","1",0,0.0618414535892977,0.0625597504673478
"772","Nycteris aurita",NA,0,0.0245655420304855,0.0252126711274115
"773","Nycteris gambiensis","1",0,0.0533015398344772,0.0537053004217903
"774","Nycteris grandis","1",1,0.255171329523856,0.249027828426557
"775","Nycteris hispida","1",1,0.243424684650065,0.242650223404484
"776","Nycteris intermedia","1",0,0.0587997754503857,0.0594051454070564
"777","Nycteris javanica","1",0,0.0200199243323563,0.0204056888657974
"778","Nycteris macrotis","1",0,0.100671506592535,0.10078431487663
"779","Nycteris madagascariensis",NA,0,0.0477581925873418,0.0485224058891484
"780","Nycteris major","1",0,0.0579981707133831,0.0584134969960251
"781","Nycteris nana","1",0,0.0538238132949669,0.0550932741468534
"782","Nycteris parisii",NA,0,0.0172870130790495,0.0178300661097411
"783","Nycteris thebaica","1",1,0.332333989225724,0.333463342651347
"784","Nycteris tragata","1",0,0.0518870292687145,0.0521908909911704
"785","Nycteris vinsoni","0",0,0.0223327763246756,0.0228408946979712
"786","Nycteris woodi","1",0,0.0448572686703373,0.0450598249418362
"787","Nycticeinops schlieffeni","1",0,0.159986818694025,0.161193469809137
"788","Nycticeius aenobarbus",NA,0,0.0470058940529435,0.0562908412667191
"789","Nycticeius cubanus","1",0,0.0340357936789573,0.034872297212405
"790","Nycticeius humeralis","1",1,0.343448796977341,0.343359362188094
"791","Nyctiellus lepidus","1",0,0.0338031628364937,0.033987777603515
"792","Nyctimene aello","0",0,0.0329911277656086,0.033086382593693
"793","Nyctimene albiventer","0",0,0.0238891151668556,0.0242713689760049
"794","Nyctimene cephalotes","0",0,0.0290471978207205,0.0290688680800982
"795","Nyctimene certans","0",0,0.024022163771791,0.0247339869609128
"796","Nyctimene cyclotis","0",0,0.0193638983066805,0.0197257034286536
"797","Nyctimene draconilla","0",0,0.0239160009862811,0.0243779130640214
"798","Nyctimene keasti","0",0,0.00941026368709259,0.00975487535316462
"799","Nyctimene major","0",0,0.0231284328587516,0.0234414979853682
"800","Nyctimene malaitensis","0",0,0.0120677911921066,0.0124690431874973
"801","Nyctimene masalai","0",0,0.013317464396961,0.013803264875496
"802","Nyctimene minutus","0",0,0.0176646264542958,0.0179729515208618
"803","Nyctimene rabori","0",0,0.0179675506798574,0.0184108647239977
"804","Nyctimene robinsoni","0",0,0.0288437755922975,0.0291021112343996
"805","Nyctimene sanctacrucis","0",0,0.0111843539210818,0.0118260261494902
"806","Nyctimene vizcaccia","0",0,0.0114602754257059,0.0118368212786846
"807","Nyctinomops aurispinosus","1",0,0.234648457647412,0.233672212675608
"808","Nyctinomops femorosaccus","1",0,0.176023585856026,0.17632273360938
"809","Nyctinomops kalinowskii","0",0,0.0293395691796497,0.0337288332259503
"810","Nyctinomops laticaudatus","1",1,0.23330266859422,0.231808229092945
"811","Nyctinomops macrotis","1",1,0.592001885107006,0.589449750339086
"812","Nyctophilus arnhemensis","1",0,0.0318989873597262,0.0325632505847519
"813","Nyctophilus bifax","1",0,0.069979822435555,0.0699207498133211
"814","Nyctophilus corbeni","0",0,0.0495860828282439,0.0505875499500318
"815","Nyctophilus geoffroyi","1",0,0.0428293649792236,0.0436991770272401
"816","Nyctophilus gouldi","1",0,0.0541657989598189,0.0546538765687836
"817","Nyctophilus heran",NA,0,0.0127374308248339,0.0132651977649226
"818","Nyctophilus microdon","0",0,0.0218214204341079,0.0222732153593884
"819","Nyctophilus microtis","0",0,0.0181714785447859,0.0187129468311248
"820","Nyctophilus nebulosus",NA,0,0.00947725367845077,0.00992248722139543
"821","Nyctophilus sherrini","1",0,0.0210896234054897,0.0189683892070293
"822","Nyctophilus shirleyae",NA,0,0.0140060288969029,0.0160780818671928
"823","Nyctophilus timoriensis","0",0,0.0495860828282439,0.0505875499500318
"824","Nyctophilus walkeri","0",0,0.0186096833154128,0.0190428300498188
"825","Otomops formosus",NA,0,0.0252792532357853,0.0259659282894721
"826","Otomops johnstonei","0",0,0.00948226414559006,0.00995068369719271
"827","Otomops madagascariensis","0",0,0.0458533649059879,0.0472848875060405
"828","Otomops martiensseni","1",1,0.379481693065607,0.372686104736566
"829","Otomops papuensis","0",0,0.0175200927388031,0.0178941854545929
"830","Otomops secundus","0",0,0.0174560551469524,0.0179368327243848
"831","Otomops wroughtoni","0",0,0.0210118422431384,0.0215951114653395
"832","Otonycteris hemprichii","1",0,0.0957308443147633,0.0978455578966168
"833","Otopteropus cartilagonodus",NA,0,0.0238066313823892,0.0242573527083795
"834","Paracoelops megalotis","1",0,0.0294959228890526,0.0250548940936455
"835","Paranyctimene raptor","0",0,0.0219425050271037,0.0222234980854013
"836","Paranyctimene tenax","0",0,0.0201639595635783,0.0223978459534638
"837","Parastrellus hesperus","1",1,0.692985795160112,0.687748116134574
"838","Paratriaenops auritus","0",0,0.0107369882886927,0.0112193049483501
"839","Paratriaenops furculus","0",0,0.030045146726743,0.0303805877593447
"840","Paratriaenops pauliani","1",0,0.0412930480224504,0.0322469840761358
"841","Penthetor lucasi","0",0,0.0588951356339687,0.0590996053572909
"842","Peropteryx kappleri","1",0,0.0831313836902586,0.0827131585265233
"843","Peropteryx leucoptera","0",0,0.0460817221152182,0.0466756578635093
"844","Peropteryx macrotis","1",1,0.183042816515127,0.183132778752536
"845","Peropteryx pallidoptera","0",0,0.0152428137739406,0.0167875400378334
"846","Peropteryx trinitatis","1",0,0.0185280862136593,0.0189502512124113
"847","Pharotis imogene","0",0,0.0154289160868136,0.0159005285563021
"848","Philetor brachypterus","0",0,0.0618075647693044,0.0620727972436483
"849","Phoniscus aerosa",NA,0,0.033162204538139,0.0406833761401755
"850","Phoniscus atrox","0",0,0.0182074061958925,0.0186462639707471
"851","Phoniscus jagorii","0",0,0.018741007501776,0.0192667267504862
"852","Phoniscus papuensis","0",0,0.0246786111279166,0.0252504897961075
"853","Phylloderma stenops",NA,0,0.149373540080733,0.152955178012776
"854","Phyllonycteris aphylla","0",0,0.0110189766423896,0.0114868692376756
"855","Phyllonycteris poeyi","0",0,0.0235077197044078,0.0238235442069071
"856","Phyllops falcatus","1",0,0.0220725934134856,0.0225455876238812
"857","Phyllostomus discolor","0",1,0.173315507292019,0.176713136403449
"858","Phyllostomus elongatus","1",0,0.0896795965404932,0.0906626642713975
"859","Phyllostomus hastatus","1",1,0.31448106031139,0.310742510279333
"860","Phyllostomus latifolius","0",0,0.0403956367493832,0.0410589957396914
"861","Pipistrellus abramus","1",1,0.408213545298043,0.40847093009546
"862","Pipistrellus adamsi","0",0,0.0181285521314781,0.0186069034069749
"863","Pipistrellus aero",NA,0,0.0187933815950669,0.0193842552009089
"864","Pipistrellus alaschanicus","1",1,0.234927104353192,0.22399763007147
"865","Pipistrellus angulatus","1",0,0.0174940768411804,0.0180713883434162
"866","Pipistrellus anthonyi",NA,0,0.0359159556889034,0.0363681237906366
"867","Pipistrellus arabicus",NA,0,0.0167999203839026,0.0175828555451092
"868","Pipistrellus ariel","1",0,0.0185908557035576,0.0190164095699724
"869","Pipistrellus cadornae","1",0,0.0961276091465797,0.0964767325805424
"870","Pipistrellus ceylonicus","1",0,0.0536745144862788,0.0551890290122834
"871","Pipistrellus collinus","0",0,0.0207731266865358,0.021549218501382
"872","Pipistrellus coromandra","1",0,0.0741582826669007,0.0757725199786254
"873","Pipistrellus crassulus",NA,1,0.053340654488025,0.053056659038736
"874","Pipistrellus deserti","1",0,0.125671536841906,0.128859229131974
"875","Pipistrellus eisentrauti",NA,0,0.0244507347478362,0.0248001912771517
"876","Pipistrellus endoi","1",0,0.0713105486880498,0.0713078595655126
"877","Pipistrellus hanaki","1",0,0.0249122140653018,0.0219342174794417
"878","Pipistrellus hesperidus","1",0,0.0930102330748121,0.0933967858506914
"879","Pipistrellus imbricatus","0",0,0.0201560418569671,0.0205585152449721
"880","Pipistrellus inexspectatus",NA,0,0.0556221667620022,0.0565016000576056
"881","Pipistrellus javanicus","1",0,0.111829964045028,0.11286370786951
"882","Pipistrellus joffrei",NA,0,0.0372640551380893,0.0376735843924073
"883","Pipistrellus kitcheneri",NA,0,0.0156873546651784,0.0163001969114803
"884","Pipistrellus kuhlii","1",1,0.125671536841906,0.128859229131974
"885","Pipistrellus lophurus",NA,0,0.0109685636617134,0.0115385712655294
"886","Pipistrellus macrotis","1",0,0.0185728245005351,0.0189547272369983
"887","Pipistrellus maderensis","1",0,0.016092285565186,0.0164569793775564
"888","Pipistrellus minahassae",NA,0,0.0119566511429267,0.0125562483393011
"889","Pipistrellus musciculus",NA,0,0.047520456998184,0.0480356215530578
"890","Pipistrellus nanulus","1",0,0.0546123815392898,0.0547735120133056
"891","Pipistrellus nathusii","1",1,0.235482702254744,0.23442005375631
"892","Pipistrellus papuanus","1",0,0.0171182046219381,0.0174886461926487
"893","Pipistrellus paterculus","1",0,0.112758305837544,0.112967411024155
"894","Pipistrellus permixtus",NA,0,0.0248381490540413,0.0255703403481061
"895","Pipistrellus pipistrellus","1",1,0.450372887048313,0.447826006576677
"896","Pipistrellus pulveratus","1",0,0.183752538259117,0.184437448061627
"897","Pipistrellus pygmaeus","1",1,0.277084735863605,0.27251157632897
"898","Pipistrellus raceyi","1",0,0.0225354313780744,0.0190897285667386
"899","Pipistrellus rueppellii","1",0,0.154844976311604,0.159064302733745
"900","Pipistrellus rusticus","1",0,0.0552792760435409,0.0559392190771491
"901","Pipistrellus savii","1",1,0.55891950749267,0.558805982000347
"902","Pipistrellus stenopterus","1",0,0.0354174574941876,0.0361876215437836
"903","Pipistrellus subflavus","1",1,0.522671427709058,0.523038874046307
"904","Pipistrellus tenuis","1",0,0.0810609282265677,0.0822063763928502
"905","Pipistrellus vordermanni",NA,0,0.0146871676711008,0.0152347172115043
"906","Pipistrellus wattsi","1",0,0.017078105557234,0.0174148335964536
"907","Pipistrellus westralis","0",0,0.0158224427112703,0.0163544492222959
"908","Platalina genovensium","1",0,0.0418000730261168,0.0426888403251996
"909","Platymops setiger","0",0,0.0335735254348083,0.034314243056414
"910","Platyrrhinus albericoi","0",0,0.0160922946211718,0.0178941655580881
"911","Platyrrhinus angustirostris","1",0,0.0382425941759185,0.0299246571444799
"912","Platyrrhinus aurarius","0",0,0.0192156541667325,0.0197825345925702
"913","Platyrrhinus brachycephalus","0",0,0.054867912921379,0.0556086281429041
"914","Platyrrhinus chocoensis","0",0,0.0156623906194533,0.0160834640969049
"915","Platyrrhinus dorsalis","0",0,0.0757408608862748,0.0771129840807862
"916","Platyrrhinus fusciventris","1",0,0.0392042928952923,0.0306502431268451
"917","Platyrrhinus guianensis",NA,0,0.0206857188123366,0.0248702064885135
"918","Platyrrhinus helleri","1",0,0.0902217494771848,0.0912615632443845
"919","Platyrrhinus infuscus","0",0,0.0571868644375983,0.0581611060676175
"920","Platyrrhinus ismaeli","0",0,0.0394722051499872,0.0445185219230941
"921","Platyrrhinus lineatus","0",1,0.167059946433749,0.165682442759304
"922","Platyrrhinus masu","0",0,0.024251303225075,0.0275943239546917
"923","Platyrrhinus matapalensis",NA,0,0.0233882681491982,0.0273699037277025
"924","Platyrrhinus nigellus","0",0,0.0175269650895072,0.0195010085278511
"925","Platyrrhinus nitelinea",NA,0,0.0142881030382437,0.0164052385854888
"926","Platyrrhinus recifinus","0",0,0.0779072277356245,0.0781355803364985
"927","Platyrrhinus umbratus","0",0,0.0398855470244628,0.0404113163463134
"928","Platyrrhinus vittatus","0",0,0.109464737541006,0.109823234171452
"929","Plecotus auritus","1",1,0.381683576963402,0.381410398087955
"930","Plecotus austriacus","1",1,0.316603981475469,0.315304729627717
"931","Plecotus balensis",NA,0,0.0264761702568896,0.0273554552133532
"932","Plecotus christii","1",0,0.0303196223867198,0.0268345709680365
"933","Plecotus kolombatovici","1",0,0.0710896808415505,0.0649889530869076
"934","Plecotus macrobullaris","1",0,0.0804711344779823,0.0722628053313043
"935","Plecotus ognevi","1",0,0.065539555935907,0.0555088038890706
"936","Plecotus sacrimontis","1",0,0.057814038614799,0.0486819125360969
"937","Plecotus sardus","1",0,0.0250891743534403,0.0226583196211612
"938","Plecotus taivanus","0",0,0.0130856475753811,0.0136498630399281
"939","Plecotus teneriffae","1",0,0.0137737630140587,0.0142358522021846
"940","Plerotes anchietae","0",0,0.0262370777649062,0.0263977421387069
"941","Promops centralis","0",0,0.182714507709846,0.185087173236889
"942","Promops nasutus","1",0,0.148767740480229,0.14682540287436
"943","Ptenochirus jagori","0",0,0.0301299096606585,0.0305067103068613
"944","Ptenochirus minor","0",0,0.0232451447133666,0.0237041905321719
"945","Pteralopex anceps","0",0,0.0112056098809927,0.0116465384162887
"946","Pteralopex atrata","0",0,0.0107733900055265,0.0111313175244708
"947","Pteralopex flanneryi","0",0,0.0287435904822191,0.0318396181986189
"948","Pteralopex pulchra","0",0,0.0087854130644983,0.00916664687973391
"949","Pteralopex taki","0",0,0.00811274660157572,0.00849103018922321
"950","Pteronotus davyi","1",1,0.150882783813597,0.14825417324904
"951","Pteronotus gymnonotus","0",0,0.0651543469752151,0.0657184372634161
"952","Pteronotus macleayii","0",0,0.0303296508125591,0.0307822031263841
"953","Pteronotus paraguanensis","0",0,0.0299206607145403,0.0339563181525069
"954","Pteronotus parnellii","1",1,0.151473635936139,0.151406907398129
"955","Pteronotus personatus","1",0,0.0924078836020408,0.0933170096963156
"956","Pteronotus quadridens","0",0,0.0267076657895753,0.0273045679290507
"957","Pteropus admiralitatum","0",0,0.0114345996504823,0.0119207584078722
"958","Pteropus aldabrensis","0",0,0.0140462055300827,0.014869237062823
"959","Pteropus alecto","0",1,0.0870559680389717,0.0860871501938033
"960","Pteropus anetianus","0",0,0.0111060225981489,0.0115742630977907
"961","Pteropus argentatus","0",0,0.0114170136398037,0.0117808809469812
"962","Pteropus aruensis",NA,0,0.0105451171828116,0.0111998141324649
"963","Pteropus caniceps","0",0,0.0107949106275555,0.0111810981786483
"964","Pteropus capistratus","0",0,0.0131246145746792,0.013600998137045
"965","Pteropus chrysoproctus","0",0,0.0114170136398037,0.0117808809469812
"966","Pteropus cognatus","0",0,0.0102863586955119,0.0107188370023427
"967","Pteropus conspicillatus","0",1,0.0362382496042819,0.0361914814109098
"968","Pteropus dasymallus","0",0,0.0183393994876981,0.0189193709624143
"969","Pteropus faunulus","0",0,0.0116129480075623,0.0121553194436438
"970","Pteropus fundatus","0",0,0.0123330646993576,0.0129406445073487
"971","Pteropus giganteus","0",0,0.0642008274597531,0.0655372192431422
"972","Pteropus gilliardorum",NA,0,0.0114621857519956,0.0121597850618162
"973","Pteropus griseus","0",0,0.0181946434594082,0.0184178312330391
"974","Pteropus howensis","0",0,0.012512731169046,0.0131275738291042
"975","Pteropus hypomelanus","0",1,0.0458057164134648,0.0455457655680904
"976","Pteropus intermedius","0",0,0.0327193857983628,0.0329860212534464
"977","Pteropus keyensis",NA,0,0.0105112754089013,0.0111794886856571
"978","Pteropus livingstonii","0",0,0.0120466575299129,0.0126653836503233
"979","Pteropus lombocensis",NA,0,0.00958759615038955,0.0100574184908038
"980","Pteropus loochoensis",NA,0,0.0302695472874012,0.0367473929769711
"981","Pteropus lylei","0",1,0.0467787818949764,0.0464121467389367
"982","Pteropus macrotis","0",0,0.0340558453479567,0.0344112795283027
"983","Pteropus mahaganus","0",0,0.0108642716518546,0.0112502213302752
"984","Pteropus mariannus","0",0,0.0132308375567185,0.0138024411725505
"985","Pteropus melanopogon","0",0,0.0118476241095017,0.0121950872155937
"986","Pteropus melanotus","0",0,0.00956633123083378,0.0100401199697359
"987","Pteropus molossinus","0",0,0.00987567275941809,0.010369018704188
"988","Pteropus neohibernicus","0",0,0.0356691876702875,0.0360534299189592
"989","Pteropus niger","0",0,0.0131015956772616,0.0135805805176203
"990","Pteropus nitendiensis","0",0,0.0114681647732002,0.0120018406939249
"991","Pteropus ocularis",NA,0,0.0112064163008346,0.0118456575036733
"992","Pteropus ornatus","0",0,0.012955108917568,0.0132862120200011
"993","Pteropus pelagicus","0",0,0.0131659532290606,0.0138324324353329
"994","Pteropus pelewensis","0",0,0.0144874412138704,0.0151172533059323
"995","Pteropus personatus","0",0,0.0110650218552524,0.0115026471972044
"996","Pteropus pohlei","0",0,0.011780673429202,0.0121932182370549
"997","Pteropus poliocephalus","0",1,0.0881021142127453,0.0882730723907533
"998","Pteropus pselaphon","0",0,0.0131859756231133,0.0139359098111852
"999","Pteropus pumilus","0",0,0.0197704571276424,0.0200925645229582
"1000","Pteropus rayneri","0",0,0.0106480715458381,0.0110196056650824
"1001","Pteropus rennelli","0",0,0.0100491872778002,0.0105614279885071
"1002","Pteropus rodricensis","0",0,0.0113448621703041,0.0119457271802239
"1003","Pteropus rufus","0",1,0.0837670812098635,0.0828843247732262
"1004","Pteropus samoensis","0",0,0.0135430325957015,0.0140064057688968
"1005","Pteropus scapulatus","0",1,0.0706756910010812,0.0704830945641729
"1006","Pteropus seychellensis","0",0,0.0128013665233327,0.0134735009036167
"1007","Pteropus speciosus","0",0,0.0213753929170617,0.0217855983613864
"1008","Pteropus temminckii","0",0,0.00838999185994144,0.0087349752388859
"1009","Pteropus tonganus","0",0,0.0369414003197151,0.0367543789274171
"1010","Pteropus tuberculatus","0",0,0.0111036431279954,0.0117458430251494
"1011","Pteropus ualanus","0",0,0.0101836630477937,0.010628683288944
"1012","Pteropus vampyrus","0",1,0.0910978251510242,0.089842852058063
"1013","Pteropus vetulus","0",0,0.013764492754199,0.0140902892362775
"1014","Pteropus voeltzkowi","0",0,0.0116523614149856,0.0122434362243293
"1015","Pteropus woodfordi","0",0,0.0111878060051832,0.0116516779798289
"1016","Pteropus yapensis","0",0,0.0144874412138704,0.0151172533059323
"1017","Pygoderma bilabiatum","1",0,0.101736190727857,0.100925712654692
"1018","Rhinolophus acuminatus","1",0,0.0388211498713976,0.0391226657469532
"1019","Rhinolophus adami","0",0,0.0294380925835634,0.0296164823462624
"1020","Rhinolophus affinis","0",1,0.2722836271503,0.271194446628185
"1021","Rhinolophus alcyone","1",0,0.0844366574293026,0.0841537919295087
"1022","Rhinolophus arcuatus","0",0,0.0594856660562116,0.0593119369889817
"1023","Rhinolophus beddomei","1",0,0.0333332974684967,0.034148751512124
"1024","Rhinolophus blasii","1",1,0.2496674069885,0.251890858013644
"1025","Rhinolophus bocharicus","1",0,0.0587752336407544,0.0597439626584779
"1026","Rhinolophus borneensis","0",0,0.115361057633894,0.11560971550068
"1027","Rhinolophus canuti","0",0,0.0246260878194137,0.0251695200803575
"1028","Rhinolophus capensis","1",0,0.032617222763465,0.0334121890545711
"1029","Rhinolophus celebensis","0",0,0.026733073608143,0.0270857285958213
"1030","Rhinolophus chaseni","0",0,0.115361057633894,0.11560971550068
"1031","Rhinolophus clivosus","1",1,0.343641939342487,0.344162394348195
"1032","Rhinolophus coelophyllus","0",1,0.303781834360448,0.297258174281585
"1033","Rhinolophus cognatus","0",0,0.0116368095563895,0.0122272086138402
"1034","Rhinolophus cohenae","1",0,0.0491149792531381,0.042743328330311
"1035","Rhinolophus convexus",NA,0,0.0248033827695486,0.0254177093748498
"1036","Rhinolophus creaghi","0",0,0.0197877718804186,0.0205573084128777
"1037","Rhinolophus darlingi","1",0,0.109151263476861,0.110406977525996
"1038","Rhinolophus deckenii","0",0,0.0308869130723358,0.0311198799800201
"1039","Rhinolophus denti","1",0,0.0695994637469171,0.0703260405999206
"1040","Rhinolophus eloquens","1",1,0.166011563196158,0.161612399378888
"1041","Rhinolophus euryale","1",1,0.371692256311532,0.370280807282348
"1042","Rhinolophus euryotis","1",0,0.0277500886499118,0.0281074734052512
"1043","Rhinolophus ferrumequinum","1",1,0.605125456645632,0.601768121665903
"1044","Rhinolophus formosae","1",0,0.0183029370019144,0.0187552777655037
"1045","Rhinolophus francisi",NA,0,0.0199571344004381,0.0240693561213945
"1046","Rhinolophus fumigatus","1",0,0.153339084078105,0.154366138455814
"1047","Rhinolophus guineensis","1",0,0.0342351522672781,0.034562420259
"1048","Rhinolophus hildebrandtii","1",0,0.0999245528564488,0.100848617600895
"1049","Rhinolophus hilli","0",0,0.033119650766188,0.0324563545594806
"1050","Rhinolophus hillorum","1",0,0.0263794758831706,0.0266126017916492
"1051","Rhinolophus hipposideros","1",1,0.427051503599927,0.425717968202493
"1052","Rhinolophus huananus","0",0,0.0284382903059143,0.0326994913016592
"1053","Rhinolophus inops","0",0,0.0180237379957845,0.0186611343511919
"1054","Rhinolophus kahuzi","0",0,0.0280707612531642,0.0312044354425579
"1055","Rhinolophus keyensis","0",0,0.0131824920263881,0.0137584687386065
"1056","Rhinolophus landeri","1",1,0.299093436810986,0.297797052000058
"1057","Rhinolophus lepidus","1",1,0.139066204889002,0.139741461458231
"1058","Rhinolophus luctoides",NA,0,0.0199571344004381,0.0240693561213945
"1059","Rhinolophus luctus","1",0,0.250311310224927,0.249949317756189
"1060","Rhinolophus mabuensis",NA,0,0.0262782219268645,0.03090146908914
"1061","Rhinolophus maclaudi","1",0,0.0314302674061367,0.0318208118727844
"1062","Rhinolophus macrotis","1",1,0.268251708330756,0.266763455388237
"1063","Rhinolophus madurensis","0",0,0.0248550613469475,0.0255576204582432
"1064","Rhinolophus maendeleo","0",0,0.0243691752437293,0.0248222125700422
"1065","Rhinolophus malayanus","0",1,0.23357488739916,0.22994696934491
"1066","Rhinolophus marshalli","0",1,0.311185701744287,0.306848961069725
"1067","Rhinolophus megaphyllus","1",0,0.0962618472598193,0.0974476574242575
"1068","Rhinolophus mehelyi","1",1,0.367006225233733,0.363675327198295
"1069","Rhinolophus mitratus",NA,0,0.042457273742257,0.0439538582356029
"1070","Rhinolophus montanus","0",0,0.00887083314109623,0.00937176486237353
"1071","Rhinolophus mossambicus","0",0,0.0366633951908608,0.0431470389177733
"1072","Rhinolophus nereis",NA,0,0.0127695426073168,0.0134775481545732
"1073","Rhinolophus osgoodi","0",0,0.352887198421569,0.347328125307436
"1074","Rhinolophus paradoxolophus","0",0,0.0837372013163718,0.0835424448472945
"1075","Rhinolophus pearsonii","1",1,0.530356596939527,0.523610377162896
"1076","Rhinolophus philippinensis","1",0,0.0267257650595286,0.0270701312348106
"1077","Rhinolophus pusillus","1",1,0.124112548399496,0.123521796805077
"1078","Rhinolophus rex","1",1,0.326229195534345,0.316838365417051
"1079","Rhinolophus robinsoni","0",0,0.0250142204712378,0.0254881729517952
"1080","Rhinolophus rouxii","1",1,0.438097590769114,0.430684609769639
"1081","Rhinolophus rufus","0",0,0.0206631200989174,0.0212747718757347
"1082","Rhinolophus ruwenzorii","1",0,0.0236695269443703,0.0238291469912005
"1083","Rhinolophus sakejiensis","0",0,0.0203187559051606,0.0208401741818093
"1084","Rhinolophus schnitzleri","0",0,0.0240968389860612,0.0267896134145036
"1085","Rhinolophus sedulus","1",0,0.0591203871834323,0.0604000078268431
"1086","Rhinolophus shameli","0",1,0.294634399084314,0.289986785593537
"1087","Rhinolophus shortridgei",NA,0,0.0386161391642888,0.0396340506977026
"1088","Rhinolophus siamensis","0",0,0.0225460980605754,0.0253956777415945
"1089","Rhinolophus silvestris",NA,0,0.0315017342576364,0.0321195860889892
"1090","Rhinolophus simulator","1",0,0.0948445405183604,0.0950795229739483
"1091","Rhinolophus sinicus","1",1,0.344051404572347,0.341360316767831
"1092","Rhinolophus smithersi","1",0,0.054780018759163,0.0474542421775784
"1093","Rhinolophus stheno","0",1,0.436571302627292,0.431032270762684
"1094","Rhinolophus subbadius","0",0,0.0926624976442516,0.090624310274939
"1095","Rhinolophus subrufus","0",0,0.0217331522818102,0.022336455042671
"1096","Rhinolophus swinnyi","1",0,0.101407186023213,0.103017816767736
"1097","Rhinolophus thailandensis","0",0,0.0276575973634852,0.0315765270275491
"1098","Rhinolophus thomasi","0",1,0.364722809113116,0.358027064044553
"1099","Rhinolophus trifoliatus","0",0,0.104182723030959,0.104491891581176
"1100","Rhinolophus virgo","1",0,0.0250849315615454,0.025694466081208
"1101","Rhinolophus willardi","1",0,0.0381680063466228,0.0312044354425579
"1102","Rhinolophus xinanzhongguoensis","0",0,0.0145194546804435,0.016006687902328
"1103","Rhinolophus yunanensis","1",0,0.217649095708741,0.216668535736876
"1104","Rhinolophus ziama","1",0,0.0254672451845926,0.0215027870745874
"1105","Rhinonicteris aurantia","1",0,0.0344968747793366,0.0354271636385305
"1106","Rhinophylla alethina",NA,0,0.0183802374599208,0.0191754653769094
"1107","Rhinophylla fischerae",NA,0,0.045199122431229,0.0463702998277616
"1108","Rhinophylla pumilio","1",1,0.0911519635754269,0.0907289937530415
"1109","Rhinopoma hadramauticum","1",0,0.0387214683159532,0.0305415013742842
"1110","Rhinopoma hardwickii","1",0,0.0893599459306224,0.0921825652937816
"1111","Rhinopoma macinnesi","1",0,0.03413629048073,0.0347622332580242
"1112","Rhinopoma microphyllum","1",0,0.0812816431211575,0.0836232869667346
"1113","Rhinopoma muscatellum","1",0,0.041314235253486,0.0424048572542
"1114","Rhogeessa aeneus",NA,0,0.0304157277704325,0.0314192146631229
"1115","Rhogeessa alleni",NA,0,0.0256563418586302,0.0265884457572149
"1116","Rhogeessa bickhami",NA,0,0.0455045209530454,0.0556545408318998
"1117","Rhogeessa genowaysi",NA,0,0.0213835909755714,0.0219137211160248
"1118","Rhogeessa gracilis",NA,0,0.0275893887799578,0.0285683150190903
"1119","Rhogeessa hussoni",NA,0,0.015622275293722,0.0161889184051537
"1120","Rhogeessa io",NA,0,0.0619909979653163,0.0635886619985321
"1121","Rhogeessa menchuae",NA,0,0.0381758289224148,0.0449512866507491
"1122","Rhogeessa minutilla","0",0,0.0393060627753014,0.039538861593145
"1123","Rhogeessa mira",NA,0,0.0369697974156249,0.037537599375742
"1124","Rhogeessa parvula","0",0,0.0450958313241897,0.0451966258673048
"1125","Rhogeessa tumida","1",1,0.191242543907207,0.185430382715927
"1126","Rhynchonycteris naso","1",0,0.0877657975455338,0.0880203758416952
"1127","Rousettus aegyptiacus","1",1,0.542712880940265,0.533766386325703
"1128","Rousettus amplexicaudatus","1",1,0.101280617744167,0.0991648474393238
"1129","Rousettus bidens","0",0,0.0116885814334684,0.0120523842309687
"1130","Rousettus celebensis","0",0,0.0325033789813496,0.0325695313188678
"1131","Rousettus lanosus","1",0,0.19925100175545,0.196277577888069
"1132","Rousettus leschenaultii","1",1,0.114297547206044,0.114111537587407
"1133","Rousettus linduensis",NA,0,0.018640943081784,0.0213908760598676
"1134","Rousettus madagascariensis","0",1,0.0931892262111736,0.0923388390600125
"1135","Rousettus obliviosus","0",0,0.0103943281630676,0.0110534214570712
"1136","Rousettus spinalatus","0",0,0.0246450650231724,0.0250002187592248
"1137","Saccolaimus flaviventris","1",1,0.0777328809664989,0.0773390906684756
"1138","Saccolaimus mixtus","0",0,0.0245889862167221,0.0249857590870164
"1139","Saccolaimus peli","0",0,0.0993717251321487,0.0998152249347137
"1140","Saccolaimus saccolaimus","1",1,0.177019925918016,0.173162470969474
"1141","Saccopteryx antioquensis","1",0,0.0174734048620224,0.0178385400816864
"1142","Saccopteryx bilineata","1",0,0.128114147182861,0.128877320967371
"1143","Saccopteryx canescens","0",0,0.0406469694931939,0.04166970736368
"1144","Saccopteryx gymnura",NA,0,0.0204836027912738,0.0211368371535185
"1145","Saccopteryx leptura","0",0,0.0442629750798151,0.0453060411528204
"1146","Sauromys petrophilus","0",0,0.0453418291178066,0.0463579323378709
"1147","Scleronycteris ega",NA,0,0.0163787879335857,0.0169593372103283
"1148","Scoteanax rueppellii","1",0,0.0265329387715781,0.0267707509134767
"1149","Scotoecus albofuscus","0",0,0.0596642535423112,0.0595432085998578
"1150","Scotoecus hirundo","1",0,0.066028668486414,0.0668848778348364
"1151","Scotoecus pallidus","1",0,0.0606707397162476,0.0616493229841181
"1152","Scotomanes ornatus","0",0,0.158735808678957,0.158248833614876
"1153","Scotonycteris bergmansi","0",0,0.0311352917112775,0.0349729793354823
"1154","Scotonycteris occidentalis","0",0,0.0311352917112775,0.0349729793354823
"1155","Scotonycteris zenkeri","0",0,0.0404551862589944,0.0408296744885864
"1156","Scotophilus andrewreborii",NA,0,0.0173795230528548,0.0202566852537153
"1157","Scotophilus borbonicus",NA,0,0.0139881672903391,0.0146453274646882
"1158","Scotophilus celebensis",NA,0,0.0206556883399355,0.0211508939108623
"1159","Scotophilus collinus","1",0,0.0299484008646082,0.0250062520444023
"1160","Scotophilus dinganii","1",0,0.156370013285959,0.157054003604777
"1161","Scotophilus ejetai",NA,0,0.0208492606616992,0.024906927406769
"1162","Scotophilus heathii","1",0,0.0756370018537741,0.0776921122560215
"1163","Scotophilus kuhlii","1",1,0.0600756928694568,0.0516615687997678
"1164","Scotophilus leucogaster","1",0,0.244686699120824,0.245333308465742
"1165","Scotophilus livingstonii",NA,0,0.0208492606616992,0.024906927406769
"1166","Scotophilus marovaza","1",0,0.0219025185655574,0.018640221956666
"1167","Scotophilus nigrita","1",1,0.341755752353604,0.338503379725904
"1168","Scotophilus nucella",NA,0,0.0596396050238291,0.0605912059966505
"1169","Scotophilus nux",NA,0,0.0486919723055316,0.0495493805362565
"1170","Scotophilus robustus","1",0,0.0936122938549817,0.0887590091306568
"1171","Scotophilus tandrefana",NA,0,0.0155739505015881,0.0179617387138321
"1172","Scotophilus trujilloi",NA,0,0.0160097504214179,0.0185684761477047
"1173","Scotophilus viridis","0",0,0.0912085440709104,0.0910026347973598
"1174","Scotorepens balstoni","1",0,0.0331202704135656,0.0337170004183921
"1175","Scotorepens greyii","1",0,0.0417729464973648,0.0425683510690491
"1176","Scotorepens orion","1",0,0.0242651886053508,0.0245602382096805
"1177","Scotorepens sanborni","1",0,0.0348206678549757,0.0358309176454281
"1178","Scotozous dormeri","1",0,0.0444241292445709,0.0457841338667116
"1179","Sphaerias blanfordi",NA,0,0.0441286094784917,0.0454898448322286
"1180","Sphaeronycteris toxophyllum","0",0,0.034625827232962,0.0352861006706769
"1181","Stenoderma rufum","0",0,0.01092678561243,0.0114275786278289
"1182","Sturnira angeli",NA,0,0.0138548089082945,0.0147432442262188
"1183","Sturnira aratathomasi",NA,0,0.0327643174213163,0.034272095686533
"1184","Sturnira bakeri",NA,0,0.0145903249949845,0.0169848579993203
"1185","Sturnira bidens","0",0,0.0453140398527996,0.045706405377497
"1186","Sturnira bogotensis",NA,0,0.0573397685614051,0.0590887009285257
"1187","Sturnira burtonlimi",NA,0,0.0143494932363123,0.0164678452837213
"1188","Sturnira erythromos","0",0,0.0763776374846991,0.0766906059130088
"1189","Sturnira hondurensis","0",0,0.0263723568230314,0.0298958772148532
"1190","Sturnira koopmanhilli",NA,0,0.0140891391208415,0.0161940509545177
"1191","Sturnira lilium","1",1,0.453403980485113,0.447986011601932
"1192","Sturnira ludovici","1",0,0.0945977265856036,0.0940837744483411
"1193","Sturnira luisi",NA,0,0.0289788525883787,0.0300518215441342
"1194","Sturnira magna",NA,0,0.0705464473916681,0.0717150854333875
"1195","Sturnira mistratensis",NA,0,0.0152408462108401,0.0158058375438854
"1196","Sturnira mordax",NA,0,0.0202994798666487,0.0212289195825015
"1197","Sturnira nana",NA,0,0.0233242297067261,0.0238694588824022
"1198","Sturnira oporaphilum",NA,0,0.0500551905507972,0.0514688727207152
"1199","Sturnira parvidens","0",1,0.0429480679987127,0.048833010839604
"1200","Sturnira paulsoni",NA,0,0.033127955259493,0.038619483134524
"1201","Sturnira perla",NA,0,0.0145187431045164,0.0167096166059647
"1202","Sturnira sorianoi",NA,0,0.0205794802900749,0.0245496279842855
"1203","Sturnira tildae","0",0,0.0850872516721334,0.0862871667564949
"1204","Styloctenium mindorensis",NA,0,0.01531143007751,0.0177263667707072
"1205","Styloctenium wallacei",NA,0,0.0259530916695773,0.0267610312071901
"1206","Submyotodon latirostris","1",1,0.204683705945469,0.173564889981904
"1207","Syconycteris australis","0",0,0.070490686244465,0.071239562734071
"1208","Syconycteris carolinae",NA,0,0.0097310808752838,0.0102064235177763
"1209","Syconycteris hobbit",NA,0,0.0165867470064871,0.0170849590869586
"1210","Tadarida aegyptiaca","1",0,0.121099074862305,0.122779572946138
"1211","Tadarida australis","1",0,0.0545325352615158,0.0563011037804093
"1212","Tadarida brasiliensis","1",1,0.704228064895973,0.698082053969541
"1213","Tadarida fulminans","0",0,0.10309349961628,0.104031502250698
"1214","Tadarida insignis","1",1,0.527891554659688,0.522027534923775
"1215","Tadarida jobimena","0",0,0.0231398780823632,0.0266002765776878
"1216","Tadarida kuboriensis","0",0,0.0186939727806799,0.0193683162177612
"1217","Tadarida latouchei","0",0,0.10399156230599,0.103788972522521
"1218","Tadarida lobata","0",0,0.0245147558552528,0.0250976357038588
"1219","Tadarida teniotis","1",1,0.588714225471834,0.58782454693232
"1220","Tadarida ventralis","1",0,0.072656351760069,0.072595222364032
"1221","Taphozous achates","0",0,0.00865661617494787,0.009133120275521
"1222","Taphozous australis","1",0,0.0273646737165087,0.0277784839494989
"1223","Taphozous georgianus","1",0,0.047600169778199,0.0482938903276318
"1224","Taphozous hamiltoni","0",0,0.0428190552498008,0.0432685622830556
"1225","Taphozous hildegardeae","0",0,0.0305629702414185,0.0309912625406986
"1226","Taphozous hilli","1",0,0.0355919282750466,0.0366525522467162
"1227","Taphozous kapalgensis","0",0,0.0190894802021884,0.0196114724064602
"1228","Taphozous longimanus","1",0,0.119120873025386,0.119427996018137
"1229","Taphozous mauritianus","1",0,0.342602981613576,0.337555454111014
"1230","Taphozous melanopogon","1",1,0.150047477921811,0.151048121135441
"1231","Taphozous nudiventris","1",0,0.138643285674094,0.13960494520711
"1232","Taphozous perforatus","1",1,0.100398965025584,0.100835578233132
"1233","Taphozous theobaldi","0",0,0.0687791760305634,0.0692833199801234
"1234","Taphozous troughtoni","1",0,0.0208811187011452,0.0210092703686688
"1235","Thoopterus nigrescens",NA,0,0.0249639105618222,0.0259750367402946
"1236","Thoopterus suhaniahae",NA,0,0.0282943670046017,0.0343700887841234
"1237","Thyroptera devivoi","0",0,0.0234418630844045,0.0257647951917795
"1238","Thyroptera discifera","0",0,0.0395456802184456,0.0406188887142258
"1239","Thyroptera lavali","0",0,0.0301624531844965,0.0308437864901469
"1240","Thyroptera tricolor","0",0,0.07491325393114,0.0760708626369767
"1241","Thyroptera wynneae","0",0,0.0152711408511882,0.0168078961311718
"1242","Tomopeas ravus","0",0,0.0190851209117512,0.0195237993164688
"1243","Tonatia bidens","1",0,0.133114764341885,0.130798524086529
"1244","Tonatia saurophila","0",0,0.0488540686134587,0.0496337526512742
"1245","Trachops cirrhosus","1",1,0.288006423807451,0.286924394888567
"1246","Triaenops afer","1",1,0.0534739385343341,0.0438127305587629
"1247","Triaenops menamena","1",1,0.120034821408272,0.112419538716217
"1248","Triaenops parvus","0",0,0.0321147197547587,0.0358157859414521
"1249","Triaenops persicus","1",1,0.131105283123919,0.130251857506429
"1250","Triaenops rufus","1",0,0.131105283123919,0.130251857506429
"1251","Trinycteris nicefori","1",0,0.0365088796408295,0.037430026878549
"1252","Tylonycteris pachypus","0",1,0.0916420119098696,0.0913284784710067
"1253","Tylonycteris pygmaeus","0",0,0.0217045694559544,0.0247681845583481
"1254","Tylonycteris robustula","0",1,0.128179417920716,0.125290718583085
"1255","Uroderma bakeri","0",0,0.0217153299105746,0.0248702064885135
"1256","Uroderma bilobatum","0",1,0.115380517340632,0.116171644434342
"1257","Uroderma magnirostrum","0",0,0.0619760207417931,0.0628062433476948
"1258","Vampyressa bidens","0",0,0.0474281223244059,0.0483279891888855
"1259","Vampyressa brocki",NA,0,0.0346174586275632,0.0356655320931588
"1260","Vampyressa elisabethae",NA,0,0.0206857188123366,0.0248702064885135
"1261","Vampyressa melissa",NA,0,0.0205945609884976,0.0213632003376339
"1262","Vampyressa nymphaea","0",0,0.0191883167882719,0.0197136499153202
"1263","Vampyressa pusilla","0",0,0.0407214047606335,0.0471626618810933
"1264","Vampyressa sinchi",NA,0,0.0206857188123366,0.0248702064885135
"1265","Vampyressa thyone","0",0,0.0249977882204009,0.0283317398618523
"1266","Vampyrodes caraccioli","0",0,0.0874357233645628,0.0881560327931951
"1267","Vampyrum spectrum","1",0,0.0996016083445546,0.0988142373223354
"1268","Vespadelus baverstocki","1",0,0.0315818979138436,0.0325320229371837
"1269","Vespadelus caurinus","1",0,0.028285247375214,0.0290657635859821
"1270","Vespadelus darlingtoni","1",0,0.0375407577668724,0.0381223396452013
"1271","Vespadelus douglasorum","1",0,0.0178745326295223,0.0181098637872301
"1272","Vespadelus finlaysoni","1",0,0.0301618424365988,0.0313860827837559
"1273","Vespadelus pumilus","0",0,0.0200744735875755,0.0204874334516068
"1274","Vespadelus regulus","1",0,0.0643614721083423,0.0652078040553415
"1275","Vespadelus troughtoni","1",0,0.0384772885807286,0.0393222880663029
"1276","Vespadelus vulturnus","1",0,0.0543679068218053,0.05534661158868
"1277","Vespertilio murinus","1",1,0.276546448828527,0.278349085381114
"1278","Vespertilio sinensis","1",1,0.348626181045054,0.349577165491014
"1279","Xeronycteris vieirai","0",0,0.0185571547671767,0.0205566310253474
